{
  "test_loss": 1.3066488027572631,
  "test_bce_loss": 0.5377444177865982,
  "test_dice_loss": 0.6224258303642273,
  "test_topology_loss": 0.0,
  "test_dice": 0.7045900659066417,
  "test_iou": 0.5439128166017813,
  "test_precision": 0.8346315485243502,
  "test_recall": 0.6096087262710451,
  "test_specificity": 0.9881684696028569,
  "test_accuracy": 0.9543945626370248,
  "test_balanced_accuracy": 0.798888597936951,
  "dice": 0.7045900659066417,
  "iou": 0.5439128166017813,
  "precision": 0.8346315485243502,
  "recall": 0.6096087262710451,
  "specificity": 0.9881684696028569,
  "balanced_accuracy": 0.798888597936951,
  "run_dir": "C:\\sasha\\anza_lira\\results\\quick_arch_fix_20260424\\drive_recall_probe_localgeom_s42_e12\\az_thesis_seed42",
  "variant": "az_thesis",
  "dataset": "drive",
  "split": "test",
  "eval_tta": "none",
  "selected_threshold": 0.9
}