{
  "test_loss": 1.3066554069519043,
  "test_bce_loss": 0.5377480536699295,
  "test_dice_loss": 0.6224284946918488,
  "test_topology_loss": 0.0,
  "test_dice": 0.7296711516371205,
  "test_iou": 0.5743954823803923,
  "test_precision": 0.7516626091359615,
  "test_recall": 0.7089299278636155,
  "test_specificity": 0.9770567803287947,
  "test_accuracy": 0.9531353477683786,
  "test_balanced_accuracy": 0.8429933540962051,
  "dice": 0.7296711516371205,
  "iou": 0.5743954823803923,
  "precision": 0.7516626091359615,
  "recall": 0.7089299278636155,
  "specificity": 0.9770567803287947,
  "balanced_accuracy": 0.8429933540962051,
  "run_dir": "C:\\sasha\\anza_lira\\results\\quick_arch_fix_20260424\\drive_recall_probe_localgeom_s42_e12\\az_thesis_seed42",
  "variant": "az_thesis",
  "dataset": "drive",
  "split": "test",
  "eval_tta": "none",
  "selected_threshold": 0.8
}