{
  "test_loss": 1.3066265106201171,
  "test_bce_loss": 0.5377368748188018,
  "test_dice_loss": 0.6224128484725953,
  "test_topology_loss": 0.0,
  "test_dice": 0.7287010882227419,
  "test_iou": 0.5731941414187413,
  "test_precision": 0.7164081034854666,
  "test_recall": 0.7414233137751307,
  "test_specificity": 0.9712504235231944,
  "test_accuracy": 0.9507459732756847,
  "test_balanced_accuracy": 0.8563368686491626,
  "dice": 0.7287010882227419,
  "iou": 0.5731941414187413,
  "precision": 0.7164081034854666,
  "recall": 0.7414233137751307,
  "specificity": 0.9712504235231944,
  "balanced_accuracy": 0.8563368686491626,
  "run_dir": "C:\\sasha\\anza_lira\\results\\quick_arch_fix_20260424\\drive_recall_probe_localgeom_s42_e12\\az_thesis_seed42",
  "variant": "az_thesis",
  "dataset": "drive",
  "split": "test",
  "eval_tta": "none",
  "selected_threshold": 0.75
}