{
  "test_loss": 0.6182371079921722,
  "test_bce_loss": 0.28618496656417847,
  "test_dice_loss": 0.31962719559669495,
  "test_topology_loss": 0.24849861860275269,
  "test_axis_loss": 0.0,
  "test_dice": 0.80365647694647,
  "test_iou": 0.6717606284984455,
  "test_precision": 0.7782748074123929,
  "test_recall": 0.8307494893416583,
  "test_specificity": 0.9659363881239074,
  "test_accuracy": 0.9489275241348261,
  "test_balanced_accuracy": 0.8983429387327828,
  "test_cldice": 0.807569881625602,
  "test_skeleton_precision": 0.8420293012363592,
  "test_skeleton_recall": 0.7758200248637813,
  "dice": 0.80365647694647,
  "iou": 0.6717606284984455,
  "precision": 0.7782748074123929,
  "recall": 0.8307494893416583,
  "specificity": 0.9659363881239074,
  "balanced_accuracy": 0.8983429387327828,
  "run_dir": "C:\\Users\\Comp1\\SASHA\\anza_lira\\results\\az_training_fix_drive_e80_20260430_184425\\az_thesis_seed42",
  "variant": "az_thesis",
  "dataset": "drive",
  "split": "test",
  "eval_tta": "flips",
  "selected_threshold": 0.75
}