{
  "test_loss": 0.6223614811897278,
  "test_bce_loss": 0.28893235325813293,
  "test_dice_loss": 0.32093968987464905,
  "test_topology_loss": 0.24978876113891602,
  "test_axis_loss": 0.0,
  "test_dice": 0.7865502022980386,
  "test_iou": 0.6481934430148071,
  "test_precision": 0.881308563072103,
  "test_recall": 0.7101904712023857,
  "test_specificity": 0.9862340945182626,
  "test_accuracy": 0.9515030038110515,
  "test_balanced_accuracy": 0.8482122828603241,
  "test_cldice": 0.7709160472493882,
  "test_skeleton_precision": 0.9113239364918033,
  "test_skeleton_recall": 0.6679975136273147,
  "dice": 0.7865502022980386,
  "iou": 0.6481934430148071,
  "precision": 0.881308563072103,
  "recall": 0.7101904712023857,
  "specificity": 0.9862340945182626,
  "balanced_accuracy": 0.8482122828603241,
  "run_dir": "C:\\Users\\Comp1\\SASHA\\anza_lira\\results\\az_training_fix_drive_e80_20260430_184425\\az_thesis_seed42",
  "variant": "az_thesis",
  "dataset": "drive",
  "split": "test",
  "eval_tta": "d4",
  "selected_threshold": 0.9
}