{
  "test_loss": 0.6223614811897278,
  "test_bce_loss": 0.28893232345581055,
  "test_dice_loss": 0.32093968987464905,
  "test_topology_loss": 0.24978885054588318,
  "test_axis_loss": 0.0,
  "test_dice": 0.8025371317049242,
  "test_iou": 0.6701979267612492,
  "test_precision": 0.8082749705603881,
  "test_recall": 0.7968801829641058,
  "test_specificity": 0.9727948419000144,
  "test_accuracy": 0.9506617170596704,
  "test_balanced_accuracy": 0.8848375124320601,
  "test_cldice": 0.7988114161476164,
  "test_skeleton_precision": 0.8633722602543108,
  "test_skeleton_recall": 0.7432341971885477,
  "dice": 0.8025371317049242,
  "iou": 0.6701979267612492,
  "precision": 0.8082749705603881,
  "recall": 0.7968801829641058,
  "specificity": 0.9727948419000144,
  "balanced_accuracy": 0.8848375124320601,
  "run_dir": "C:\\Users\\Comp1\\SASHA\\anza_lira\\results\\az_training_fix_drive_e80_20260430_184425\\az_thesis_seed42",
  "variant": "az_thesis",
  "dataset": "drive",
  "split": "test",
  "eval_tta": "d4",
  "selected_threshold": 0.8
}