{
  "test_loss": 0.8616396188735962,
  "test_bce_loss": 0.30800510942935944,
  "test_dice_loss": 0.32755669951438904,
  "test_topology_loss": 0.267372190952301,
  "test_axis_loss": 0.0,
  "test_dice": 0.7908229561451096,
  "test_iou": 0.6540175073320605,
  "test_precision": 0.8184288675968119,
  "test_recall": 0.7650185932017175,
  "test_specificity": 0.9755726475968404,
  "test_accuracy": 0.9490812841154963,
  "test_balanced_accuracy": 0.8702956203992789,
  "test_cldice": 0.7824535215846863,
  "test_skeleton_precision": 0.8618409503189591,
  "test_skeleton_recall": 0.7164578751076512,
  "dice": 0.7908229561451096,
  "iou": 0.6540175073320605,
  "precision": 0.8184288675968119,
  "recall": 0.7650185932017175,
  "specificity": 0.9755726475968404,
  "balanced_accuracy": 0.8702956203992789,
  "run_dir": "C:\\Users\\Comp1\\SASHA\\anza_lira\\results\\az_training_fix_drive_e80_20260430_184425\\az_thesis_seed42",
  "variant": "az_thesis",
  "dataset": "drive",
  "split": "test",
  "eval_tta": "none",
  "selected_threshold": 0.85
}