{
  "test_loss": 0.6182372868061066,
  "test_bce_loss": 0.28618505597114563,
  "test_dice_loss": 0.3196272850036621,
  "test_topology_loss": 0.24849915504455566,
  "test_axis_loss": 0.0,
  "test_dice": 0.7903480099980874,
  "test_iou": 0.6533680897733689,
  "test_precision": 0.8794420316210736,
  "test_recall": 0.7176452102865171,
  "test_specificity": 0.9858408547249082,
  "test_accuracy": 0.9520971763077841,
  "test_balanced_accuracy": 0.8517430325057127,
  "test_cldice": 0.7752376182392596,
  "test_skeleton_precision": 0.910781611380442,
  "test_skeleton_recall": 0.6748111312996857,
  "dice": 0.7903480099980874,
  "iou": 0.6533680897733689,
  "precision": 0.8794420316210736,
  "recall": 0.7176452102865171,
  "specificity": 0.9858408547249082,
  "balanced_accuracy": 0.8517430325057127,
  "run_dir": "C:\\Users\\Comp1\\SASHA\\anza_lira\\results\\az_training_fix_drive_e80_20260430_184425\\az_thesis_seed42",
  "variant": "az_thesis",
  "dataset": "drive",
  "split": "test",
  "eval_tta": "flips",
  "selected_threshold": 0.9
}