{
  "test_loss": 0.6223616003990173,
  "test_bce_loss": 0.28893235325813293,
  "test_dice_loss": 0.3209397792816162,
  "test_topology_loss": 0.24978893995285034,
  "test_axis_loss": 0.0,
  "test_dice": 0.8004083202109441,
  "test_iou": 0.6672339711056585,
  "test_precision": 0.8414695181813084,
  "test_recall": 0.7631680022346966,
  "test_specificity": 0.9793065410979559,
  "test_accuracy": 0.9521125523058511,
  "test_balanced_accuracy": 0.8712372716663263,
  "test_cldice": 0.7900708087281135,
  "test_skeleton_precision": 0.8850991196023583,
  "test_skeleton_recall": 0.7134694463039798,
  "dice": 0.8004083202109441,
  "iou": 0.6672339711056585,
  "precision": 0.8414695181813084,
  "recall": 0.7631680022346966,
  "specificity": 0.9793065410979559,
  "balanced_accuracy": 0.8712372716663263,
  "run_dir": "C:\\Users\\Comp1\\SASHA\\anza_lira\\results\\az_training_fix_drive_e80_20260430_184425\\az_thesis_seed42",
  "variant": "az_thesis",
  "dataset": "drive",
  "split": "test",
  "eval_tta": "d4",
  "selected_threshold": 0.85
}