{
  "test_loss": 0.8616390228271484,
  "test_bce_loss": 0.30800481140613556,
  "test_dice_loss": 0.3275565207004547,
  "test_topology_loss": 0.2673724293708801,
  "test_axis_loss": 0.0,
  "test_dice": 0.7788820468757565,
  "test_iou": 0.6378434162588433,
  "test_precision": 0.8593940926136752,
  "test_recall": 0.7121632710068514,
  "test_specificity": 0.9832301445313287,
  "test_accuracy": 0.9491252155385449,
  "test_balanced_accuracy": 0.84769670776909,
  "test_cldice": 0.7641964088155766,
  "test_skeleton_precision": 0.89008795458802,
  "test_skeleton_recall": 0.6695036817443653,
  "dice": 0.7788820468757565,
  "iou": 0.6378434162588433,
  "precision": 0.8593940926136752,
  "recall": 0.7121632710068514,
  "specificity": 0.9832301445313287,
  "balanced_accuracy": 0.84769670776909,
  "run_dir": "C:\\Users\\Comp1\\SASHA\\anza_lira\\results\\az_training_fix_drive_e80_20260430_184425\\az_thesis_seed42",
  "variant": "az_thesis",
  "dataset": "drive",
  "split": "test",
  "eval_tta": "none",
  "selected_threshold": 0.9
}