{
  "test_loss": 0.6223617494106293,
  "test_bce_loss": 0.2889325022697449,
  "test_dice_loss": 0.3209398090839386,
  "test_topology_loss": 0.24978917837142944,
  "test_axis_loss": 0.0,
  "test_dice": 0.801282133034064,
  "test_iou": 0.6684493116484499,
  "test_precision": 0.7809736896623343,
  "test_recall": 0.8226749768676284,
  "test_specificity": 0.9667932237119831,
  "test_accuracy": 0.9486606407398057,
  "test_balanced_accuracy": 0.8947341002898057,
  "test_cldice": 0.804361584254589,
  "test_skeleton_precision": 0.8458132713487616,
  "test_skeleton_recall": 0.7667830161614788,
  "dice": 0.801282133034064,
  "iou": 0.6684493116484499,
  "precision": 0.7809736896623343,
  "recall": 0.8226749768676284,
  "specificity": 0.9667932237119831,
  "balanced_accuracy": 0.8947341002898057,
  "run_dir": "C:\\Users\\Comp1\\SASHA\\anza_lira\\results\\az_training_fix_drive_e80_20260430_184425\\az_thesis_seed42",
  "variant": "az_thesis",
  "dataset": "drive",
  "split": "test",
  "eval_tta": "d4",
  "selected_threshold": 0.75
}