{
  "test_loss": 0.8616395592689514,
  "test_bce_loss": 0.3080052584409714,
  "test_dice_loss": 0.3275565803050995,
  "test_topology_loss": 0.26737329363822937,
  "test_axis_loss": 0.0,
  "test_dice": 0.7900188402763328,
  "test_iou": 0.6529182987086923,
  "test_precision": 0.759083448653191,
  "test_recall": 0.8235828139457896,
  "test_specificity": 0.9623796409833764,
  "test_accuracy": 0.944916585210487,
  "test_balanced_accuracy": 0.892981227464583,
  "test_cldice": 0.7934399214065622,
  "test_skeleton_precision": 0.8180700018717565,
  "test_skeleton_recall": 0.7702495935737377,
  "dice": 0.7900188402763328,
  "iou": 0.6529182987086923,
  "precision": 0.759083448653191,
  "recall": 0.8235828139457896,
  "specificity": 0.9623796409833764,
  "balanced_accuracy": 0.892981227464583,
  "run_dir": "C:\\Users\\Comp1\\SASHA\\anza_lira\\results\\az_training_fix_drive_e80_20260430_184425\\az_thesis_seed42",
  "variant": "az_thesis",
  "dataset": "drive",
  "split": "test",
  "eval_tta": "none",
  "selected_threshold": 0.75
}