{
  "test_loss": 0.6182369887828827,
  "test_bce_loss": 0.2861849516630173,
  "test_dice_loss": 0.31962713599205017,
  "test_topology_loss": 0.2484985888004303,
  "test_axis_loss": 0.0,
  "test_dice": 0.8027999781536255,
  "test_iou": 0.6705646203677201,
  "test_precision": 0.8386808421613345,
  "test_recall": 0.7698633006861354,
  "test_specificity": 0.9786871570144936,
  "test_accuracy": 0.9524134825537341,
  "test_balanced_accuracy": 0.8742752288503145,
  "test_cldice": 0.7939516517603029,
  "test_skeleton_precision": 0.8833273957962584,
  "test_skeleton_recall": 0.7210002868892319,
  "dice": 0.8027999781536255,
  "iou": 0.6705646203677201,
  "precision": 0.8386808421613345,
  "recall": 0.7698633006861354,
  "specificity": 0.9786871570144936,
  "balanced_accuracy": 0.8742752288503145,
  "run_dir": "C:\\Users\\Comp1\\SASHA\\anza_lira\\results\\az_training_fix_drive_e80_20260430_184425\\az_thesis_seed42",
  "variant": "az_thesis",
  "dataset": "drive",
  "split": "test",
  "eval_tta": "flips",
  "selected_threshold": 0.85
}