{
  "test_loss": 0.8616395890712738,
  "test_bce_loss": 0.3080049604177475,
  "test_dice_loss": 0.32755690813064575,
  "test_topology_loss": 0.2673729956150055,
  "test_axis_loss": 0.0,
  "test_dice": 0.792153126623948,
  "test_iou": 0.6558390339744111,
  "test_precision": 0.7860126158024281,
  "test_recall": 0.7983903350268162,
  "test_specificity": 0.9687167065350678,
  "test_accuracy": 0.9472866854839601,
  "test_balanced_accuracy": 0.883553520780942,
  "test_cldice": 0.78840127502766,
  "test_skeleton_precision": 0.8362641656897684,
  "test_skeleton_recall": 0.7457205699532024,
  "dice": 0.792153126623948,
  "iou": 0.6558390339744111,
  "precision": 0.7860126158024281,
  "recall": 0.7983903350268162,
  "specificity": 0.9687167065350678,
  "balanced_accuracy": 0.883553520780942,
  "run_dir": "C:\\Users\\Comp1\\SASHA\\anza_lira\\results\\az_training_fix_drive_e80_20260430_184425\\az_thesis_seed42",
  "variant": "az_thesis",
  "dataset": "drive",
  "split": "test",
  "eval_tta": "none",
  "selected_threshold": 0.8
}