{
  "test_loss": 0.6182369887828827,
  "test_bce_loss": 0.28618496656417847,
  "test_dice_loss": 0.3196270763874054,
  "test_topology_loss": 0.24849861860275269,
  "test_axis_loss": 0.0,
  "test_dice": 0.8054405367157693,
  "test_iou": 0.6742573823000545,
  "test_precision": 0.806031995803846,
  "test_recall": 0.8048499450060402,
  "test_specificity": 0.9721239471726942,
  "test_accuracy": 0.951077967293056,
  "test_balanced_accuracy": 0.8884869460893672,
  "test_cldice": 0.8028362236100798,
  "test_skeleton_precision": 0.8610331831449288,
  "test_skeleton_recall": 0.7520082241561271,
  "dice": 0.8054405367157693,
  "iou": 0.6742573823000545,
  "precision": 0.806031995803846,
  "recall": 0.8048499450060402,
  "specificity": 0.9721239471726942,
  "balanced_accuracy": 0.8884869460893672,
  "run_dir": "C:\\Users\\Comp1\\SASHA\\anza_lira\\results\\az_training_fix_drive_e80_20260430_184425\\az_thesis_seed42",
  "variant": "az_thesis",
  "dataset": "drive",
  "split": "test",
  "eval_tta": "flips",
  "selected_threshold": 0.8
}