{
  "test_loss": 0.6182373762130737,
  "test_bce_loss": 0.2861851304769516,
  "test_dice_loss": 0.3196272850036621,
  "test_topology_loss": 0.2484990954399109,
  "test_axis_loss": 0.0,
  "test_dice": 0.8054387183283844,
  "test_iou": 0.6742548337087434,
  "test_precision": 0.8060195991013606,
  "test_recall": 0.8048586742087148,
  "test_specificity": 0.9721214344583596,
  "test_accuracy": 0.9510768690074799,
  "test_balanced_accuracy": 0.8884900543335372,
  "test_cldice": 0.8028273294938456,
  "test_skeleton_precision": 0.8610127227905526,
  "test_skeleton_recall": 0.7520082241561271,
  "dice": 0.8054387183283844,
  "iou": 0.6742548337087434,
  "precision": 0.8060195991013606,
  "recall": 0.8048586742087148,
  "specificity": 0.9721214344583596,
  "balanced_accuracy": 0.8884900543335372,
  "run_dir": "C:\\Users\\Comp1\\SASHA\\anza_lira\\results\\az_training_fix_drive_e80_20260430_184425\\az_thesis_seed42",
  "variant": "az_thesis",
  "dataset": "drive",
  "split": "test",
  "eval_tta": "flips",
  "selected_threshold": 0.8
}