{
  "test_loss": 0.8212845116853714,
  "test_bce_loss": 0.3965804547071457,
  "test_dice_loss": 0.41333540976047517,
  "test_topology_loss": 0.3789550751447678,
  "test_dice": 0.7533729561685123,
  "test_iou": 0.6043290652936858,
  "test_precision": 0.6808740332487558,
  "test_recall": 0.8431510009171779,
  "test_specificity": 0.9584104204589894,
  "test_accuracy": 0.9474354502443724,
  "test_balanced_accuracy": 0.9007807106880836,
  "dice": 0.7533729561685123,
  "iou": 0.6043290652936858,
  "precision": 0.6808740332487558,
  "recall": 0.8431510009171779,
  "specificity": 0.9584104204589894,
  "balanced_accuracy": 0.9007807106880836,
  "run_dir": "C:\\sasha\\anza_lira\\results\\chase_baseline_dice80_p512_fg07",
  "variant": "baseline",
  "dataset": "chase_db1",
  "split": "test",
  "eval_tta": "flips",
  "selected_threshold": 0.7
}