{
  "run_name": "chase_baseline_dice80_p512_fg07",
  "variant": "baseline",
  "dataset": "chase_db1",
  "task": "segmentation",
  "epochs": 80,
  "batch_size": 1,
  "seed": 42,
  "num_rules": 8,
  "model_widths": [
    40,
    80,
    144,
    208
  ],
  "encoder_az_stages": null,
  "encoder_block_mode": null,
  "hybrid_mix_init": null,
  "bottleneck_mode": "aspp",
  "decoder_mode": "residual",
  "boundary_mode": "conv",
  "num_parameters": 1973409,
  "approx_macs_per_forward": 208814008320.0,
  "approx_gmacs_per_forward": 208.81400832,
  "approx_flops_per_forward": 417628016640.0,
  "approx_gflops_per_forward": 417.62801664,
  "approx_az_extra_macs_per_forward": 0.0,
  "approx_az_extra_gmacs_per_forward": 0.0,
  "test_loss": 0.8781003564596176,
  "seconds_per_train_epoch_mean": 0.5042604375030351,
  "seconds_per_forward_batch": 0.03108027999987826,
  "regularization_weights": {
    "membership_entropy": 0.0005,
    "membership_smoothness": 0.0005,
    "geometry_smoothness": 0.0005,
    "hyperbolicity_penalty": 0.001,
    "anisotropy_gap": 0.0005
  },
  "bce_loss_weight": 1.0,
  "dice_loss_weight": 1.0,
  "overlap_mode": "tversky",
  "tversky_alpha": 0.35,
  "tversky_beta": 0.6,
  "aux_loss_weight": 0.0,
  "boundary_loss_weight": 0.1,
  "bce_pos_weight": 8.186085731801535,
  "best_val_selection_score": 0.7703622294780366,
  "best_val_selection_metric": "dice",
  "best_val_dice": 0.7703622294780366,
  "seg_threshold_base": 0.6,
  "selected_threshold": 0.7,
  "threshold_selection_mode": "val_sweep",
  "topology_loss_weight": 0.03,
  "topology_num_iters": 10,
  "threshold_selection_metric": "dice",
  "val_threshold_sweep": [
    {
      "threshold": 0.3,
      "dice": 0.6602676528900493,
      "iou": 0.4928354938315703,
      "precision": 0.5137371092924522,
      "recall": 0.9237416403848641,
      "specificity": 0.8897306397306407,
      "accuracy": 0.8935396310387451,
      "balanced_accuracy": 0.9067361400577524
    },
    {
      "threshold": 0.35,
      "dice": 0.6769437793125365,
      "iou": 0.511651560022753,
      "precision": 0.5381006500529112,
      "recall": 0.9123532274948885,
      "specificity": 0.9012309239581975,
      "accuracy": 0.9024765432190962,
      "balanced_accuracy": 0.906792075726543
    },
    {
      "threshold": 0.4,
      "dice": 0.6915466082702706,
      "iou": 0.5285221564950681,
      "precision": 0.561436924535696,
      "recall": 0.900151356541343,
      "specificity": 0.9113210022300939,
      "accuracy": 0.9100700809833,
      "balanced_accuracy": 0.9057361793857185
    },
    {
      "threshold": 0.45,
      "dice": 0.7058489494605416,
      "iou": 0.5454146555506988,
      "precision": 0.586225135205438,
      "recall": 0.8868093107609909,
      "specificity": 0.921058739240558,
      "accuracy": 0.9172230457038534,
      "balanced_accuracy": 0.9039340250007745
    },
    {
      "threshold": 0.5,
      "dice": 0.7546186903634714,
      "iou": 0.6059338489540383,
      "precision": 0.6701337141911082,
      "recall": 0.8634790667902502,
      "specificity": 0.9463953554862651,
      "accuracy": 0.9371093181198736,
      "balanced_accuracy": 0.9049372111382576
    },
    {
      "threshold": 0.55,
      "dice": 0.7617143421560747,
      "iou": 0.6151362065214949,
      "precision": 0.6910852586871915,
      "recall": 0.8484234249251652,
      "specificity": 0.952170724897998,
      "accuracy": 0.9405517617321245,
      "balanced_accuracy": 0.9002970749115816
    },
    {
      "threshold": 0.6,
      "dice": 0.7659997491794877,
      "iou": 0.6207452135201512,
      "precision": 0.7076179711783154,
      "recall": 0.8348813484734435,
      "specificity": 0.9564938428574796,
      "accuracy": 0.9428741043859424,
      "balanced_accuracy": 0.8956875956654615
    },
    {
      "threshold": 0.65,
      "dice": 0.7687672859665369,
      "iou": 0.6243882876114472,
      "precision": 0.723477718695607,
      "recall": 0.820105749548276,
      "specificity": 0.9604679831952563,
      "accuracy": 0.944748406656387,
      "balanced_accuracy": 0.8902868663717661
    },
    {
      "threshold": 0.7,
      "dice": 0.7703622294780366,
      "iou": 0.6264952557134291,
      "precision": 0.7395248698084549,
      "recall": 0.8038832621002017,
      "specificity": 0.9642907597453055,
      "accuracy": 0.9463262555398331,
      "balanced_accuracy": 0.8840870109227537
    },
    {
      "threshold": 0.75,
      "dice": 0.7701813350263683,
      "iou": 0.626256013965192,
      "precision": 0.7562889645864286,
      "recall": 0.7845936376911269,
      "specificity": 0.9681135362953548,
      "accuracy": 0.9475606067960263,
      "balanced_accuracy": 0.8763535869932408
    },
    {
      "threshold": 0.8,
      "dice": 0.7678734735596399,
      "iou": 0.6232099196647078,
      "precision": 0.7744613318684154,
      "recall": 0.7613967475012994,
      "specificity": 0.9720355402173586,
      "accuracy": 0.9484454865531884,
      "balanced_accuracy": 0.8667161438593289
    }
  ],
  "val_selected_threshold_metrics": {
    "val_loss": 0.8112525045871735,
    "val_bce_loss": 0.4458630681037903,
    "val_dice_loss": 0.3556134104728699,
    "val_topology_loss": 0.32586759328842163,
    "val_dice": 0.7703622294780366,
    "val_iou": 0.6264952557134291,
    "val_precision": 0.7395248698084549,
    "val_recall": 0.8038832621002017,
    "val_specificity": 0.9642907597453055,
    "val_accuracy": 0.9463262555398331,
    "val_balanced_accuracy": 0.8840870109227537
  },
  "test_bce_loss": 0.4422331929206848,
  "test_dice_loss": 0.423446398973465,
  "test_topology_loss": 0.41402536928653716,
  "test_dice": 0.7307377616655977,
  "test_iou": 0.5757185076462328,
  "test_precision": 0.6582004516350534,
  "test_recall": 0.821243289166864,
  "test_specificity": 0.9551183370090328,
  "test_accuracy": 0.9423707917898307,
  "test_balanced_accuracy": 0.8881808130879484,
  "final_anisotropy_gap": 0.0
}