{
  "dataset": "global_roads",
  "num_images": 39,
  "az_threshold": 0.8,
  "baseline_threshold": 0.7,
  "baseline_dice": {
    "mean": 0.4930515378374742,
    "std": 0.22455792678883943,
    "min": 0.0,
    "max": 0.8140740740740741
  },
  "az_dice": {
    "mean": 0.5248247633082261,
    "std": 0.20014427259739057,
    "min": 0.0,
    "max": 0.8349381017881705
  },
  "delta_dice": {
    "mean": 0.03177322547075195,
    "std": 0.12382937001233556,
    "min": -0.30152506530029777,
    "max": 0.42105263157894735
  },
  "baseline_iou": {
    "mean": 0.35377744648978215,
    "std": 0.1853817865026858,
    "min": 0.0,
    "max": 0.6864459712679575
  },
  "az_iou": {
    "mean": 0.37899268755436166,
    "std": 0.1776226734433483,
    "min": 0.0,
    "max": 0.7166469893742621
  },
  "delta_iou": {
    "mean": 0.02521524106457942,
    "std": 0.09872470284160179,
    "min": -0.2802576512424856,
    "max": 0.26666666666666666
  },
  "baseline_precision": {
    "mean": 0.4957670141347053,
    "std": 0.21115810481570743,
    "min": 0.0,
    "max": 0.7802631578947369
  },
  "az_precision": {
    "mean": 0.5070929659782296,
    "std": 0.2054789602516335,
    "min": 0.0,
    "max": 0.8622159090909091
  },
  "delta_precision": {
    "mean": 0.011325951843524279,
    "std": 0.16175018574376931,
    "min": -0.3390747364074649,
    "max": 0.6962962962962963
  },
  "baseline_recall": {
    "mean": 0.5112424467644872,
    "std": 0.2597833242879389,
    "min": 0.0,
    "max": 0.9883093525179856
  },
  "az_recall": {
    "mean": 0.5955970931409469,
    "std": 0.2317389855165059,
    "min": 0.0,
    "max": 0.987410071942446
  },
  "delta_recall": {
    "mean": 0.08435464637645979,
    "std": 0.18331819451906978,
    "min": -0.3737133808392716,
    "max": 0.8953229398663697
  }
}