{
  "test_loss": 0.8303756952285767,
  "test_bce_loss": 0.4897021412849426,
  "test_dice_loss": 0.34067355990409853,
  "test_dice": 0.767857573792859,
  "test_iou": 0.6231889734992163,
  "test_precision": 0.7171795946764321,
  "test_recall": 0.8262422336055316,
  "test_specificity": 0.9524768879841758,
  "test_accuracy": 0.93640879099667,
  "test_balanced_accuracy": 0.8893595607948537,
  "bce_pos_weight": 6.9816205972426495,
  "variant": "az_full",
  "task": "segmentation",
  "test_wall_seconds": 3.581722099799663,
  "seconds_per_forward_batch": 0.02890857998281717,
  "num_parameters": 1497846
}