{
  "variant": "az_full",
  "dataset": "drive",
  "task": "segmentation",
  "epochs": 80,
  "batch_size": 2,
  "num_parameters": 1497846,
  "test_loss": 0.8303790301084518,
  "seconds_per_train_epoch_mean": 0.5471118824847508,
  "seconds_per_forward_batch": 0.031142579950392248,
  "regularization_weights": {
    "membership_entropy": 0.0005,
    "membership_smoothness": 0.0005,
    "geometry_smoothness": 0.0005,
    "hyperbolicity_penalty": 0.001
  },
  "bce_pos_weight": 6.9816205972426495,
  "best_val_dice": 0.7490855888807703,
  "test_bce_loss": 0.48970563858747485,
  "test_dice_loss": 0.3406733959913254,
  "test_dice": 0.7678552036199113,
  "test_iou": 0.6231858511075906,
  "test_precision": 0.7171858940067002,
  "test_recall": 0.8262283843649028,
  "test_specificity": 0.952479160427967,
  "test_accuracy": 0.9364090113511189,
  "test_balanced_accuracy": 0.8893537723964349,
  "final_anisotropy_gap": 2.657386153936386
}