{
  "test_loss": 1.4096193313598633,
  "test_bce_loss": 0.6353838443756104,
  "test_dice_loss": 0.7742354273796082,
  "test_dice": 5.208333333062066e-11,
  "test_iou": 5.208333333062066e-11,
  "test_precision": 1.0,
  "test_recall": 5.208333333062066e-11,
  "test_specificity": 1.0,
  "test_accuracy": 0.8500000000011718,
  "variant": "az_full",
  "task": "segmentation",
  "test_wall_seconds": 0.39321340015158057,
  "seconds_per_forward_batch": 0.013551130006089807,
  "num_parameters": 1497846
}