{
  "variant": "az_full",
  "dataset": "drive",
  "task": "segmentation",
  "epochs": 1,
  "batch_size": 1,
  "num_parameters": 1497846,
  "test_loss": 1.4096193313598633,
  "seconds_per_train_epoch_mean": 0.46250930009409785,
  "seconds_per_forward_batch": 0.029663899913430214,
  "regularization_weights": {
    "membership_entropy": 0.0005,
    "membership_smoothness": 0.0005,
    "geometry_smoothness": 0.0005,
    "hyperbolicity_penalty": 0.001
  },
  "best_val_dice": 5.208333333062066e-11,
  "test_bce_loss": 0.6353838443756104,
  "test_dice_loss": 0.7742354273796082,
  "test_dice": 5.208333333062066e-11,
  "test_iou": 5.208333333062066e-11,
  "test_precision": 1.0,
  "test_recall": 5.208333333062066e-11,
  "test_specificity": 1.0,
  "test_accuracy": 0.8500000000011718,
  "final_anisotropy_gap": 2.079441547393799
}