{
  "variant": "baseline",
  "dataset": "cifar10",
  "epochs": 1,
  "batch_size": 32,
  "num_parameters": 299338,
  "best_val_accuracy": 57.86,
  "test_loss": 1.1989403944015502,
  "test_accuracy": 57.57,
  "seconds_per_train_epoch_mean": 13.262437200173736,
  "seconds_per_forward_batch": 0.001178500009700656
}