{
  "test_loss": 0.8767970412969589,
  "test_bce_loss": 0.5215167984366417,
  "test_dice_loss": 0.35528024435043337,
  "test_dice": 0.7733151609945184,
  "test_iou": 0.630410629042645,
  "test_precision": 0.7496120239269557,
  "test_recall": 0.7985662573639044,
  "test_specificity": 0.9610952573088105,
  "test_accuracy": 0.9404073428272315,
  "test_balanced_accuracy": 0.8798307573363575,
  "bce_pos_weight": 6.9816205972426495,
  "variant": "az_cat",
  "task": "segmentation",
  "test_wall_seconds": 3.5642156996764243,
  "seconds_per_forward_batch": 0.04884166498668492,
  "num_parameters": 1496646
}