{
  "variant": "az_cat",
  "dataset": "drive",
  "task": "segmentation",
  "epochs": 80,
  "batch_size": 2,
  "num_parameters": 1496646,
  "test_loss": 0.8767922669649124,
  "seconds_per_train_epoch_mean": 0.4007590200111736,
  "seconds_per_forward_batch": 0.016596559993922712,
  "regularization_weights": {
    "membership_entropy": 0.0005,
    "membership_smoothness": 0.0005,
    "geometry_smoothness": 0.0005,
    "hyperbolicity_penalty": 0.001
  },
  "bce_pos_weight": 6.9816205972426495,
  "best_val_dice": 0.7584159440303504,
  "test_bce_loss": 0.5215109497308731,
  "test_dice_loss": 0.35528131425380705,
  "test_dice": 0.7733125682089094,
  "test_iou": 0.6304071829282509,
  "test_precision": 0.7496071513885025,
  "test_recall": 0.7985662573639044,
  "test_specificity": 0.9610942473337923,
  "test_accuracy": 0.9404064614094356,
  "test_balanced_accuracy": 0.8798302523488484,
  "final_anisotropy_gap": 0.006420908495783806
}