{
  "recommended_threshold": 0.6,
  "selection_rule": "maximize val dice, break ties by val recall",
  "results": [
    {
      "threshold": 0.25,
      "val": {
        "dice": 0.6880032071626737,
        "iou": 0.5243939702587327,
        "precision": 0.5572814062737017,
        "recall": 0.8988459994064231,
        "specificity": 0.8972274710032778,
        "accuracy": 0.897431110037233,
        "balanced_accuracy": 0.8980367352048504,
        "loss": 0.8419445157051086
      },
      "test": {
        "dice": 0.7228105728010308,
        "iou": 0.5659384249572476,
        "precision": 0.6172800466730203,
        "recall": 0.8718650945470369,
        "specificity": 0.9211570576801785,
        "accuracy": 0.9148828055881008,
        "balanced_accuracy": 0.8965110761136077,
        "loss": 0.8748295426368713
      }
    },
    {
      "threshold": 0.3,
      "val": {
        "dice": 0.7095950051096934,
        "iou": 0.5499010062108676,
        "precision": 0.5922453176300376,
        "recall": 0.8849403795457423,
        "specificity": 0.9123100387963105,
        "accuracy": 0.908866459456789,
        "balanced_accuracy": 0.8986252091710264,
        "loss": 0.8419445157051086
      },
      "test": {
        "dice": 0.7403249887312701,
        "iou": 0.5877111017591962,
        "precision": 0.6522875558282416,
        "recall": 0.8558345985191724,
        "specificity": 0.9334595633777,
        "accuracy": 0.9235788735612783,
        "balanced_accuracy": 0.8946470809484361,
        "loss": 0.8748295426368713
      }
    },
    {
      "threshold": 0.35,
      "val": {
        "dice": 0.7255611348869103,
        "iou": 0.5693181169757735,
        "precision": 0.6217742186769936,
        "recall": 0.8709387384556407,
        "specificity": 0.9237491708042705,
        "accuracy": 0.9171046995639816,
        "balanced_accuracy": 0.8973439546299556,
        "loss": 0.8419445157051086
      },
      "test": {
        "dice": 0.7526318236050656,
        "iou": 0.6033758419108288,
        "precision": 0.6811557010255398,
        "recall": 0.8408670317095703,
        "specificity": 0.9425917574928786,
        "accuracy": 0.9296434687051511,
        "balanced_accuracy": 0.8917293946012245,
        "loss": 0.8748295426368713
      }
    },
    {
      "threshold": 0.4,
      "val": {
        "dice": 0.7391274930649103,
        "iou": 0.5862031958025526,
        "precision": 0.6490493794560569,
        "recall": 0.8582377485640585,
        "specificity": 0.9332095402737862,
        "accuracy": 0.9237767844394907,
        "balanced_accuracy": 0.8957236444189224,
        "loss": 0.8419445157051086
      },
      "test": {
        "dice": 0.7619269502719955,
        "iou": 0.6154135658145441,
        "precision": 0.7066505448512599,
        "recall": 0.826585002311095,
        "specificity": 0.9499524554260151,
        "accuracy": 0.9342493173970059,
        "balanced_accuracy": 0.8882687288685551,
        "loss": 0.8748295426368713
      }
    },
    {
      "threshold": 0.45,
      "val": {
        "dice": 0.7496573035013224,
        "iou": 0.5995614687082156,
        "precision": 0.673667947218997,
        "recall": 0.8449693604986256,
        "specificity": 0.9410894124268807,
        "accuracy": 0.9289958374976669,
        "balanced_accuracy": 0.8930293864627532,
        "loss": 0.8419445157051086
      },
      "test": {
        "dice": 0.7687257271220982,
        "iou": 0.6243334601033536,
        "precision": 0.7291898011893582,
        "recall": 0.812794620954943,
        "specificity": 0.9559729165099102,
        "accuracy": 0.9377481053373595,
        "balanced_accuracy": 0.8843837687324266,
        "loss": 0.8748295426368713
      }
    },
    {
      "threshold": 0.5,
      "val": {
        "dice": 0.7583970073225184,
        "iou": 0.6108208596429622,
        "precision": 0.6969251473793758,
        "recall": 0.831762076851915,
        "specificity": 0.9479403280599842,
        "accuracy": 0.933323082667956,
        "balanced_accuracy": 0.8898512024559496,
        "loss": 0.8419445157051086
      },
      "test": {
        "dice": 0.7733081657473309,
        "iou": 0.6304013315768522,
        "precision": 0.7495775242923572,
        "recall": 0.7985904935350049,
        "specificity": 0.9610869250149099,
        "accuracy": 0.9404031560927015,
        "balanced_accuracy": 0.8798387092749573,
        "loss": 0.8748295426368713
      }
    },
    {
      "threshold": 0.55,
      "val": {
        "dice": 0.7643138566452772,
        "iou": 0.6185339705843773,
        "precision": 0.7173107545321138,
        "recall": 0.817908832207282,
        "specificity": 0.9536077552415226,
        "accuracy": 0.9365344696928102,
        "balanced_accuracy": 0.8857582937244024,
        "loss": 0.8419445157051086
      },
      "test": {
        "dice": 0.7754519977607706,
        "iou": 0.6332556962591657,
        "precision": 0.7669439510742341,
        "recall": 0.7841509290243767,
        "specificity": 0.965245497152628,
        "accuracy": 0.9421944174081779,
        "balanced_accuracy": 0.8746982130885024,
        "loss": 0.8748295426368713
      }
    },
    {
      "threshold": 0.6,
      "val": {
        "dice": 0.7686989814044761,
        "iou": 0.6242981771275586,
        "precision": 0.7374591997947169,
        "recall": 0.8027025611480819,
        "specificity": 0.9588706354152015,
        "accuracy": 0.9392219744978096,
        "balanced_accuracy": 0.8807865982816416,
        "loss": 0.8419445157051086
      },
      "test": {
        "dice": 0.7761587344026204,
        "iou": 0.6341988591337179,
        "precision": 0.7835492031457874,
        "recall": 0.768906377402198,
        "specificity": 0.9690200262896498,
        "accuracy": 0.9435480547880489,
        "balanced_accuracy": 0.8689632018459239,
        "loss": 0.8748295426368713
      }
    }
  ]
}