{
  "test_loss": 0.7500764638185501,
  "test_bce_loss": 0.38642970472574234,
  "test_dice_loss": 0.35520423054695127,
  "test_topology_loss": 0.281417715549469,
  "test_dice": 0.7631006339267645,
  "test_iou": 0.616946418486226,
  "test_precision": 0.7562236781075191,
  "test_recall": 0.7701038130814404,
  "test_specificity": 0.9738739159002618,
  "test_accuracy": 0.9544709827781258,
  "test_balanced_accuracy": 0.8719888644908511,
  "dice": 0.7631006339267645,
  "iou": 0.616946418486226,
  "precision": 0.7562236781075191,
  "recall": 0.7701038130814404,
  "specificity": 0.9738739159002618,
  "balanced_accuracy": 0.8719888644908511,
  "run_dir": "C:\\sasha\\anza_lira\\results\\retinal_transfer_fives16_continue_ms\\chase_finetune\\chase_seed41",
  "variant": "az_thesis",
  "dataset": "chase_db1",
  "split": "test",
  "eval_tta": "flips",
  "selected_threshold": 0.85
}