{
  "test_loss": 1.2410397171974181,
  "test_bce_loss": 0.51360042989254,
  "test_dice_loss": 0.5951382040977478,
  "test_topology_loss": 0.0,
  "test_dice": 0.729127612466669,
  "test_iou": 0.5737221294750573,
  "test_precision": 0.801180788255948,
  "test_recall": 0.668965087648574,
  "test_specificity": 0.9837384042781648,
  "test_accuracy": 0.9556553212286925,
  "test_balanced_accuracy": 0.8263517459633694,
  "dice": 0.729127612466669,
  "iou": 0.5737221294750573,
  "precision": 0.801180788255948,
  "recall": 0.668965087648574,
  "specificity": 0.9837384042781648,
  "balanced_accuracy": 0.8263517459633694,
  "run_dir": "C:\\sasha\\anza_lira\\results\\quick_arch_fix_20260424\\drive_enc2_lowmix_localgeom_s42_e20\\az_thesis_seed42",
  "variant": "az_thesis",
  "dataset": "drive",
  "split": "test",
  "eval_tta": "none",
  "selected_threshold": 0.9
}