{
  "test_loss": 1.241036593914032,
  "test_bce_loss": 0.5135976672172546,
  "test_dice_loss": 0.595137745141983,
  "test_topology_loss": 0.0,
  "test_dice": 0.692031625358578,
  "test_iou": 0.5290889587053682,
  "test_precision": 0.8683933492679266,
  "test_recall": 0.5752120055439026,
  "test_specificity": 0.9914607215394532,
  "test_accuracy": 0.9543243232395461,
  "test_balanced_accuracy": 0.7833363635416779,
  "dice": 0.692031625358578,
  "iou": 0.5290889587053682,
  "precision": 0.8683933492679266,
  "recall": 0.5752120055439026,
  "specificity": 0.9914607215394532,
  "balanced_accuracy": 0.7833363635416779,
  "run_dir": "C:\\sasha\\anza_lira\\results\\quick_arch_fix_20260424\\drive_enc2_lowmix_localgeom_s42_e20\\az_thesis_seed42",
  "variant": "az_thesis",
  "dataset": "drive",
  "split": "test",
  "eval_tta": "none",
  "selected_threshold": 0.95
}