{
  "variant": "az_no_fuzzy",
  "dataset": "cifar10",
  "epochs": 1,
  "batch_size": 32,
  "num_parameters": 257918,
  "best_val_accuracy": 41.36,
  "test_loss": 1.5862461528778076,
  "test_accuracy": 42.99,
  "seconds_per_train_epoch_mean": 23.714323399588466,
  "seconds_per_forward_batch": 0.004720550030469894
}