scan_id,split,pair_id,y,kind,name1,name2,geometry_score,geometry_pred,radial_hu_summary_v1_score,radial_hu_summary_v1_pred,geometry_plus_radial_v1_score,geometry_plus_radial_v1_pred
953,train,953:0,1,positive_gap,R-PDA,R-PDA,0.9362080027375433,False,0.9963746096781271,True,0.9995931589326138,True
953,train,953:0,0,wrong_branch,D1,LAD,0.26324566728410437,False,0.00542945008806566,False,0.0036465752855336,False
953,train,953:1,1,positive_gap,R-PLA,R-PLA,0.940150095011292,False,0.433942408483695,False,0.8437324044817435,False
953,train,953:1,0,wrong_branch,OM1,IM,0.004543069335402526,False,2.725194142345499e-07,False,7.130944248258e-06,False
953,train,953:2,1,positive_gap,LAD,LAD,0.9618772446577399,True,0.9849585538912026,True,0.9950767188274493,True
953,train,953:2,0,wrong_branch,R-PLA,R-PDA,0.004173582759433404,False,3.6871916819798674e-06,False,1.9826153901345687e-05,False
953,train,953:3,1,positive_gap,LAD,LAD,0.9227353648394907,False,0.9878597401120136,True,0.9949347963556476,True
953,train,953:3,0,wrong_branch,R-PDA,RCA,0.08585163236308917,False,0.040606099054384115,False,0.018404303840285602,False
953,train,953:4,1,positive_gap,R-PDA,R-PDA,0.9452197860723996,True,0.9932625089302531,True,0.9988475622012818,True
953,train,953:4,0,wrong_branch,LCX,LM,0.00942519536664995,False,0.13999138950947745,False,0.0020555777079702985,False
953,train,953:5,1,positive_gap,OM2,OM2,0.4256931011043465,False,0.2805247174095039,False,0.4899363915703325,False
953,train,953:5,0,wrong_branch,LCX,OM2,0.008072815718024592,False,9.414834170953407e-06,False,9.834636676583216e-07,False
953,train,953:6,1,positive_gap,Other,Other,0.8562359464462544,False,0.9998315908972744,True,0.9999563278693098,True
953,train,953:6,0,wrong_branch,R-PLA,R-PDA,0.0005332139726054474,False,2.573444562821723e-07,False,1.1690439509307087e-06,False
953,train,953:7,1,positive_gap,D1,D1,0.8024826621604293,False,0.9955478624001161,True,0.9960907821757912,True
953,train,953:7,0,wrong_branch,R-PLA,R-PDA,0.000715283140074979,False,2.3660191753106753e-06,False,4.011272406024863e-06,False
953,train,953:8,1,positive_gap,IM,IM,0.9580281848960015,True,0.9982918350260541,True,0.9988616809144014,True
953,train,953:8,0,wrong_branch,R-PLA,R-PDA,0.00037319385890902666,False,1.0400451203844358e-06,False,2.308083400008735e-06,False
953,train,953:9,1,positive_gap,D1,D1,0.9056356475099211,False,0.9993251383883428,True,0.9995366607615559,True
953,train,953:9,0,wrong_branch,R-PLA,R-PDA,0.008644921352702116,False,3.254034813449371e-06,False,2.1967353637922295e-05,False
953,train,953:10,1,positive_gap,OM2,OM2,0.8411429578479493,False,0.9996428284366721,True,0.9998653357375977,True
953,train,953:10,0,wrong_branch,R-PLA,R-PDA,0.0006571970306428903,False,6.704712625134531e-07,False,1.7571887579854333e-06,False
953,train,953:11,1,positive_gap,Other,Other,0.8219982143598744,False,0.9995714296028126,True,0.9998150930632094,True
953,train,953:11,0,wrong_branch,OM1,IM,0.00014144818390986934,False,6.434903230765805e-06,False,5.87316658436295e-06,False
953,train,953:12,1,positive_gap,R-PLA,R-PLA,0.8440492214941451,False,0.26713616562045955,False,0.5860701768384138,False
953,train,953:12,0,wrong_branch,R-PLA,RCA,0.021041412738560947,False,0.9396357443477925,True,0.21782314784368373,False
953,train,953:13,1,positive_gap,R-PDA,R-PDA,0.8569398516293634,False,0.9898971845236699,True,0.9910667597414967,True
953,train,953:13,0,wrong_branch,R-PLA,R-PDA,0.00012098084585269988,False,3.4592232339245363e-07,False,4.567603472960841e-07,False
953,train,953:14,1,positive_gap,LAD,LAD,0.9336187014468406,False,0.9868961172476574,True,0.9968047305375551,True
953,train,953:14,0,wrong_branch,Other,LCX,0.03720785150384216,False,0.0005704707924812867,False,1.4475193051248811e-05,False
953,train,953:15,1,positive_gap,LCX,LCX,0.9495238401660989,True,0.9903174899879367,True,0.9989038648118168,True
953,train,953:15,0,wrong_branch,OM1,IM,9.050312199327214e-05,False,1.655986355103974e-05,False,5.190827453905617e-06,False
953,train,953:16,1,positive_gap,OM2,OM2,0.8816515710763433,False,0.9984998669435831,True,0.9990434488948952,True
953,train,953:16,0,wrong_branch,OM1,IM,3.7062594736883445e-05,False,0.00025569437088423337,False,6.035508692186904e-05,False
953,train,953:17,1,positive_gap,R-PLA,R-PLA,0.7952217684813734,False,0.9995629630967303,True,0.9997448376078325,True
953,train,953:17,0,wrong_branch,D1,LAD,0.0012186955025226718,False,0.002831339519877512,False,2.3248464455444575e-05,False
953,train,953:18,1,positive_gap,R-PLA,R-PLA,0.8218522657220235,False,0.9944844128152804,True,0.994285062121679,True
953,train,953:18,0,wrong_branch,D1,LAD,0.0051783738923520594,False,0.0021183520471803443,False,3.631877540908861e-05,False
953,train,953:19,1,positive_gap,LCX,LCX,0.6899764947922371,False,0.9910424913948835,True,0.994759701339659,True
953,train,953:19,0,wrong_branch,OM1,LCX,2.948055621939655e-05,False,4.557866494076806e-14,False,3.0513740116131624e-14,False
953,train,953:20,1,positive_gap,OM2,OM2,0.7931723320892933,False,0.9995756460568727,True,0.9996217912003916,True
953,train,953:20,0,wrong_branch,OM1,IM,3.752288551466406e-05,False,0.0003932139509947812,False,6.358846523555498e-05,False
953,train,953:21,1,positive_gap,OM2,OM2,0.6714612096239218,False,0.9561295691678989,True,0.96187561283588,True
953,train,953:21,0,wrong_branch,OM1,IM,3.1315483872272925e-05,False,0.001583577376735705,False,7.594803630852774e-05,False
953,train,953:22,1,positive_gap,OM2,OM2,0.8985323801506034,False,0.9972608789786533,True,0.999543808759517,True
953,train,953:22,0,wrong_branch,R-PLA,R-PDA,3.252280629299083e-05,False,2.031047319324372e-06,False,3.332480008943286e-07,False
953,train,953:23,1,positive_gap,OM2,OM2,0.9262938012517049,False,0.9780764684331668,True,0.9893286563058818,True
953,train,953:23,0,wrong_branch,R-PLA,R-PDA,0.00014096179114002602,False,6.846120199203327e-06,False,5.697871321882518e-07,False
953,train,953:24,1,positive_gap,RCA,RCA,0.9419058290544758,True,0.9071135871313548,True,0.9577521830879837,True
953,train,953:24,0,wrong_branch,R-PDA,RCA,0.000719042356366998,False,0.014481019964992308,False,0.00020376956726271227,False
953,train,953:25,1,positive_gap,IM,IM,0.8900389193280576,False,0.9959204682438548,True,0.9964108555730181,True
953,train,953:25,0,wrong_branch,IM,LM,0.000711095289599745,False,1.2786893354196897e-08,False,8.264585005190105e-11,False
953,train,953:26,1,positive_gap,OM1,OM1,0.9357102516906383,False,0.9960651449031148,True,0.999642015103542,True
953,train,953:26,0,wrong_branch,R-PLA,R-PDA,7.014719124254257e-05,False,2.2932760639073936e-06,False,2.885364012626566e-07,False
954,test,954:0,1,positive_gap,LCX,LCX,0.9687426639430226,True,0.20901764169460463,False,0.8300091531349375,False
954,test,954:0,0,wrong_branch,R-PLA,RCA,0.9856097488347161,True,0.6280844747941746,False,0.9573894543046648,True
954,test,954:1,1,positive_gap,D1,D1,0.846980795588403,False,0.9852476901312801,True,0.9920267270353941,True
954,test,954:1,0,wrong_branch,LCX,OM1,0.9102197459937897,False,0.9639757035992456,True,0.9933904838432991,True
954,test,954:2,1,positive_gap,R-PLA,R-PLA,0.9198415638121674,False,0.46447786159779625,False,0.8678125710625803,True
954,test,954:2,0,wrong_branch,LAD,D1,0.8459022293887997,False,0.2035905699550414,False,0.2818125863584076,False
954,test,954:3,1,positive_gap,RCA,RCA,0.9318706275785615,False,0.8461753293348324,False,0.9340849290353404,True
954,test,954:3,0,wrong_branch,RCA,R-PDA,0.8722339571960604,False,0.09290829651631917,False,0.3911529958592196,False
954,test,954:4,1,positive_gap,R-PDA,R-PDA,0.9563300843259552,True,0.594849745530361,False,0.9515819099587834,True
954,test,954:4,0,wrong_branch,LAD,LM,0.634973694651505,False,0.6979311539577345,False,0.6812740377076495,False
954,test,954:5,1,positive_gap,RCA,RCA,0.9075956227316883,False,0.7279490889749496,False,0.8399910397451147,False
954,test,954:5,0,wrong_branch,R-PLA,RCA,0.4085974276917657,False,0.1751266893481458,False,0.09410735015414033,False
954,test,954:6,1,positive_gap,R-PDA,R-PDA,0.9123274060657189,False,0.8654139953390749,False,0.9508261780318839,True
954,test,954:6,0,wrong_branch,R-PLA,RCA,0.23650232183197878,False,0.7221466002619041,False,0.19795215382621453,False
954,test,954:7,1,positive_gap,RCA,RCA,0.896568864384389,False,0.7475546437619224,False,0.8576635050123059,True
954,test,954:7,0,wrong_branch,LAD,D1,0.06575762931636386,False,0.014932551498002943,False,0.001407008978298016,False
954,test,954:8,1,positive_gap,OM1,OM1,0.7869590103066793,False,0.990512402781686,True,0.9956923350459199,True
954,test,954:8,0,wrong_branch,LAD,D1,0.015446790693038304,False,0.43082784979811223,False,0.011433330927681014,False
954,test,954:9,1,positive_gap,D1,D1,0.8779729303640993,False,0.950988614709539,True,0.9845569758391124,True
954,test,954:9,0,wrong_branch,LCX,OM1,0.02629289068139246,False,0.9329427720859933,True,0.3269614810849721,False
954,test,954:10,1,positive_gap,D1,D1,0.7993523226219479,False,0.9935045296146582,True,0.9985776399973478,True
954,test,954:10,0,wrong_branch,LCX,OM1,0.015238608621669434,False,0.9336566761631345,True,0.4447456036474641,False
954,test,954:11,1,positive_gap,D1,D1,0.763443314635118,False,0.9528144326535134,True,0.9515083796210784,True
954,test,954:11,0,wrong_branch,RCA,R-PDA,0.014087873342248642,False,0.026214519662304127,False,0.001130440041118538,False
954,test,954:12,1,positive_gap,D1,D1,0.8628320437493071,False,0.987536558940502,True,0.9933390704948935,True
954,test,954:12,0,wrong_branch,RCA,R-PDA,0.016880413952293085,False,0.04483848022057255,False,0.0023588998979422763,False
954,test,954:13,1,positive_gap,R-PDA,R-PDA,0.9401130851715511,False,0.9033073722976237,True,0.9666051867716906,True
954,test,954:13,0,wrong_branch,LAD,LM,0.008121568904527985,False,0.7549060537462176,False,0.0453229664316058,False
954,test,954:14,1,positive_gap,R-PLA,R-PLA,0.924447310200283,False,0.951795368584181,True,0.9886648952950291,True
954,test,954:14,0,wrong_branch,LAD,LM,0.008720212924868485,False,0.5055332697193796,False,0.015864972027896145,False
954,test,954:15,1,positive_gap,LM,LM,0.8685950467860999,False,0.7578584448047316,False,0.8553881835493504,False
954,test,954:15,0,wrong_branch,LCX,OM1,2.6207504924864027e-05,False,2.969408400288958e-05,False,2.398116633442192e-06,False
954,test,954:16,1,positive_gap,D1,D1,0.7574127725976945,False,0.9696914708991634,True,0.9647133144057628,True
954,test,954:16,0,wrong_branch,LCX,OM1,0.00020537960171768317,False,0.00017240596092684576,False,2.3388596461831356e-05,False
954,test,954:17,1,positive_gap,D1,D1,0.8816734291647463,False,0.9485457540480984,True,0.9890645929379708,True
954,test,954:17,0,wrong_branch,LCX,OM1,8.124456280116258e-05,False,0.00019604995033542047,False,1.352383696350201e-05,False
954,test,954:18,1,positive_gap,LCX,LCX,0.8619134123966585,False,0.9854252445635192,True,0.9832909756302594,True
954,test,954:18,0,wrong_branch,R-PLA,RCA,0.0028715237929138123,False,0.3223660327907446,False,0.0013671035088384583,False
954,test,954:19,1,positive_gap,RCA,RCA,0.9202413009291188,False,0.6240134913852818,False,0.8781016873385328,True
954,test,954:19,0,wrong_branch,R-PLA,RCA,0.0012732049186558916,False,0.38788946504290217,False,0.0007250806335953173,False
954,test,954:20,1,positive_gap,LAD,LAD,0.9173825270513146,False,0.9346789494219183,True,0.979532445914841,True
954,test,954:20,0,wrong_branch,LCX,OM1,0.0002103606946357806,False,0.7890063400369375,False,0.0055697707641382075,False
954,test,954:21,1,positive_gap,LCX,LCX,0.9431089863333155,True,0.7570036881817334,False,0.9187633499078061,True
954,test,954:21,0,wrong_branch,R-PLA,RCA,0.00083461553474181,False,0.03244981679391988,False,9.8154903635963e-05,False
954,test,954:22,1,positive_gap,D1,D1,0.9140827535623075,False,0.8416578914712421,False,0.90641546935443,True
954,test,954:22,0,wrong_branch,LAD,D1,0.0003601100151153526,False,0.016516189286817154,False,4.4771951258682416e-05,False
955,train,955:0,1,positive_gap,RCA,RCA,0.9884795746733078,True,0.9061314710782619,True,0.9859690885556911,True
955,train,955:0,0,wrong_branch,R-PDA,RCA,0.9727060496379403,True,0.00020796358322715155,False,0.0025124504975108162,False
955,train,955:1,1,positive_gap,R-PLA,R-PLA,0.9492792183539296,True,0.9987100053104344,True,0.9999138288307498,True
955,train,955:1,0,wrong_branch,OM1,LCX,0.6924076966751371,False,0.0009312899183620435,False,0.0030800411650200865,False
955,train,955:2,1,positive_gap,R-PDA,R-PDA,0.9501824227255034,True,0.9780372992178603,True,0.9936115536112784,True
955,train,955:2,0,wrong_branch,LAD,LM,0.9338419201186982,False,0.10636162949732018,False,0.5894114482626911,False
955,train,955:3,1,positive_gap,LAD,LAD,0.8903690961257584,False,0.9967380153454436,True,0.9984788922002829,True
955,train,955:3,0,wrong_branch,R-PLA,RCA,0.8869388969611799,False,0.5957619294426582,False,0.6850306811093594,False
955,train,955:4,1,positive_gap,OM1,OM1,0.8320742327703252,False,0.761308096175434,False,0.9523091235492314,True
955,train,955:4,0,wrong_branch,LCX,LM,0.5000087741221095,False,0.008738737859562504,False,0.011945949051289137,False
955,train,955:5,1,positive_gap,R-PLA,R-PLA,0.9011158289875907,False,0.9874205504466828,True,0.9934798894338978,True
955,train,955:5,0,wrong_branch,D1,LAD,0.39962523061694344,False,3.5096665203978324e-05,False,4.5018569820015996e-05,False
955,train,955:6,1,positive_gap,D1,D1,0.8810570129076519,False,0.9985681092476499,True,0.9994511556137874,True
955,train,955:6,0,wrong_branch,D2,LAD,0.0659470481381738,False,1.7985733817338123e-05,False,2.8977880757422602e-05,False
955,train,955:7,1,positive_gap,D2,D2,0.5837907448594748,False,0.9937636004597686,True,0.9867679848857541,True
955,train,955:7,0,wrong_branch,LCX,LM,0.008352331141819845,False,9.499175273736266e-05,False,1.0297277536552388e-05,False
955,train,955:8,1,positive_gap,R-PLA,R-PLA,0.9377829283430513,False,0.9892189594884105,True,0.9965677514970754,True
955,train,955:8,0,wrong_branch,OM1,LCX,0.027595074286877116,False,0.0015531553626875003,False,9.622412660220426e-05,False
955,train,955:9,1,positive_gap,R-PLA,R-PLA,0.8338963216463013,False,0.9949970452698268,True,0.9991281280223022,True
955,train,955:9,0,wrong_branch,OM1,LCX,0.006154110033882428,False,1.388158942406843e-05,False,1.8167852528851007e-06,False
955,train,955:10,1,positive_gap,OM1,OM1,0.9268962092907479,False,0.993984416926422,True,0.9995381866065862,True
955,train,955:10,0,wrong_branch,LCX,LM,0.013699681935210555,False,0.12698472358969323,False,0.0021261983758645037,False
955,train,955:11,1,positive_gap,RCA,RCA,0.9102531180744169,False,0.8966428766321108,True,0.9231767729511497,True
955,train,955:11,0,wrong_branch,R-PDA,RCA,0.07440933206498943,False,0.0006233676723648254,False,3.611249956299035e-05,False
955,train,955:12,1,positive_gap,R-PLA,R-PLA,0.826290719809034,False,0.9885782863805206,True,0.9860602379781436,True
955,train,955:12,0,wrong_branch,LAD,LM,0.043161861638442565,False,0.18771728534860857,False,0.01961210865316734,False
955,train,955:13,1,positive_gap,R-PLA,R-PLA,0.8933097283691993,False,0.9630445014815436,True,0.9797651514034843,True
955,train,955:13,0,wrong_branch,LAD,LM,0.02787947017567658,False,0.011292789571834412,False,0.001813546207068866,False
955,train,955:14,1,positive_gap,R-PLA,R-PLA,0.8013821137143775,False,0.8209971103044209,False,0.887746220048056,True
955,train,955:14,0,wrong_branch,R-PLA,RCA,0.027907025896037947,False,0.8987006593526752,True,0.08162615761760264,False
955,train,955:15,1,positive_gap,R-PLA,R-PLA,0.889639411621169,False,0.9932720691937706,True,0.9944322551662488,True
955,train,955:15,0,wrong_branch,R-PLA,RCA,0.019714428325107107,False,0.44346669246816156,False,0.014861160455892655,False
955,train,955:16,1,positive_gap,RCA,RCA,0.88620837768556,False,0.842069255976606,False,0.8739176130972789,True
955,train,955:16,0,wrong_branch,R-PDA,RCA,0.027646817096901054,False,1.022967451879452e-06,False,2.0725475384118619e-07,False
955,train,955:17,1,positive_gap,D1,D1,0.8572364847073984,False,0.8345948007504123,False,0.9377589698256843,True
955,train,955:17,0,wrong_branch,D1,LAD,0.004075997225372463,False,0.00012514020421718972,False,1.5834327818777393e-06,False
955,train,955:18,1,positive_gap,D1,D1,0.9369711808196391,False,0.9779963916079762,True,0.993762195030394,True
955,train,955:18,0,wrong_branch,D1,LAD,0.002124097313082378,False,2.069563311868949e-06,False,9.873845132919337e-08,False
955,train,955:19,1,positive_gap,R-PLA,R-PLA,0.931336384233778,False,0.7953377432568006,False,0.9577034761862495,True
955,train,955:19,0,wrong_branch,D2,LAD,0.0007493471173077437,False,2.1178651998420558e-05,False,1.875687724385923e-06,False
956,train,956:0,1,positive_gap,LM,LM,0.910805556903756,False,0.6484291908107657,False,0.8126602534411541,False
956,train,956:0,0,wrong_branch,R-PDA,RCA,0.9527339652583561,True,0.70668507990677,False,0.9314819422754574,True
956,train,956:1,1,positive_gap,LAD,LAD,0.9623116214736681,True,0.016321263154427387,False,0.2152816797134636,False
956,train,956:1,0,wrong_branch,LAD,LM,0.6241032616257782,False,0.018756966526213507,False,0.025469017101820417,False
956,train,956:2,1,positive_gap,OM1,OM1,0.9664086629019784,True,0.9996733204833335,True,0.9998274175042405,True
956,train,956:2,0,wrong_branch,D1,LAD,0.7040080874862794,False,0.677456132005268,False,0.6750244807939527,False
956,train,956:3,1,positive_gap,D1,D1,0.9620935509583809,True,0.9532436648532349,True,0.9939528044488452,True
956,train,956:3,0,wrong_branch,R-PLA,RCA,0.35357451342618346,False,0.7215912804766523,False,0.4843978324577313,False
956,train,956:4,1,positive_gap,LAD,LAD,0.8794036170390999,False,0.29516562673051244,False,0.6705237068620978,False
956,train,956:4,0,wrong_branch,LAD,LM,0.04554950792278747,False,0.006058680988744778,False,0.00041340691692418464,False
956,train,956:5,1,positive_gap,R-PDA,R-PDA,0.9170554507368609,False,0.9936387529161274,True,0.9992278828442858,True
956,train,956:5,0,wrong_branch,R-PDA,RCA,0.03144557608834734,False,0.7506702995145653,False,0.11371117564611175,False
956,train,956:6,1,positive_gap,R-PLA,R-PLA,0.9665363246876756,True,0.9920121670510754,True,0.9990240232890181,True
956,train,956:6,0,wrong_branch,LAD,LM,0.006346163872890556,False,0.007132272117025705,False,0.00016204268464819208,False
956,train,956:7,1,positive_gap,OM1,OM1,0.878318489810766,False,0.9959939791841221,True,0.9989396633890038,True
956,train,956:7,0,wrong_branch,R-PDA,RCA,0.021682407691444076,False,0.5081604438506024,False,0.01998422559225534,False
956,train,956:8,1,positive_gap,OM1,OM1,0.9212271758324814,False,0.999661242875957,True,0.9999511299280667,True
956,train,956:8,0,wrong_branch,D1,LAD,0.013686315205581251,False,0.3273061740326126,False,0.00897523032320864,False
956,train,956:9,1,positive_gap,OM1,OM1,0.9251555890864237,False,0.9976302104878069,True,0.9980278367447445,True
956,train,956:9,0,wrong_branch,D1,LAD,0.008333302951122556,False,0.7020884682009298,False,0.01801377867945316,False
956,train,956:10,1,positive_gap,R-PDA,R-PDA,0.7388290780898625,False,0.9903145805153077,True,0.9889759885905575,True
956,train,956:10,0,wrong_branch,OM1,LM,0.0006071786244736233,False,0.050410357200652255,False,7.096461202680571e-05,False
956,train,956:11,1,positive_gap,LAD,LAD,0.9175278147556666,False,0.9206414745815925,True,0.9476943778459443,True
956,train,956:11,0,wrong_branch,LCX,LAD,0.00016465297119147695,False,0.003008831457615659,False,3.678862542103487e-06,False
956,train,956:12,1,positive_gap,R-PLA,R-PLA,0.8529132000784369,False,0.9746835740320271,True,0.9861330006757812,True
956,train,956:12,0,wrong_branch,R-PLA,RCA,0.0007269330731837405,False,0.5729911772122438,False,0.002379637031171332,False
956,train,956:13,1,positive_gap,D1,D1,0.9004339079269114,False,0.9648957649685419,True,0.9859759453385148,True
956,train,956:13,0,wrong_branch,R-PLA,RCA,0.0006529714304932665,False,0.8898622202878117,False,0.012727831370297695,False
957,val,957:0,1,positive_gap,LAD,LAD,0.9627040063617748,True,0.9885972574656993,True,0.9980727262143406,True
957,val,957:0,0,wrong_branch,RCA,R-PDA,0.9877483255044605,True,0.2099603411955666,False,0.8415449482737518,False
957,val,957:1,1,positive_gap,LAD,LAD,0.9603056209060147,True,0.9862711606492647,True,0.9983213842531988,True
957,val,957:1,0,wrong_branch,L-PDA,LCX,0.9613356418075295,True,0.9782898853795614,True,0.9971604708881237,True
957,val,957:2,1,positive_gap,Other,Other,0.942573296032083,True,0.9963591760005648,True,0.9993687968644535,True
957,val,957:2,0,wrong_branch,LAD,D1,0.9413500983546408,False,0.00013482535136696508,False,0.0016121552011431148,False
957,val,957:3,1,positive_gap,OM2,OM2,0.6886656179358215,False,0.965892162242674,True,0.9612361622623514,True
957,val,957:3,0,wrong_branch,OM2,LCX,0.4593441017681679,False,1.4723812282539633e-05,False,4.831078102444677e-05,False
957,val,957:4,1,positive_gap,LAD,LAD,0.9281668753221208,False,0.9308500091426635,True,0.9859051673422604,True
957,val,957:4,0,wrong_branch,L-PLA,LCX,0.8557813440607457,False,0.013059109728824776,False,0.06067137022504325,False
957,val,957:5,1,positive_gap,LAD,LAD,0.9378386615963915,False,0.9855519440958996,True,0.9973904886294729,True
957,val,957:5,0,wrong_branch,RCA,R-PLA,0.8223329757988217,False,0.9271863278649376,True,0.922942055673506,True
957,val,957:6,1,positive_gap,OM2,OM2,0.8159592235901758,False,0.9998384774126574,True,0.9999287754338942,True
957,val,957:6,0,wrong_branch,OM1,LCX,0.1091981613754641,False,9.071211593874476e-05,False,8.911635467052001e-05,False
957,val,957:7,1,positive_gap,Other,Other,0.9155595356165346,False,0.9973180737330062,True,0.9974220468814599,True
957,val,957:7,0,wrong_branch,LAD,D2,0.2766656614113844,False,0.05818795900194487,False,0.012642766264357692,False
957,val,957:8,1,positive_gap,R-PDA,R-PDA,0.9304299183649145,False,0.9680921669480455,True,0.9750242753996298,True
957,val,957:8,0,wrong_branch,LCX,Other,0.5341694350755677,False,0.024201239166190283,False,0.012006693695829303,False
957,val,957:9,1,positive_gap,LAD,LAD,0.8929652213895747,False,0.9941386784556284,True,0.9977811548095812,True
957,val,957:9,0,wrong_branch,RCA,R-PDA,0.19321111359520723,False,0.026305343500524513,False,0.008814987809568221,False
957,val,957:10,1,positive_gap,Other,Other,0.9143259356796475,False,0.9754745416945941,True,0.995211319652629,True
957,val,957:10,0,wrong_branch,L-PDA,LCX,0.03586817021451066,False,0.8673894520326344,False,0.4315531481653165,False
957,val,957:11,1,positive_gap,R-PDA,R-PDA,0.9544919627967597,True,0.9669712701957184,True,0.9913724771258607,True
957,val,957:11,0,wrong_branch,OM2,LCX,0.04817907353225091,False,0.000519140101931519,False,0.000649060352568615,False
957,val,957:12,1,positive_gap,D2,D2,0.9064554355089138,False,0.9500540204037403,True,0.9637264108528586,True
957,val,957:12,0,wrong_branch,LAD,D1,0.07005008353503986,False,1.1714124435924845e-05,False,5.029080803562731e-06,False
957,val,957:13,1,positive_gap,LAD,LAD,0.9505827682623798,True,0.5388504620669251,False,0.9157263697379329,True
957,val,957:13,0,wrong_branch,RCA,R-PDA,0.1474146791955716,False,0.39055525632725185,False,0.06453195987522306,False
957,val,957:14,1,positive_gap,LAD,LAD,0.9120259904975022,False,0.9919105923037599,True,0.9964376641462781,True
957,val,957:14,0,wrong_branch,L-PDA,LCX,0.06516867216408276,False,0.7690635408683848,False,0.21658205037126918,False
957,val,957:15,1,positive_gap,LAD,LAD,0.8017027867915116,False,0.9258657281652979,True,0.9770366117176961,True
957,val,957:15,0,wrong_branch,OM2,LCX,0.0020632697661813696,False,2.9431727827656202e-08,False,1.211288450064562e-08,False
957,val,957:16,1,positive_gap,L-PDA,L-PDA,0.7703998149015644,False,0.9816227786355192,True,0.9855255300482217,True
957,val,957:16,0,wrong_branch,L-PLA,LCX,0.020430301331277132,False,0.008209263021376674,False,0.0006068711114430283,False
957,val,957:17,1,positive_gap,L-PLA,L-PLA,0.8573755065546456,False,0.9978198289551432,True,0.9926231387758118,True
957,val,957:17,0,wrong_branch,L-PLA,LCX,0.0073936212536557765,False,0.0086476493385761,False,0.00023161091004105238,False
957,val,957:18,1,positive_gap,OM2,OM2,0.923032042218825,False,0.8980494257340308,True,0.9412584341874987,True
957,val,957:18,0,wrong_branch,LCX,Other,0.0222344026648514,False,0.06493758257115383,False,0.001552517291852478,False
957,val,957:19,1,positive_gap,R-PLA,R-PLA,0.8734385245425561,False,0.9936220394571329,True,0.9910292135804648,True
957,val,957:19,0,wrong_branch,RCA,R-PLA,0.008831493943460958,False,0.8687172008126793,False,0.09003481120728975,False
957,val,957:20,1,positive_gap,OM2,OM2,0.7480689053429028,False,0.9951162217613972,True,0.9942663215725809,True
957,val,957:20,0,wrong_branch,D1,D2,7.583194971899436e-05,False,5.492053142988874e-07,False,7.628304044400845e-07,False
957,val,957:21,1,positive_gap,L-PDA,L-PDA,0.8178181503534219,False,0.98197601461238,True,0.9931584745900471,True
957,val,957:21,0,wrong_branch,RCA,R-PLA,0.002514597949456963,False,0.8628504011280467,False,0.030661866928763725,False
957,val,957:22,1,positive_gap,Other,Other,0.9464816579339914,True,0.9939890798338855,True,0.9994426587538596,True
957,val,957:22,0,wrong_branch,OM1,LCX,0.0005992058085401887,False,7.2302993595129e-05,False,4.288714712398326e-06,False
957,val,957:23,1,positive_gap,Other,Other,0.8735556641170109,False,0.9991336656666548,True,0.9994334666822335,True
957,val,957:23,0,wrong_branch,LAD,D2,0.0022534236777825827,False,0.009592194346690522,False,0.00011495366331770767,False
957,val,957:24,1,positive_gap,OM2,OM2,0.8771303279005214,False,0.9931705008175793,True,0.9975892612535171,True
957,val,957:24,0,wrong_branch,L-PDA,LCX,0.00057954160824556,False,0.8117157878256739,False,0.028868450126588712,False
957,val,957:25,1,positive_gap,OM2,OM2,0.9107978678659326,False,0.9940911890036961,True,0.9995155686273004,True
957,val,957:25,0,wrong_branch,D1,D2,2.878097634434227e-05,False,6.355784164129395e-08,False,4.993416914843442e-08,False
957,val,957:26,1,positive_gap,R-PDA,R-PDA,0.9085613656644157,False,0.9761415878158132,True,0.9828615415859491,True
957,val,957:26,0,wrong_branch,LCX,Other,0.0019823156270283126,False,0.006958651456553714,False,4.188008282243704e-05,False
958,test,958:0,1,positive_gap,LAD,LAD,0.6084870906841833,False,0.9712144417277903,True,0.967221743790201,True
958,test,958:0,0,wrong_branch,D1,LAD,0.8785235080001491,False,0.0015194942825874041,False,0.014224860904942406,False
958,test,958:1,1,positive_gap,R-PLA,R-PLA,0.9563170437997974,True,0.9178366733386253,True,0.9838754911939996,True
958,test,958:1,0,wrong_branch,OM1,LCX,0.9326439026999972,False,0.5509639554576468,False,0.8347975648456036,False
958,test,958:2,1,positive_gap,LAD,LAD,0.8579028135667165,False,0.9023213153087022,True,0.9356255538918912,True
958,test,958:2,0,wrong_branch,RCA,R-PDA,0.7792163567814638,False,0.014399719783646098,False,0.040450291572423296,False
958,test,958:3,1,positive_gap,R-PLA,R-PLA,0.8309207299608774,False,0.9968030487587357,True,0.9979186031616643,True
958,test,958:3,0,wrong_branch,LM,LCX,0.387736547248276,False,0.5420380999037133,False,0.2931811126837335,False
958,test,958:4,1,positive_gap,R-PDA,R-PDA,0.9456586923311462,True,0.9955618042217923,True,0.9984709336754812,True
958,test,958:4,0,wrong_branch,R-PLA,RCA,0.7443365218035655,False,0.8427590435681096,False,0.8542930220692222,False
958,test,958:5,1,positive_gap,D1,D1,0.8259120970965667,False,0.9972253686971715,True,0.9978508589615012,True
958,test,958:5,0,wrong_branch,LAD,D2,0.2341954413863339,False,0.0004484234212604729,False,0.000297352924659972,False
958,test,958:6,1,positive_gap,R-PLA,R-PLA,0.9531183628073266,True,0.9712961267640917,True,0.9925622296654588,True
958,test,958:6,0,wrong_branch,LAD,LM,0.5173934802834677,False,0.39011376319041247,False,0.17282247344472304,False
958,test,958:7,1,positive_gap,D2,D2,0.8061779538320855,False,0.9956387324283005,True,0.9961299082666868,True
958,test,958:7,0,wrong_branch,D1,LAD,0.07567278448582394,False,1.631079208188317e-07,False,2.6773188842469236e-07,False
958,test,958:8,1,positive_gap,D2,D2,0.4554186980188652,False,0.9976559738162204,True,0.9939080937281339,True
958,test,958:8,0,wrong_branch,D1,LAD,0.0197870727510532,False,0.003080134178261292,False,0.0001788651988015035,False
958,test,958:9,1,positive_gap,R-PLA,R-PLA,0.9024070304239621,False,0.9991082363469966,True,0.9998521283477856,True
958,test,958:9,0,wrong_branch,RCA,R-PDA,0.05461744215532984,False,0.040364438664606046,False,0.003225917594736216,False
958,test,958:10,1,positive_gap,D2,D2,0.6252276259663805,False,0.9995752645406958,True,0.9991069979408983,True
958,test,958:10,0,wrong_branch,OM1,LCX,0.05116732169919884,False,0.8051487613710752,False,0.13885593240111593,False
958,test,958:11,1,positive_gap,OM1,OM1,0.3437121110210896,False,0.9800252725071198,True,0.945230691792055,True
958,test,958:11,0,wrong_branch,LM,LCX,0.006051746264777616,False,0.2391679652676128,False,0.004331310318354756,False
958,test,958:12,1,positive_gap,RCA,RCA,0.8821233251223395,False,0.8955843520835447,False,0.9477330931065562,True
958,test,958:12,0,wrong_branch,OM1,LCX,0.039848484762973424,False,0.1812672695332057,False,0.011224932978783827,False
958,test,958:13,1,positive_gap,R-PLA,R-PLA,0.8422543506646909,False,0.9529528619034406,True,0.9507294552284115,True
958,test,958:13,0,wrong_branch,R-PLA,RCA,0.01595143306555324,False,0.8980121610642393,True,0.09281956297255119,False
958,test,958:14,1,positive_gap,R-PLA,R-PLA,0.7818624589318017,False,0.8667468242355174,False,0.9203672482540636,True
958,test,958:14,0,wrong_branch,LM,LCX,0.006021611393775409,False,0.35745685566868957,False,0.0064503705378830154,False
958,test,958:15,1,positive_gap,R-PDA,R-PDA,0.9343026225006009,False,0.9965753650434374,True,0.9987463727370867,True
958,test,958:15,0,wrong_branch,R-PLA,RCA,0.017719947010537924,False,0.8297900066675525,False,0.06120336994228716,False
958,test,958:16,1,positive_gap,D2,D2,0.6326693891735442,False,0.9991687284688808,True,0.997802672498219,True
958,test,958:16,0,wrong_branch,LAD,D2,0.0011935356321694682,False,0.0001757223815658445,False,1.8997232947858124e-06,False
958,test,958:17,1,positive_gap,R-PLA,R-PLA,0.6762655895882826,False,0.9461751181774257,True,0.9254692768554691,True
958,test,958:17,0,wrong_branch,LAD,D2,0.003580290141005297,False,2.2691548746546514e-05,False,1.3954053792278762e-06,False
958,test,958:18,1,positive_gap,R-PLA,R-PLA,0.9713486873763948,True,0.9936197498948296,True,0.998181770545956,True
958,test,958:18,0,wrong_branch,LAD,LM,0.0050796848082499966,False,0.08124477981486364,False,0.0005280390388605128,False
958,test,958:19,1,positive_gap,R-PLA,R-PLA,0.9257285951779898,False,0.9919034615918856,True,0.9977162930530905,True
958,test,958:19,0,wrong_branch,LAD,LM,0.002544646210079431,False,0.3092278502920479,False,0.0009762422735012619,False
958,test,958:20,1,positive_gap,R-PLA,R-PLA,0.8863341451769171,False,0.6846698924943565,False,0.8928082063934587,True
958,test,958:20,0,wrong_branch,RCA,R-PDA,0.0036923855744588363,False,0.00025846897479647713,False,6.654009008226072e-06,False
958,test,958:21,1,positive_gap,R-PLA,R-PLA,0.8235214028405072,False,0.993474576175159,True,0.9976792028507298,True
958,test,958:21,0,wrong_branch,D1,LAD,0.0005254455952504378,False,8.210695611268632e-07,False,8.521616723399658e-09,False
958,test,958:22,1,positive_gap,R-PLA,R-PLA,0.9492489835518492,True,0.9966750392083926,True,0.9988433031497406,True
958,test,958:22,0,wrong_branch,D1,LAD,0.00021806850765879605,False,6.212990345084566e-09,False,1.7757294477979387e-10,False
958,test,958:23,1,positive_gap,OM1,OM1,0.6400057635292454,False,0.900253178900327,True,0.899680136871477,True
958,test,958:23,0,wrong_branch,D1,LAD,9.725209455499211e-05,False,0.00699285918852688,False,3.7160665671066057e-06,False
959,train,959:0,1,positive_gap,RCA,RCA,0.824657906548591,False,0.8636680585158737,False,0.8352399314145915,False
959,train,959:0,0,wrong_branch,R-PLA,RCA,0.8043603153198537,False,0.5600030274233401,False,0.6865048756884516,False
959,train,959:1,1,positive_gap,D1,D1,0.9265653680122089,False,0.9896023124656944,True,0.9944776270042194,True
959,train,959:1,0,wrong_branch,LAD,LM,0.9039094046014745,False,0.3419302871561147,False,0.5865945435129577,False
959,train,959:2,1,positive_gap,OM1,OM1,0.9732226261298924,True,0.9992135820496197,True,0.9994117063633253,True
959,train,959:2,0,wrong_branch,R-PDA,R-PLA,0.5284503212040415,False,0.051034353828221905,False,0.07218444259648593,False
959,train,959:3,1,positive_gap,R-PDA,R-PDA,0.8591975976466479,False,0.997033444011464,True,0.9949890590647599,True
959,train,959:3,0,wrong_branch,D1,LAD,0.0313135322591993,False,0.001309250511503296,False,0.00016564378315408803,False
959,train,959:4,1,positive_gap,R-PDA,R-PDA,0.865993023858598,False,0.9993204066436728,True,0.9993377112027524,True
959,train,959:4,0,wrong_branch,D1,LAD,0.011772309246289496,False,0.06551007904219117,False,0.0015455060852733106,False
959,train,959:5,1,positive_gap,R-PDA,R-PDA,0.9374471063736038,False,0.998889994967599,True,0.9991480882079521,True
959,train,959:5,0,wrong_branch,D2,LAD,0.003740175045820514,False,0.05924995422861375,False,0.0013220014442127238,False
959,train,959:6,1,positive_gap,OM1,OM1,0.8280280219080813,False,0.9993831770300972,True,0.9996981790668145,True
959,train,959:6,0,wrong_branch,LAD,LM,0.07857730659400744,False,0.13350950202691242,False,0.012595704251060758,False
959,train,959:7,1,positive_gap,LAD,LAD,0.5385103445507402,False,0.9982664246721109,True,0.9788453306849061,True
959,train,959:7,0,wrong_branch,R-PLA,RCA,0.018038201569995787,False,0.2623170894050212,False,0.006441618387957632,False
959,train,959:8,1,positive_gap,LCX,LCX,0.8282976601011307,False,0.9387171672377189,True,0.9633672746084603,True
959,train,959:8,0,wrong_branch,LAD,LM,0.018477409111400448,False,0.33360474818177477,False,0.006907272003835201,False
959,train,959:9,1,positive_gap,R-PDA,R-PDA,0.7821370875936791,False,0.9864916696177986,True,0.98170787847041,True
959,train,959:9,0,wrong_branch,R-PDA,R-PLA,0.012270925702646167,False,0.00961306707829802,False,0.0005007672947038902,False
959,train,959:10,1,positive_gap,LAD,LAD,0.6202339639834836,False,0.9996857877340221,True,0.9996324813249067,True
959,train,959:10,0,wrong_branch,LCX,LM,0.0005405613098855412,False,0.002399254001005394,False,1.8283786272203664e-05,False
959,train,959:11,1,positive_gap,R-PDA,R-PDA,0.676470192578146,False,0.9959343399366252,True,0.992935766890538,True
959,train,959:11,0,wrong_branch,D2,LAD,0.0002726089923766731,False,0.12427573144304113,False,0.0003499085469030641,False
959,train,959:12,1,positive_gap,OM1,OM1,0.6561794130360727,False,0.9989447539243348,True,0.9881854223629273,True
959,train,959:12,0,wrong_branch,R-PDA,R-PLA,0.0020585918105835615,False,0.23665720431021647,False,0.0026816551511012927,False
959,train,959:13,1,positive_gap,D1,D1,0.803823724292238,False,0.9994789001976493,True,0.9996984004345998,True
959,train,959:13,0,wrong_branch,D1,LAD,0.00010220043466651151,False,0.0006355626599276105,False,7.752937648613765e-07,False
959,train,959:14,1,positive_gap,RCA,RCA,0.86256992152922,False,0.8642318443262744,False,0.9141845235091317,True
959,train,959:14,0,wrong_branch,D2,LAD,0.00017044470048471595,False,0.0768177680281294,False,6.986193289349976e-05,False
959,train,959:15,1,positive_gap,LCX,LCX,0.9027254390959747,False,0.5438358433621683,False,0.8082060649396778,False
959,train,959:15,0,wrong_branch,D1,LAD,0.0005119454292723916,False,0.002215580184918386,False,4.704745985237788e-06,False
959,train,959:16,1,positive_gap,LAD,LAD,0.8093860759869737,False,0.9984429908399762,True,0.9974435199941697,True
959,train,959:16,0,wrong_branch,R-PLA,RCA,7.670619832537219e-05,False,0.22315610378220577,False,7.536502491230255e-05,False
960,train,960:0,1,positive_gap,R-PLA,R-PLA,0.8829659347532063,False,0.9515328557583103,True,0.9753672718812028,True
960,train,960:0,0,wrong_branch,LAD,D1,0.7453822645173023,False,0.019151853029082667,False,0.04367480765869638,False
960,train,960:1,1,positive_gap,R-PDA,R-PDA,0.6924098925338315,False,0.9500441211338474,True,0.9739121762967125,True
960,train,960:1,0,wrong_branch,LM,LAD,0.567027797713599,False,0.00072191915435769,False,0.00288047018359175,False
960,train,960:2,1,positive_gap,RCA,RCA,0.8778862374016034,False,0.7120314448732937,False,0.8873087326964532,True
960,train,960:2,0,wrong_branch,RCA,R-PLA,0.9102264756115357,False,0.596867251572896,False,0.8431751027874068,False
960,train,960:3,1,positive_gap,R-PLA,R-PLA,0.8449368823143629,False,0.5951274156990105,False,0.8142794318503699,False
960,train,960:3,0,wrong_branch,R-PDA,RCA,0.008479868655910452,False,0.000498015435730767,False,1.7666191081994486e-05,False
960,train,960:4,1,positive_gap,D1,D1,0.623904972951623,False,0.9977301084457313,True,0.997529708669233,True
960,train,960:4,0,wrong_branch,LAD,D1,0.015977922161647055,False,0.05648798153267875,False,0.0010193718158947578,False
960,train,960:5,1,positive_gap,LCX,LCX,0.8168742670096514,False,0.8090350877069082,False,0.9098188270374548,True
960,train,960:5,0,wrong_branch,LM,LAD,0.02943533654687436,False,0.00014213194498286232,False,2.3317088019650685e-05,False
960,train,960:6,1,positive_gap,R-PDA,R-PDA,0.9040814954600462,False,0.9469093917404754,True,0.9861660947172105,True
960,train,960:6,0,wrong_branch,LM,LAD,0.004450689140834639,False,0.00019483597106345626,False,1.0685705265476697e-05,False
960,train,960:7,1,positive_gap,LAD,LAD,0.9088515442511151,False,0.8949905477750073,False,0.9668883179484793,True
960,train,960:7,0,wrong_branch,RCA,R-PLA,0.030845106487889004,False,0.37989597197623304,False,0.020986821264475947,False
960,train,960:8,1,positive_gap,LAD,LAD,0.8899749473082298,False,0.8817558469811162,False,0.9484168301319331,True
960,train,960:8,0,wrong_branch,RCA,R-PLA,0.023904097939004526,False,0.6589336139701378,False,0.0468765701819321,False
960,train,960:9,1,positive_gap,D1,D1,0.8266855349403843,False,0.9968105872676253,True,0.9982690000858074,True
960,train,960:9,0,wrong_branch,LAD,D1,0.003339365129251594,False,0.004772176614445132,False,0.00010550209637644927,False
960,train,960:10,1,positive_gap,R-PDA,R-PDA,0.8530019234217895,False,0.9149883280188065,True,0.9666884678430543,True
960,train,960:10,0,wrong_branch,R-PDA,RCA,6.070587117421707e-05,False,0.00021005252144110794,False,2.0680462876460556e-07,False
960,train,960:11,1,positive_gap,OM1,OM1,0.8930870253016263,False,0.9972234308844423,True,0.9993479913310905,True
960,train,960:11,0,wrong_branch,R-PDA,RCA,0.0002558737040245603,False,0.0003909994220577216,False,7.756207500856083e-07,False
960,train,960:12,1,positive_gap,R-PDA,R-PDA,0.6239918624915853,False,0.9662026746423188,True,0.9782577731767116,True
960,train,960:12,0,wrong_branch,LM,LAD,4.32742170471357e-05,False,4.032793386837713e-06,False,8.871140738009193e-09,False
961,val,961:0,1,positive_gap,LAD,LAD,0.8025578141528444,False,0.9427530652279335,True,0.9747249403990957,True
961,val,961:0,0,wrong_branch,D1,LAD,0.9633754077607404,True,0.003160581836383478,False,0.035758032689385655,False
961,val,961:1,1,positive_gap,LCX,LCX,0.9918504179986226,True,0.8622942504561499,False,0.9927279201115413,True
961,val,961:1,0,wrong_branch,LM,LAD,0.9338939008662723,False,0.004557534620282914,False,0.06013806325769088,False
961,val,961:2,1,positive_gap,R-PLA,R-PLA,0.9335399575664838,False,0.9942167226064543,True,0.9971195794352233,True
961,val,961:2,0,wrong_branch,R-PLA,RCA,0.9455617615123001,True,0.8293477872957729,False,0.9630650693037001,True
961,val,961:3,1,positive_gap,LAD,LAD,0.9628862330190343,True,0.9839435100980977,True,0.995842761128173,True
961,val,961:3,0,wrong_branch,LAD,D2,0.8123201564857481,False,0.005038490462407822,False,0.01295844937876109,False
961,val,961:4,1,positive_gap,OM1,OM1,0.8840487433674965,False,0.9498411652149077,True,0.9710235578415416,True
961,val,961:4,0,wrong_branch,LM,LCX,0.5418429384981429,False,0.3261451812669212,False,0.23286327291653622,False
961,val,961:5,1,positive_gap,D2,D2,0.9213631958601232,False,0.9795795173672162,True,0.9872206048528666,True
961,val,961:5,0,wrong_branch,R-PDA,R-PLA,0.5412135942364726,False,0.0018966579439082553,False,0.009041918067265078,False
961,val,961:6,1,positive_gap,D2,D2,0.6833955773109117,False,0.9631980693002848,True,0.9598532494975993,True
961,val,961:6,0,wrong_branch,D1,LAD,0.14872930065477205,False,0.011030138973889379,False,0.0015046955861467326,False
961,val,961:7,1,positive_gap,D2,D2,0.8381331298943837,False,0.7108250018860155,False,0.8316148442355642,False
961,val,961:7,0,wrong_branch,R-PDA,R-PLA,0.0062771987712230805,False,1.9132286539072212e-06,False,4.019499667792821e-05,False
961,val,961:8,1,positive_gap,LCX,LCX,0.9267175235224914,False,0.8963120270935119,True,0.9672018616643947,True
961,val,961:8,0,wrong_branch,LM,LAD,0.2851761552372133,False,0.017391942660721218,False,0.009133898576085694,False
961,val,961:9,1,positive_gap,OM1,OM1,0.9476313521799526,True,0.9899867542885935,True,0.9968097077521835,True
961,val,961:9,0,wrong_branch,D1,LAD,0.03817301376982946,False,2.1449311934608126e-06,False,1.0834973882075706e-06,False
961,val,961:10,1,positive_gap,R-PLA,R-PLA,0.9081400177407624,False,0.9962788783596487,True,0.9980185125294612,True
961,val,961:10,0,wrong_branch,LCX,OM1,0.2645594769047816,False,0.7993966579018147,False,0.49056369497958136,False
961,val,961:11,1,positive_gap,LAD,LAD,0.762859181232561,False,0.9963366956201305,True,0.998056385583661,True
961,val,961:11,0,wrong_branch,LM,LAD,0.10840896706760882,False,0.0018393357947561007,False,0.0008262496819966481,False
961,val,961:12,1,positive_gap,OM1,OM1,0.753222057167851,False,0.9756780894764421,True,0.9939293782321672,True
961,val,961:12,0,wrong_branch,OM1,LCX,0.000876041599478808,False,0.00010222613878820488,False,2.1155398062232343e-05,False
961,val,961:13,1,positive_gap,OM1,OM1,0.7011910948879378,False,0.5158777308236723,False,0.6507884285047234,False
961,val,961:13,0,wrong_branch,OM1,LCX,0.003736071342849283,False,9.957175221688851e-05,False,2.9594564097809342e-05,False
961,val,961:14,1,positive_gap,RCA,RCA,0.9537162935018756,True,0.808556892536734,False,0.9264999006242002,True
961,val,961:14,0,wrong_branch,OM1,LCX,0.005402392353082257,False,0.00013812967868584436,False,5.882072315520951e-05,False
961,val,961:15,1,positive_gap,OM1,OM1,0.7962773596404279,False,0.9916651930676534,True,0.9928340212691265,True
961,val,961:15,0,wrong_branch,LAD,D2,0.026906316222541884,False,0.007692822873095839,False,0.0003739052627369395,False
961,val,961:16,1,positive_gap,OM1,OM1,0.9162670748025276,False,0.9937953593920786,True,0.9973862933393606,True
961,val,961:16,0,wrong_branch,R-PLA,RCA,0.03561889412584441,False,0.6223786979514283,False,0.10005998702050199,False
961,val,961:17,1,positive_gap,RCA,RCA,0.8857531967435751,False,0.5902176164789525,False,0.8033532339069149,False
961,val,961:17,0,wrong_branch,LM,LCX,0.01623021479198903,False,0.1576211538313636,False,0.005558376188316203,False
961,val,961:18,1,positive_gap,R-PDA,R-PDA,0.5051503027315829,False,0.9975512816908352,True,0.9846684353481175,True
961,val,961:18,0,wrong_branch,LM,LCX,0.008550093479998074,False,0.14108741005864558,False,0.002071113867344632,False
961,val,961:19,1,positive_gap,R-PLA,R-PLA,0.9195683898315303,False,0.9907634498375443,True,0.9960612934674209,True
961,val,961:19,0,wrong_branch,R-PLA,RCA,0.05356292615367056,False,0.7993768252271974,False,0.18156891642902478,False
961,val,961:20,1,positive_gap,D2,D2,0.9313756159733022,False,0.9761842834462011,True,0.9919186408242748,True
961,val,961:20,0,wrong_branch,LAD,D2,0.015839689153714462,False,0.00014889729413944107,False,7.88651560968502e-06,False
961,val,961:21,1,positive_gap,OM1,OM1,0.9384403650328267,False,0.9971792220724527,True,0.9995761459505375,True
961,val,961:21,0,wrong_branch,R-PDA,R-PLA,0.006342034316973305,False,0.0011410836419290386,False,0.0002818483789464761,False
961,val,961:22,1,positive_gap,LAD,LAD,0.9384631068927913,False,0.7896732666857424,False,0.9498293058366767,True
961,val,961:22,0,wrong_branch,R-PDA,R-PLA,0.004370997857010663,False,0.02431384528352339,False,0.00045556414544688716,False
961,val,961:23,1,positive_gap,LCX,LCX,0.8686317849916471,False,0.9844325177871883,True,0.9736125228559852,True
961,val,961:23,0,wrong_branch,OM1,LCX,0.00038882162029241885,False,2.484061178660926e-05,False,1.4342064550188708e-06,False
961,val,961:24,1,positive_gap,RCA,RCA,0.8391156033829201,False,0.90472676554845,True,0.9376470226131394,True
961,val,961:24,0,wrong_branch,R-PDA,R-PLA,0.00012588654809091743,False,3.587845762193307e-06,False,1.4919755063634258e-06,False
961,val,961:25,1,positive_gap,RCA,RCA,0.5703355793426915,False,0.8593651165381897,False,0.8578712831638645,True
961,val,961:25,0,wrong_branch,OM1,LCX,2.0536743586325846e-05,False,2.9807012780215187e-05,False,4.0478697763657915e-07,False
961,val,961:26,1,positive_gap,LAD,LAD,0.9522678535925623,True,0.7220435060974106,False,0.9015711474974244,True
961,val,961:26,0,wrong_branch,R-PDA,R-PLA,9.407119270933104e-05,False,1.8310541578462028e-05,False,1.5155815553167264e-06,False
961,val,961:27,1,positive_gap,R-PDA,R-PDA,0.8506376944248155,False,0.986195786846508,True,0.9970895502411917,True
961,val,961:27,0,wrong_branch,LM,LAD,0.003417533824130057,False,0.006382611907761712,False,9.09818582832123e-05,False
961,val,961:28,1,positive_gap,OM1,OM1,0.8087144961902789,False,0.9977942072563696,True,0.9994320287504096,True
961,val,961:28,0,wrong_branch,D1,LAD,0.00019027696424933722,False,1.3105478030625059e-07,False,2.4657657779306593e-09,False
961,val,961:29,1,positive_gap,LAD,LAD,0.9473469424070695,True,0.9478686487687302,True,0.9769397820845511,True
961,val,961:29,0,wrong_branch,D1,LAD,0.0003298662406706974,False,1.0546520784298404e-05,False,4.1254913041653695e-08,False
961,val,961:30,1,positive_gap,D2,D2,0.8469570517564431,False,0.8243602996923617,False,0.969081214882006,True
961,val,961:30,0,wrong_branch,OM1,LCX,8.164847443422016e-05,False,3.739354998478723e-05,False,1.4192118205337362e-06,False
961,val,961:31,1,positive_gap,OM1,OM1,0.9602981655209886,True,0.9497482442549429,True,0.9919799982874008,True
961,val,961:31,0,wrong_branch,LM,LCX,0.00013513168180215952,False,0.02704895980991831,False,2.293216363575741e-05,False
961,val,961:32,1,positive_gap,LAD,LAD,0.9495766086852457,True,0.9559219413457075,True,0.9945331455611864,True
961,val,961:32,0,wrong_branch,D1,LAD,0.0001560428717299736,False,0.023854015721363402,False,1.043307878454642e-05,False
961,val,961:33,1,positive_gap,R-PLA,R-PLA,0.8983349675692051,False,0.9526055715595153,True,0.9875033957895956,True
961,val,961:33,0,wrong_branch,LCX,OM1,0.0010789237590847424,False,0.9254494995097605,True,0.016574426340517562,False
961,val,961:34,1,positive_gap,R-PLA,R-PLA,0.9418564612332644,True,0.9170340695763536,True,0.9954470901069364,True
961,val,961:34,0,wrong_branch,LCX,OM1,0.0009000590175100621,False,0.5187193243184259,False,0.0029248869838525908,False
963,train,963:0,1,positive_gap,LAD,LAD,0.8640791922691828,False,0.9732991808279655,True,0.9828884001011615,True
963,train,963:0,0,wrong_branch,LM,LAD,0.9457476995096151,True,0.0061188328148523395,False,0.08410358951287761,False
963,train,963:1,1,positive_gap,LAD,LAD,0.702292332475247,False,0.9441934528800106,True,0.9203221001345088,True
963,train,963:1,0,wrong_branch,OM2,LCX,0.8298799358292868,False,0.2153689557862142,False,0.39431565996422563,False
963,train,963:2,1,positive_gap,R-PDA,R-PDA,0.8047040474274821,False,0.9945548033968197,True,0.9966542122789223,True
963,train,963:2,0,wrong_branch,LCX,LM,0.3218437555164465,False,0.2594361665746902,False,0.08357909618091079,False
963,train,963:3,1,positive_gap,RCA,RCA,0.8762732471437672,False,0.8927635574604267,False,0.9449145183382394,True
963,train,963:3,0,wrong_branch,R-PDA,RCA,0.9148392110873153,False,0.7761370664547915,False,0.9369613483152528,True
963,train,963:4,1,positive_gap,RCA,RCA,0.9477054641162941,True,0.5950763048163907,False,0.8894263855540709,True
963,train,963:4,0,wrong_branch,LAD,D2,0.6424579249759402,False,0.05891431332598374,False,0.07404335065400572,False
963,train,963:5,1,positive_gap,RCA,RCA,0.7882824065016074,False,0.633384951869987,False,0.7635254077799613,False
963,train,963:5,0,wrong_branch,LCX,OM1,0.1272383370807508,False,0.00012477559824073013,False,0.00012912650231171026,False
963,train,963:6,1,positive_gap,LCX,LCX,0.8743110663805566,False,0.572925454104195,False,0.77939926748562,False
963,train,963:6,0,wrong_branch,LCX,LAD,0.03797916104272969,False,0.20347564188175404,False,0.015071955720833615,False
963,train,963:7,1,positive_gap,R-PDA,R-PDA,0.9275802465483207,False,0.9950307983058035,True,0.999174070766168,True
963,train,963:7,0,wrong_branch,LAD,D1,0.08866630776277468,False,9.262263189550496e-05,False,0.00010467592235367923,False
963,train,963:8,1,positive_gap,OM1,OM1,0.6283498013620527,False,0.9987872612112138,True,0.9991475895964308,True
963,train,963:8,0,wrong_branch,R-PDA,R-PLA,0.16295299687183376,False,0.19632734473797006,False,0.0645241121925965,False
963,train,963:9,1,positive_gap,R-PLA,R-PLA,0.9143662592551498,False,0.9992220680239966,True,0.9998600897330724,True
963,train,963:9,0,wrong_branch,LM,LAD,0.26872960960216913,False,0.020991608959272278,False,0.010000779210872687,False
963,train,963:10,1,positive_gap,D2,D2,0.8852677616792842,False,0.9977749473941923,True,0.9990073217314247,True
963,train,963:10,0,wrong_branch,LM,LAD,0.03296832197550274,False,0.018286944295824104,False,0.0015770916132244947,False
963,train,963:11,1,positive_gap,R-PDA,R-PDA,0.6651031816394852,False,0.9983325556550517,True,0.9987603449620398,True
963,train,963:11,0,wrong_branch,LCX,LM,0.013551995200439128,False,0.1252152214254863,False,0.0016608959109213064,False
963,train,963:12,1,positive_gap,R-PDA,R-PDA,0.4975982820557209,False,0.9681060053734108,True,0.9668246700555012,True
963,train,963:12,0,wrong_branch,OM2,LCX,0.012004075714000811,False,0.0007173644688111636,False,2.3744427246789676e-05,False
963,train,963:13,1,positive_gap,OM2,OM2,0.9535333006021937,True,0.935743565145087,True,0.9871217492605523,True
963,train,963:13,0,wrong_branch,R-PDA,RCA,0.06663966030225822,False,0.6513021163640518,False,0.11621206513702081,False
963,train,963:14,1,positive_gap,R-PLA,R-PLA,0.9139737292319491,False,0.9990727921594221,True,0.9998590658007013,True
963,train,963:14,0,wrong_branch,R-PDA,RCA,0.03463050767867955,False,0.8024251383761373,False,0.11709461733157582,False
963,train,963:15,1,positive_gap,OM1,OM1,0.8787376815867147,False,0.9609097235959972,True,0.9877289367368002,True
963,train,963:15,0,wrong_branch,LAD,D2,0.0179360119179905,False,0.02519825720375534,False,0.0016336504839694409,False
963,train,963:16,1,positive_gap,RCA,RCA,0.5694553708962787,False,0.8113745974528812,False,0.6927168290287854,False
963,train,963:16,0,wrong_branch,LCX,OM1,0.00014013848124865604,False,5.139315582821332e-07,False,2.5044472707633533e-08,False
963,train,963:17,1,positive_gap,LCX,LCX,0.8860806140054788,False,0.8618048888610271,False,0.924853277153554,True
963,train,963:17,0,wrong_branch,LCX,OM1,0.009302272682909759,False,0.00030214214107813646,False,1.3675216667919116e-05,False
963,train,963:18,1,positive_gap,RCA,RCA,0.7455718665291198,False,0.7357405358341185,False,0.7095986313575805,False
963,train,963:18,0,wrong_branch,LAD,D2,0.009748987309822965,False,0.054634727825879276,False,0.0011806607703189864,False
963,train,963:19,1,positive_gap,R-PDA,R-PDA,0.7625939581860207,False,0.9529713204224903,True,0.9787997870244318,True
963,train,963:19,0,wrong_branch,OM2,LCX,6.583575466547399e-05,False,7.503960306110071e-08,False,3.4037548157712504e-08,False
963,train,963:20,1,positive_gap,OM1,OM1,0.7364635747155839,False,0.9993551853392596,True,0.9997610156143423,True
963,train,963:20,0,wrong_branch,OM2,LCX,9.892908262886234e-05,False,8.275429204156249e-08,False,1.1810140826365349e-07,False
963,train,963:21,1,positive_gap,OM1,OM1,0.8172989095460718,False,0.7149272762892112,False,0.9596722758468107,True
963,train,963:21,0,wrong_branch,OM2,LCX,0.0003951101891061883,False,0.0008986841015543107,False,1.664579032362089e-05,False
963,train,963:22,1,positive_gap,LCX,LCX,0.7539123528227016,False,0.5130834549859459,False,0.590100279318514,False
963,train,963:22,0,wrong_branch,OM2,LCX,0.00010851646961987396,False,2.7026784832650306e-08,False,3.4889267142046464e-08,False
963,train,963:23,1,positive_gap,LCX,LCX,0.9009864565680498,False,0.8173189948180176,False,0.9131723972893004,True
963,train,963:23,0,wrong_branch,LAD,D1,0.001891813737171194,False,0.0008475154349898522,False,9.827761250058306e-06,False
963,train,963:24,1,positive_gap,LCX,LCX,0.9163081808651001,False,0.6180949795691489,False,0.8715660818268992,True
963,train,963:24,0,wrong_branch,R-PDA,R-PLA,0.0028970145660507326,False,0.010665681706256223,False,0.00022305918791031256,False
963,train,963:25,1,positive_gap,D2,D2,0.9215683252859388,False,0.9566349965926345,True,0.9849827871935702,True
963,train,963:25,0,wrong_branch,R-PDA,R-PLA,0.0010539184596353906,False,0.059228879772943076,False,0.0002837944371332864,False
963,train,963:26,1,positive_gap,LCX,LCX,0.9002804389410773,False,0.7739157239318751,False,0.9245783283930271,True
963,train,963:26,0,wrong_branch,LAD,D1,0.00015898698125473376,False,2.2524997348986665e-05,False,1.7141312151370453e-07,False
963,train,963:27,1,positive_gap,RCA,RCA,0.8365538574252047,False,0.7464373428439739,False,0.8236549295228512,False
963,train,963:27,0,wrong_branch,OM2,LCX,0.00018191058948555471,False,0.00016649453407426937,False,5.356539189003032e-07,False
963,train,963:28,1,positive_gap,RCA,RCA,0.7874681221680577,False,0.7537049483831475,False,0.7715106975216469,False
963,train,963:28,0,wrong_branch,LM,LAD,0.0011485800009557146,False,0.05029812538905846,False,0.00020557751232302623,False
963,train,963:29,1,positive_gap,R-PDA,R-PDA,0.7016108974535836,False,0.9960819769586776,True,0.9986262325059628,True
963,train,963:29,0,wrong_branch,LCX,OM1,5.270344572802999e-06,False,2.993839556909411e-08,False,3.1662974103972374e-10,False
963,train,963:30,1,positive_gap,R-PDA,R-PDA,0.7211491137053491,False,0.997977063100687,True,0.9987327537325371,True
963,train,963:30,0,wrong_branch,LCX,LM,6.599394872529414e-05,False,0.2245525658128138,False,3.8234584573183764e-05,False
963,train,963:31,1,positive_gap,LM,LM,0.807356541067293,False,0.4759423715216492,False,0.6511999543911038,False
963,train,963:31,0,wrong_branch,LM,LAD,0.000633307550831311,False,0.013120493868590606,False,3.8446627757405544e-05,False
964,train,964:0,1,positive_gap,D1,D1,0.9192582616749561,False,0.9985500397336773,True,0.9996956834392499,True
964,train,964:0,0,wrong_branch,LAD,D1,0.9316409768628917,False,0.5892438364956396,False,0.881483334617162,True
964,train,964:1,1,positive_gap,R-PLA,R-PLA,0.9025076560639143,False,0.8700935251495542,False,0.9401118097266957,True
964,train,964:1,0,wrong_branch,LCX,LM,0.8177112071209813,False,0.02038329123524289,False,0.1140779347016831,False
964,train,964:2,1,positive_gap,IM,IM,0.8974273907460283,False,0.8284057753625881,False,0.9229189701013683,True
964,train,964:2,0,wrong_branch,RCA,R-PLA,0.8241798670329491,False,0.10388949021355469,False,0.2881332650249108,False
964,train,964:3,1,positive_gap,R-PLA,R-PLA,0.7745324342522232,False,0.996377875450808,True,0.9992809805129785,True
964,train,964:3,0,wrong_branch,LCX,OM1,0.48867511815333964,False,0.04717071044521591,False,0.02329064154860478,False
964,train,964:4,1,positive_gap,RCA,RCA,0.9483871611749557,True,0.9073700793784261,True,0.9746617636372694,True
964,train,964:4,0,wrong_branch,LM,IM,0.7255076869094478,False,0.002022161894675212,False,0.012152965013995059,False
964,train,964:5,1,positive_gap,R-PDA,R-PDA,0.7857331834948835,False,0.9476303700208133,True,0.942467041954566,True
964,train,964:5,0,wrong_branch,LAD,LM,0.22018726407731865,False,0.28178552525509754,False,0.09620778083864158,False
964,train,964:6,1,positive_gap,RCA,RCA,0.922312783033554,False,0.3997166983651257,False,0.7704915175560149,False
964,train,964:6,0,wrong_branch,RCA,R-PDA,0.4986993319823897,False,0.08517548482134349,False,0.07893451929387607,False
964,train,964:7,1,positive_gap,R-PDA,R-PDA,0.8225789761120958,False,0.9216159320912601,True,0.9405713574392482,True
964,train,964:7,0,wrong_branch,LAD,LM,0.13453656929470703,False,0.004261195941171823,False,0.0009615200847951862,False
964,train,964:8,1,positive_gap,D1,D1,0.7094996831898885,False,0.9984048090340797,True,0.9986603079000557,True
964,train,964:8,0,wrong_branch,LAD,D1,0.1452541257944893,False,0.01194772902038078,False,0.007728338704599993,False
964,train,964:9,1,positive_gap,R-PLA,R-PLA,0.7299168096538907,False,0.9878411210893673,True,0.9938975303018771,True
964,train,964:9,0,wrong_branch,LAD,D1,0.11263552580833915,False,0.5250593515287107,False,0.1336621048318973,False
964,train,964:10,1,positive_gap,IM,IM,0.8059872483858744,False,0.9246473396053961,True,0.9172750695801588,True
964,train,964:10,0,wrong_branch,LAD,IM,0.002787922312370713,False,5.6363688467029557e-05,False,1.8889362354581404e-05,False
964,train,964:11,1,positive_gap,L-PLA,L-PLA,0.9694449091062707,True,0.9918609826366606,True,0.9986210941753424,True
964,train,964:11,0,wrong_branch,LCX,LM,0.0175490139525842,False,0.05832593133707088,False,0.0022815328146792244,False
964,train,964:12,1,positive_gap,OM1,OM1,0.7861261614085253,False,0.9949898989434901,True,0.996911686276324,True
964,train,964:12,0,wrong_branch,LCX,L-PLA,0.011431992955128019,False,0.0011551119914379512,False,0.0005996086755085797,False
964,train,964:13,1,positive_gap,L-PLA,L-PLA,0.9275039452050873,False,0.9862507991218782,True,0.9944963511103446,True
964,train,964:13,0,wrong_branch,LCX,L-PLA,0.1825526044973969,False,0.8451827988470527,False,0.40204218202755626,False
964,train,964:14,1,positive_gap,RCA,RCA,0.8806420809501967,False,0.36457571702643815,False,0.7226834047397535,False
964,train,964:14,0,wrong_branch,LCX,LM,0.0496038936979172,False,0.03384391623166203,False,0.006451926125177368,False
964,train,964:15,1,positive_gap,LAD,LAD,0.832895152931562,False,0.7181438336102474,False,0.8043789361365563,False
964,train,964:15,0,wrong_branch,LAD,IM,0.001146749541276309,False,1.2757068582116206e-05,False,2.187977703564514e-06,False
964,train,964:16,1,positive_gap,R-PDA,R-PDA,0.9389245571200856,False,0.986671827430346,True,0.9943345011031417,True
964,train,964:16,0,wrong_branch,LAD,IM,0.0007517871424208329,False,1.2129497589734542e-06,False,2.5507282212858044e-07,False
964,train,964:17,1,positive_gap,LAD,LAD,0.7432422071862055,False,0.8921597937334635,False,0.8970514911184916,True
964,train,964:17,0,wrong_branch,LAD,IM,0.0017995472736263892,False,1.2142689876715838e-05,False,3.5440912680279912e-06,False
964,train,964:18,1,positive_gap,R-PDA,R-PDA,0.8640970291431124,False,0.7596017376897876,False,0.8192735340518548,False
964,train,964:18,0,wrong_branch,RCA,R-PLA,0.009731837474342094,False,0.1280589321832002,False,0.002741447060314704,False
964,train,964:19,1,positive_gap,D1,D1,0.9265281875997037,False,0.9626648199894413,True,0.9907758887035605,True
964,train,964:19,0,wrong_branch,RCA,R-PLA,0.022786574837649013,False,0.004897800697056059,False,0.000519419525130712,False
964,train,964:20,1,positive_gap,D1,D1,0.8862294846510547,False,0.998185027146997,True,0.9995568879332135,True
964,train,964:20,0,wrong_branch,LCX,OM1,0.003298560263224725,False,0.0012059658816457822,False,2.3630718119926892e-05,False
964,train,964:21,1,positive_gap,RCA,RCA,0.8910998328352613,False,0.7735321193688467,False,0.9152637375799753,True
964,train,964:21,0,wrong_branch,LM,IM,0.014769684985576587,False,0.005319767025575749,False,0.0005474862578771775,False
964,train,964:22,1,positive_gap,LAD,LAD,0.824949899014462,False,0.8255890718450465,False,0.8609195840800955,True
964,train,964:22,0,wrong_branch,LAD,IM,0.00015588193762174407,False,5.964299367579435e-09,False,5.084065883936093e-09,False
964,train,964:23,1,positive_gap,RCA,RCA,0.8012776328490074,False,0.8753863205404315,False,0.9035066160260469,True
964,train,964:23,0,wrong_branch,LM,IM,0.007375672451676209,False,3.0675261894907976e-07,False,7.178195554359649e-08,False
964,train,964:24,1,positive_gap,R-PDA,R-PDA,0.8509597372261237,False,0.8543135687262686,False,0.9072469061197518,True
964,train,964:24,0,wrong_branch,LAD,LM,0.001525725120475337,False,0.0031630491664386045,False,1.968326411846586e-05,False
964,train,964:25,1,positive_gap,R-PLA,R-PLA,0.8907370956581382,False,0.9851000314094922,True,0.99193048196143,True
964,train,964:25,0,wrong_branch,LAD,LM,0.006559504329948699,False,0.014951112333704821,False,0.00018052353447681448,False
964,train,964:26,1,positive_gap,R-PLA,R-PLA,0.8433695519049547,False,0.8637138336464881,False,0.940862353092189,True
964,train,964:26,0,wrong_branch,LCX,L-PLA,3.930725060998052e-05,False,0.00012662530447683554,False,1.8507043493043643e-05,False
964,train,964:27,1,positive_gap,R-PDA,R-PDA,0.913631134754812,False,0.9853008375548314,True,0.9932351545745525,True
964,train,964:27,0,wrong_branch,LCX,L-PLA,5.032446939619977e-05,False,0.00039215483955981736,False,3.8591263207728674e-05,False
964,train,964:28,1,positive_gap,R-PDA,R-PDA,0.7985078327822883,False,0.968071004484314,True,0.9491006681952412,True
964,train,964:28,0,wrong_branch,LAD,D1,0.0028388306372353796,False,0.01743786358479109,False,0.00039186991099451375,False
964,train,964:29,1,positive_gap,D1,D1,0.6400135325658195,False,0.9997208451982157,True,0.9987130115132132,True
964,train,964:29,0,wrong_branch,LAD,D1,0.0003190062243913039,False,0.5342404556421053,False,0.0007875392373774316,False
964,train,964:30,1,positive_gap,D1,D1,0.819397370593693,False,0.9677990329862282,True,0.9851170037267064,True
964,train,964:30,0,wrong_branch,RCA,R-PDA,0.003411844619266817,False,0.10179564296473537,False,0.0009782979404931286,False
964,train,964:31,1,positive_gap,LAD,LAD,0.8816513140807067,False,0.785182455716534,False,0.9310801312775511,True
964,train,964:31,0,wrong_branch,LCX,LM,0.00019799524540033172,False,0.033763893588762924,False,3.658824000704421e-05,False
964,train,964:32,1,positive_gap,R-PLA,R-PLA,0.9329826827238445,False,0.9554077974625587,True,0.9866296387289152,True
964,train,964:32,0,wrong_branch,RCA,R-PDA,0.003381389241366872,False,0.043263410901877096,False,0.0004369728803807056,False
964,train,964:33,1,positive_gap,R-PLA,R-PLA,0.8780039836520184,False,0.9990130526283753,True,0.9996564465307671,True
964,train,964:33,0,wrong_branch,LAD,IM,7.484945106730384e-05,False,2.6919085367009804e-06,False,4.261097784369192e-08,False
964,train,964:34,1,positive_gap,L-PLA,L-PLA,0.75856135665143,False,0.99893356778771,True,0.9971386211447434,True
964,train,964:34,0,wrong_branch,LAD,IM,0.00014383419169393513,False,0.0001814612113036017,False,3.655602058567697e-06,False
964,train,964:35,1,positive_gap,R-PDA,R-PDA,0.7719997329901833,False,0.5897162926004098,False,0.7089206517208233,False
964,train,964:35,0,wrong_branch,LAD,IM,4.711742909134474e-05,False,0.0001148438316781839,False,5.657619991946145e-07,False
964,train,964:36,1,positive_gap,LAD,LAD,0.780101418239564,False,0.9951352098774459,True,0.9979477556933641,True
964,train,964:36,0,wrong_branch,LAD,LM,0.00024514344664171306,False,0.329230932722705,False,0.00035430805931187926,False
964,train,964:37,1,positive_gap,R-PDA,R-PDA,0.91264433711833,False,0.9940784993373399,True,0.9945208169972644,True
964,train,964:37,0,wrong_branch,LAD,IM,0.00012753965248309682,False,6.757721876867682e-05,False,4.4960142869164687e-07,False
964,train,964:38,1,positive_gap,L-PLA,L-PLA,0.8371878276236355,False,0.9989726859978989,True,0.9980197984590481,True
964,train,964:38,0,wrong_branch,LCX,LM,0.0002642240993672151,False,0.0027725772887715605,False,6.9588543772578355e-06,False
965,val,965:0,1,positive_gap,R-PLA,R-PLA,0.8410496842281542,False,0.9400499708111926,True,0.9527930644412399,True
965,val,965:0,0,wrong_branch,R-PDA,RCA,0.8216564265123815,False,2.897495887858344e-06,False,3.369468154566807e-05,False
965,val,965:1,1,positive_gap,D2,D2,0.9583985425232501,True,0.9769575988050229,True,0.9958654149081381,True
965,val,965:1,0,wrong_branch,LCX,OM1,0.9562044749170651,True,0.43898557042995284,False,0.8747457592529394,True
965,val,965:2,1,positive_gap,RCA,RCA,0.8610787815350791,False,0.18195317756721185,False,0.44552986234027236,False
965,val,965:2,0,wrong_branch,D2,LAD,0.8689328982169611,False,0.19088941022267011,False,0.37284228053347346,False
965,val,965:3,1,positive_gap,RCA,RCA,0.9164222404254984,False,0.5439210003960132,False,0.8112702794444675,False
965,val,965:3,0,wrong_branch,RCA,R-PDA,0.7897018828360194,False,0.8998133834749988,True,0.9271623912600444,True
965,val,965:4,1,positive_gap,LM,LM,0.8618609175204478,False,0.6045903405192498,False,0.7661951840942915,False
965,val,965:4,0,wrong_branch,D1,LAD,0.15463413800526565,False,0.07679123178114404,False,0.03739502514971231,False
965,val,965:5,1,positive_gap,R-PDA,R-PDA,0.9060038426752,False,0.8257216904643367,False,0.9392852858507829,True
965,val,965:5,0,wrong_branch,R-PDA,RCA,0.05577071684915062,False,1.230137664707113e-07,False,3.5085117409179425e-07,False
965,val,965:6,1,positive_gap,R-PDA,R-PDA,0.8112380870612884,False,0.9930373116140309,True,0.9945407792898602,True
965,val,965:6,0,wrong_branch,R-PDA,RCA,0.053023129638499686,False,7.828833044318982e-06,False,2.1358717402250907e-06,False
965,val,965:7,1,positive_gap,LCX,LCX,0.9004188978326992,False,0.9377063626762455,True,0.9724002519888971,True
965,val,965:7,0,wrong_branch,R-PLA,R-PDA,0.052158062998049794,False,0.131924885608834,False,0.01242601816540757,False
965,val,965:8,1,positive_gap,R-PDA,R-PDA,0.735301562338166,False,0.9979777241202328,True,0.9991998036210616,True
965,val,965:8,0,wrong_branch,D2,LAD,0.011225386901488667,False,0.07382721331011181,False,0.0012671836066557819,False
965,val,965:9,1,positive_gap,LM,LM,0.9015261994096,False,0.6845732287803412,False,0.8129905164473243,False
965,val,965:9,0,wrong_branch,LCX,OM1,0.03089654447606975,False,0.575013244386743,False,0.04642770326459146,False
965,val,965:10,1,positive_gap,RCA,RCA,0.9402747647356888,False,0.8776412143315838,False,0.968446016425774,True
965,val,965:10,0,wrong_branch,D2,LAD,0.02511052299229844,False,0.4278795953581758,False,0.01827259325540266,False
965,val,965:11,1,positive_gap,LM,LM,0.8531705959180887,False,0.6486080780096146,False,0.7923934833599606,False
965,val,965:11,0,wrong_branch,LCX,OM1,0.014259112544549087,False,0.20348330766081318,False,0.00694229556938961,False
965,val,965:12,1,positive_gap,R-PLA,R-PLA,0.7530202375554298,False,0.9449932106070174,True,0.9543619793076905,True
965,val,965:12,0,wrong_branch,D1,LAD,0.0008249640552795218,False,0.36652423724970024,False,0.0019781975365091,False
965,val,965:13,1,positive_gap,IM,IM,0.8922867667292377,False,0.9991782873234933,True,0.9991649570658805,True
965,val,965:13,0,wrong_branch,LM,IM,0.005153988553954668,False,5.34110003058952e-05,False,1.260659781202883e-06,False
965,val,965:14,1,positive_gap,LCX,LCX,0.909446918923567,False,0.9370814660500898,True,0.9832590082076652,True
965,val,965:14,0,wrong_branch,RCA,R-PDA,0.009582107988955079,False,0.877503487289358,False,0.06130976762540733,False
965,val,965:15,1,positive_gap,LM,LM,0.8836512420596051,False,0.6431554422136988,False,0.7545952015247586,False
965,val,965:15,0,wrong_branch,R-PDA,RCA,0.0003922696407009916,False,1.049623355878868e-07,False,7.628313228057786e-09,False
965,val,965:16,1,positive_gap,R-PDA,R-PDA,0.8047480298552689,False,0.9974600391361368,True,0.9978462721424808,True
965,val,965:16,0,wrong_branch,R-PDA,RCA,0.0011859145016333817,False,2.5661787323264675e-07,False,1.7096862946483655e-08,False
965,val,965:17,1,positive_gap,R-PLA,R-PLA,0.8577724517501488,False,0.9787454442010011,True,0.9788129384203056,True
965,val,965:17,0,wrong_branch,D1,LAD,0.0007025620200811612,False,0.021527336345919093,False,0.00013450281451648816,False
965,val,965:18,1,positive_gap,R-PLA,R-PLA,0.9207018951105034,False,0.9991456595197046,True,0.9996260532628186,True
965,val,965:18,0,wrong_branch,D1,LAD,2.4054091019423888e-05,False,1.0258883280612314e-06,False,1.1456892661927898e-07,False
965,val,965:19,1,positive_gap,LAD,LAD,0.8295595245121331,False,0.6446592063838195,False,0.6796497056518044,False
965,val,965:19,0,wrong_branch,LM,LAD,0.0007362214701718265,False,0.049204137522823564,False,0.000186523459006919,False
966,val,966:0,1,positive_gap,RCA,RCA,0.8207893723865638,False,0.8143400478405605,False,0.8311596310320885,False
966,val,966:0,0,wrong_branch,R-PDA,RCA,0.852699299813506,False,0.04749332488192091,False,0.21540432059865716,False
966,val,966:1,1,positive_gap,D2,D2,0.9740812678880116,True,0.34650131599083017,False,0.8017417804792958,False
966,val,966:1,0,wrong_branch,Other,LCX,0.861952885011995,False,0.20831633904438585,False,0.19088637912350725,False
966,val,966:2,1,positive_gap,R-PDA,R-PDA,0.8567310300275023,False,0.987543365305728,True,0.993414151356656,True
966,val,966:2,0,wrong_branch,R-PLA,RCA,0.8342654634136424,False,0.928943480859,True,0.9595845167354717,True
966,val,966:3,1,positive_gap,R-PDA,R-PDA,0.8095044483237591,False,0.996706877825728,True,0.9973915872284026,True
966,val,966:3,0,wrong_branch,D2,LAD,0.651774382832908,False,0.06220372786226248,False,0.07888892544134304,False
966,val,966:4,1,positive_gap,RCA,RCA,0.9453448476197768,True,0.7099951415903775,False,0.9362146990656607,True
966,val,966:4,0,wrong_branch,LAD,D1,0.4288307028759866,False,0.0006798154710341973,False,0.0006554909481368545,False
966,val,966:5,1,positive_gap,RCA,RCA,0.774536867226702,False,0.7357082698071417,False,0.7617477047898908,False
966,val,966:5,0,wrong_branch,R-PLA,R-PDA,0.10045681458258156,False,0.02407099513915158,False,0.0065494388844727445,False
966,val,966:6,1,positive_gap,R-PDA,R-PDA,0.591793883000787,False,0.9255885465080073,True,0.915569223412853,True
966,val,966:6,0,wrong_branch,R-PDA,R-PLA,0.0479402596202279,False,0.1206084137887299,False,0.010872495754539519,False
966,val,966:7,1,positive_gap,LAD,LAD,0.9054517310147575,False,0.8982429943365463,True,0.9100550167655443,True
966,val,966:7,0,wrong_branch,OM2,LCX,0.13158256989899303,False,0.173657414047934,False,0.03587953299526488,False
966,val,966:8,1,positive_gap,IM,IM,0.9561884571913156,True,0.9814079601214111,True,0.9886271161249617,True
966,val,966:8,0,wrong_branch,IM,LM,0.26069664256541275,False,3.1607984937760485e-05,False,1.933029411758684e-05,False
966,val,966:9,1,positive_gap,LAD,LAD,0.8173702175920146,False,0.9860723548951691,True,0.9589993739786671,True
966,val,966:9,0,wrong_branch,Other,LCX,0.07776934715126456,False,0.11305609698275174,False,0.006616502920969181,False
966,val,966:10,1,positive_gap,OM2,OM2,0.8276134171299757,False,0.9986617880150905,True,0.9991540795274222,True
966,val,966:10,0,wrong_branch,D2,LAD,0.0003078389981547723,False,6.645597731042783e-07,False,3.857944669918425e-06,False
966,val,966:11,1,positive_gap,RCA,RCA,0.7589825345081616,False,0.9154461958583966,True,0.9175855215601134,True
966,val,966:11,0,wrong_branch,LAD,LM,0.01648515066621228,False,0.05843259924079379,False,0.0015603188561297118,False
966,val,966:12,1,positive_gap,LCX,LCX,0.9284993306873354,False,0.9984919908622218,True,0.9950639222020354,True
966,val,966:12,0,wrong_branch,Other,LCX,0.05016240886337068,False,0.19887567232117268,False,0.004752444906536367,False
966,val,966:13,1,positive_gap,R-PDA,R-PDA,0.8578340927296576,False,0.9879869316175391,True,0.9954812754629765,True
966,val,966:13,0,wrong_branch,OM1,LM,0.0026806524458908416,False,4.542081371051633e-05,False,1.5441098828731254e-06,False
966,val,966:14,1,positive_gap,OM2,OM2,0.8795728112750781,False,0.997981740726329,True,0.9988479252377885,True
966,val,966:14,0,wrong_branch,R-PLA,RCA,0.012234946681622722,False,0.9663699382260866,True,0.20057299515855867,False
966,val,966:15,1,positive_gap,RCA,RCA,0.7690884968826549,False,0.8730445120538838,False,0.9002464362120919,True
966,val,966:15,0,wrong_branch,R-PLA,RCA,0.005222923125856536,False,0.8910253571813982,False,0.046742141627897894,False
966,val,966:16,1,positive_gap,D2,D2,0.884905794813622,False,0.8968855660909836,True,0.9241569577112194,True
966,val,966:16,0,wrong_branch,OM2,LCX,0.008171588569847944,False,0.045192425690393896,False,0.0007204313441675668,False
966,val,966:17,1,positive_gap,R-PLA,R-PLA,0.9054788392980795,False,0.9956120005241781,True,0.9975120968869831,True
966,val,966:17,0,wrong_branch,D2,LAD,0.007232291835559788,False,0.1883850926371775,False,0.002118522517010625,False
966,val,966:18,1,positive_gap,D2,D2,0.8024549079928658,False,0.9974148508274611,True,0.9958782307233305,True
966,val,966:18,0,wrong_branch,D2,LAD,7.786648869594033e-05,False,1.5933591133652602e-05,False,2.179031997733415e-06,False
966,val,966:19,1,positive_gap,RCA,RCA,0.821353159213117,False,0.9865132381211261,True,0.984276649350427,True
966,val,966:19,0,wrong_branch,D2,LAD,0.002316753724290223,False,0.017013296923990305,False,0.0002385856480359542,False
966,val,966:20,1,positive_gap,RCA,RCA,0.8994747381849566,False,0.870711030579177,False,0.9411505415615183,True
966,val,966:20,0,wrong_branch,LAD,D1,0.0023424732086474,False,0.00012526792297299136,False,2.5392199761533903e-06,False
966,val,966:21,1,positive_gap,OM2,OM2,0.8058512938107645,False,0.999461826206603,True,0.9998848484255398,True
966,val,966:21,0,wrong_branch,D2,LAD,2.8732586359871385e-05,False,3.9318265020229583e-07,False,2.028678182875906e-07,False
966,val,966:22,1,positive_gap,R-PDA,R-PDA,0.9645360482604654,True,0.9978683373110316,True,0.9997638833436854,True
966,val,966:22,0,wrong_branch,R-PLA,R-PDA,0.000329428565990103,False,0.006049900352955438,False,8.155551696306437e-05,False
966,val,966:23,1,positive_gap,LAD,LAD,0.608038071160029,False,0.9921936181802304,True,0.9876703108689147,True
966,val,966:23,0,wrong_branch,R-PDA,R-PLA,0.00032174696413946475,False,0.04071331671553394,False,0.00023818802925088577,False
966,val,966:24,1,positive_gap,R-PLA,R-PLA,0.8279589126149051,False,0.9546899555954024,True,0.9677892439499637,True
966,val,966:24,0,wrong_branch,D2,LAD,4.0082529938369364e-05,False,2.0092622625913538e-05,False,3.391854676761046e-06,False
966,val,966:25,1,positive_gap,LAD,LAD,0.9131965113609728,False,0.9298362926472455,True,0.9473627919604976,True
966,val,966:25,0,wrong_branch,OM2,LCX,0.0007162451532482249,False,0.127914682512789,False,0.00034194663613316186,False
966,val,966:26,1,positive_gap,D2,D2,0.7327161430282509,False,0.9825886137414486,True,0.9805064769922996,True
966,val,966:26,0,wrong_branch,D2,LAD,2.3629612353274573e-05,False,2.856892054328776e-06,False,5.825418821319666e-07,False
966,val,966:27,1,positive_gap,LAD,LAD,0.8667283032466281,False,0.946972475483129,True,0.9677677891707265,True
966,val,966:27,0,wrong_branch,LAD,D1,0.0014004723594498892,False,0.0007062982938088488,False,2.716096203200515e-06,False
966,val,966:28,1,positive_gap,LAD,LAD,0.6657447146668175,False,0.9729257247766403,True,0.9592512348695121,True
966,val,966:28,0,wrong_branch,R-PDA,R-PLA,0.00012151325308758538,False,0.40023008734307997,False,0.0011763311201272034,False
966,val,966:29,1,positive_gap,IM,IM,0.9236083145320665,False,0.9106800404514644,True,0.9397771523488971,True
966,val,966:29,0,wrong_branch,IM,LM,0.001246075181234927,False,8.714003774680442e-05,False,7.797382960046994e-07,False
966,val,966:30,1,positive_gap,R-PDA,R-PDA,0.7730478394089647,False,0.9801718823453596,True,0.9847521976162026,True
966,val,966:30,0,wrong_branch,LCX,Other,8.027381785579647e-06,False,0.0006054508443061852,False,6.058195362587832e-06,False
966,val,966:31,1,positive_gap,R-PLA,R-PLA,0.8795080405495819,False,0.9958494373335924,True,0.9991990260220701,True
966,val,966:31,0,wrong_branch,LAD,LM,5.479116457101678e-05,False,0.4364658549589579,False,0.00010443047747474854,False
967,train,967:0,1,positive_gap,R-PDA,R-PDA,0.8041294801372012,False,0.03171402998986841,False,0.15809801642246418,False
967,train,967:0,0,wrong_branch,LAD,D1,0.6994260815435346,False,8.78236585419625e-06,False,8.338100270852139e-05,False
967,train,967:1,1,positive_gap,R-PDA,R-PDA,0.9413033084236762,False,0.6910275810229394,False,0.9329217014420395,True
967,train,967:1,0,wrong_branch,D2,LAD,0.6031636027737749,False,0.016674700077799653,False,0.032590126250567335,False
967,train,967:2,1,positive_gap,RCA,RCA,0.8824569644788106,False,0.9686129300349159,True,0.9762832230880157,True
967,train,967:2,0,wrong_branch,OM2,LCX,0.7341093593378969,False,0.5829855807642352,False,0.7582033976102913,False
967,train,967:3,1,positive_gap,RCA,RCA,0.7629788773941149,False,0.5745869523869006,False,0.641597018932897,False
967,train,967:3,0,wrong_branch,LAD,LM,0.3085665746699767,False,0.46712093351060435,False,0.14682372307288258,False
967,train,967:4,1,positive_gap,RCA,RCA,0.6621661615196363,False,0.40560999534184144,False,0.46688634174366994,False
967,train,967:4,0,wrong_branch,Other,LAD,0.04892503474146348,False,4.895086854765105e-05,False,1.2180999079188243e-05,False
967,train,967:5,1,positive_gap,R-PDA,R-PDA,0.5523326391395301,False,0.9018036269917851,True,0.9208208047308923,True
967,train,967:5,0,wrong_branch,LAD,D1,0.045100371953078734,False,4.381210277034312e-05,False,7.508780446213281e-06,False
967,train,967:6,1,positive_gap,D1,D1,0.8059843776696883,False,0.9509681600742045,True,0.946528969797542,True
967,train,967:6,0,wrong_branch,LAD,D1,0.00664148565115089,False,2.1445961195120413e-06,False,2.4321369964912247e-07,False
967,train,967:7,1,positive_gap,R-PLA,R-PLA,0.8705999726147501,False,0.9958862933971276,True,0.9983188819934758,True
967,train,967:7,0,wrong_branch,D2,LAD,0.019128593738491805,False,0.0250427703112594,False,0.0014971267398760874,False
967,train,967:8,1,positive_gap,R-PLA,R-PLA,0.9476742128358591,True,0.9992169307690536,True,0.9997809270827801,True
967,train,967:8,0,wrong_branch,D2,LAD,0.007910497373831087,False,3.343704083619004e-05,False,2.679800579935517e-06,False
967,train,967:9,1,positive_gap,R-PLA,R-PLA,0.7046793790135956,False,0.9963996847468104,True,0.9979997790202724,True
967,train,967:9,0,wrong_branch,RCA,R-PDA,0.00363521026276304,False,0.28414679557621264,False,0.002832753531257749,False
967,train,967:10,1,positive_gap,RCA,RCA,0.7950960027273626,False,0.9021061456580338,True,0.9125297236837269,True
967,train,967:10,0,wrong_branch,OM2,LCX,0.03859899009761201,False,0.32218803179880523,False,0.04155964969304566,False
967,train,967:11,1,positive_gap,R-PDA,R-PDA,0.929496043752199,False,0.7615797149792266,False,0.9156903279384061,True
967,train,967:11,0,wrong_branch,LAD,LM,0.01156121005903867,False,0.385363830369698,False,0.01010669734206673,False
967,train,967:12,1,positive_gap,LCX,LCX,0.8808976387772659,False,0.9181741919193559,True,0.9765409659840368,True
967,train,967:12,0,wrong_branch,OM2,LCX,0.011837564035577107,False,0.6157957598949751,False,0.06340218593745993,False
967,train,967:13,1,positive_gap,RCA,RCA,0.8091392319891126,False,0.7626698615804018,False,0.7903516007135196,False
967,train,967:13,0,wrong_branch,LAD,LM,0.002815621968746197,False,0.20257719631675625,False,0.0011005358641612453,False
967,train,967:14,1,positive_gap,OM2,OM2,0.9115382990793864,False,0.8991246560985262,True,0.9655262117678245,True
967,train,967:14,0,wrong_branch,RCA,R-PLA,0.0052350762602478085,False,0.028499525337045823,False,0.00075083670893233,False
967,train,967:15,1,positive_gap,LAD,LAD,0.7510845903164265,False,0.955308455419873,True,0.9590042191115549,True
967,train,967:15,0,wrong_branch,Other,LAD,0.0003288583981672752,False,4.4992484865596646e-05,False,3.1185154439003863e-07,False
967,train,967:16,1,positive_gap,Other,Other,0.6970823096229433,False,0.9967637639051177,True,0.9934309643259299,True
967,train,967:16,0,wrong_branch,Other,LAD,0.0003152721818772286,False,3.4765578266950003e-06,False,1.2548675377044838e-07,False
967,train,967:17,1,positive_gap,R-PLA,R-PLA,0.9329019977439004,False,0.9985662969115898,True,0.9994191965668552,True
967,train,967:17,0,wrong_branch,LAD,D1,0.00036648447900521216,False,8.047392619689256e-05,False,1.806981613838979e-07,False
969,train,969:0,1,positive_gap,OM1,OM1,0.7916640265457505,False,0.9812114112649233,True,0.9823081420151467,True
969,train,969:0,0,wrong_branch,LAD,D2,0.8839927835306882,False,0.03031272543659315,False,0.10181878181878812,False
969,train,969:1,1,positive_gap,LAD,LAD,0.9331517398506084,False,0.929159013715679,True,0.9751406417696008,True
969,train,969:1,0,wrong_branch,RCA,R-PLA,0.9363898991366054,False,0.5302476542917023,False,0.8532671469743545,False
969,train,969:2,1,positive_gap,LCX,LCX,0.9273214879076817,False,0.9251370908600486,True,0.99080679518611,True
969,train,969:2,0,wrong_branch,Other,LAD,0.4807998549096515,False,0.03508295378915604,False,0.3175413487704096,False
969,train,969:3,1,positive_gap,R-PDA,R-PDA,0.895487697533464,False,0.9921470584853305,True,0.9975907298019929,True
969,train,969:3,0,wrong_branch,RCA,R-PDA,0.9488783282739612,True,0.12906913280171387,False,0.5526149761594142,False
969,train,969:4,1,positive_gap,OM1,OM1,0.7707946150952268,False,0.9320737626583999,True,0.9146280526354333,True
969,train,969:4,0,wrong_branch,Other,LAD,0.463362437485665,False,0.10326396597038161,False,0.22905602460253885,False
969,train,969:5,1,positive_gap,LAD,LAD,0.9506066452077555,True,0.9675308377775026,True,0.9878005702243388,True
969,train,969:5,0,wrong_branch,Other,LAD,0.8196326950588667,False,0.12613718018370726,False,0.18205394556215304,False
969,train,969:6,1,positive_gap,R-PLA,R-PLA,0.6105247835057505,False,0.31857457418860324,False,0.34714498423679213,False
969,train,969:6,0,wrong_branch,LCX,OM1,0.25829583328327066,False,0.15518399955871204,False,0.11028355865607911,False
969,train,969:7,1,positive_gap,R-PDA,R-PDA,0.8073155791787495,False,0.9364128448090023,True,0.9549948883038544,True
969,train,969:7,0,wrong_branch,D1,LAD,0.07764339857797134,False,2.881965804263257e-05,False,5.953161949766209e-06,False
969,train,969:8,1,positive_gap,LCX,LCX,0.9124575903169724,False,0.9837841247337523,True,0.9972118048285582,True
969,train,969:8,0,wrong_branch,Other,LAD,0.029548032604392135,False,0.011503152979366334,False,0.010625447506458791,False
969,train,969:9,1,positive_gap,Other,Other,0.8134608285489876,False,0.9433069721975087,True,0.9903406662326254,True
969,train,969:9,0,wrong_branch,LAD,D2,0.08033982387118417,False,0.0015156906523555204,False,0.000425186140504217,False
969,train,969:10,1,positive_gap,LCX,LCX,0.822151596130621,False,0.9920638076701169,True,0.9930079212650528,True
969,train,969:10,0,wrong_branch,Other,LAD,0.03617484598675243,False,0.05383413943294422,False,0.0066981276373471454,False
969,train,969:11,1,positive_gap,R-PDA,R-PDA,0.8811116611546681,False,0.9750894427083793,True,0.9847840994315926,True
969,train,969:11,0,wrong_branch,Other,LAD,0.05448174253592069,False,0.07354333106202007,False,0.03450467172746413,False
969,train,969:12,1,positive_gap,LAD,LAD,0.7288862090853186,False,0.9980969047721251,True,0.9822304441661445,True
969,train,969:12,0,wrong_branch,Other,LAD,0.04986223100478065,False,0.04989990097243526,False,0.0022817207666349726,False
969,train,969:13,1,positive_gap,LAD,LAD,0.9160723923388792,False,0.9920852287699566,True,0.9954153338870696,True
969,train,969:13,0,wrong_branch,LCX,OM1,0.0195329414715001,False,0.0526896996183246,False,0.0033180652291034674,False
969,train,969:14,1,positive_gap,Other,Other,0.6054660001992892,False,0.9557505382366669,True,0.9717367868548592,True
969,train,969:14,0,wrong_branch,LCX,OM1,0.0005825741217057401,False,0.04649045420542698,False,0.00036430657041876816,False
969,train,969:15,1,positive_gap,OM1,OM1,0.8719902032603152,False,0.9886515120298336,True,0.9948195548805402,True
969,train,969:15,0,wrong_branch,RCA,R-PDA,0.040746425846312,False,0.06449573847959046,False,0.003890109157094617,False
969,train,969:16,1,positive_gap,R-PDA,R-PDA,0.6785277001241582,False,0.979629330846918,True,0.9794809155337343,True
969,train,969:16,0,wrong_branch,D1,LAD,0.0032038731475785643,False,4.5233975780849024e-05,False,8.72688600374355e-07,False
969,train,969:17,1,positive_gap,LAD,LAD,0.9163097685957351,False,0.7436730156371856,False,0.892553945475184,True
969,train,969:17,0,wrong_branch,RCA,R-PLA,0.021278258512141938,False,0.5656988426901076,False,0.03186956985743025,False
969,train,969:18,1,positive_gap,OM1,OM1,0.7080608515751736,False,0.8321535596746098,False,0.8592220601557213,True
969,train,969:18,0,wrong_branch,Other,LAD,8.16489557184905e-05,False,0.036495788864480565,False,0.0011571420480919084,False
969,train,969:19,1,positive_gap,D2,D2,0.8247127173728014,False,0.9996275656663071,True,0.9997848233203647,True
969,train,969:19,0,wrong_branch,R-PLA,R-PDA,0.0004357153898383919,False,7.056047009169683e-07,False,1.3334745096408782e-06,False
969,train,969:20,1,positive_gap,R-PLA,R-PLA,0.8859700777599014,False,0.9856919909839762,True,0.9916103742973249,True
969,train,969:20,0,wrong_branch,RCA,R-PDA,0.024463772042006185,False,0.45208729006857495,False,0.015039849894972184,False
969,train,969:21,1,positive_gap,OM1,OM1,0.941924179321999,True,0.8853522791546723,False,0.972313082411348,True
969,train,969:21,0,wrong_branch,RCA,R-PLA,0.010324042932594448,False,0.1936307941197842,False,0.006013409810560867,False
969,train,969:22,1,positive_gap,LAD,LAD,0.853405119062515,False,0.9911666578574215,True,0.9923268459559882,True
969,train,969:22,0,wrong_branch,Other,LAD,0.010018601485968474,False,0.05292092035010528,False,0.0014133481221180635,False
969,train,969:23,1,positive_gap,LCX,LCX,0.7017016002044633,False,0.9729357067057284,True,0.9857481171683263,True
969,train,969:23,0,wrong_branch,D1,LAD,0.00036263571324006693,False,2.661153731248554e-06,False,1.6117651268401177e-08,False
969,train,969:24,1,positive_gap,R-PDA,R-PDA,0.930545419034245,False,0.9754454762786535,True,0.9948470570504789,True
969,train,969:24,0,wrong_branch,Other,LAD,0.0004825377645277724,False,6.135800660990605e-05,False,8.6777032686311e-06,False
969,train,969:25,1,positive_gap,R-PDA,R-PDA,0.747314129699597,False,0.9794495684637597,True,0.990849416384386,True
969,train,969:25,0,wrong_branch,LAD,D2,0.00025321843196491505,False,0.019132997932425965,False,2.6157020287016957e-05,False
969,train,969:26,1,positive_gap,LAD,LAD,0.8144891982578465,False,0.9809412887407951,True,0.9855155986238158,True
969,train,969:26,0,wrong_branch,LAD,D2,0.001380130500871595,False,0.000839078494872415,False,9.9746936509929e-06,False
969,train,969:27,1,positive_gap,R-PLA,R-PLA,0.9521416371026499,True,0.9958383356055935,True,0.9972951891188546,True
969,train,969:27,0,wrong_branch,D1,LAD,7.707446067114481e-05,False,2.1983842728334586e-09,False,6.366775672611599e-10,False
969,train,969:28,1,positive_gap,R-PDA,R-PDA,0.9583050700600698,True,0.9721643599041409,True,0.9942812356023585,True
969,train,969:28,0,wrong_branch,Other,LAD,0.0006861556418653284,False,0.006191457113317617,False,9.31455432889966e-05,False
969,train,969:29,1,positive_gap,D2,D2,0.8883313300621677,False,0.9993436068067191,True,0.9998606024964715,True
969,train,969:29,0,wrong_branch,D1,LCX,2.1408240003146974e-05,False,6.241490475458491e-10,False,2.51757252373885e-10,False
969,train,969:30,1,positive_gap,D2,D2,0.800643152087374,False,0.9792142029878862,True,0.9927664271772066,True
969,train,969:30,0,wrong_branch,D1,LCX,8.72436791861032e-06,False,2.0895622091209022e-10,False,1.1265133978097064e-10,False
969,train,969:31,1,positive_gap,D2,D2,0.4545082212622461,False,0.7802141337070023,False,0.6491432351897695,False
969,train,969:31,0,wrong_branch,LAD,D2,7.227217533301403e-05,False,0.00150661980045118,False,1.114673439731761e-06,False
969,train,969:32,1,positive_gap,OM1,OM1,0.7641481167351991,False,0.9969886025785285,True,0.9989893650271549,True
969,train,969:32,0,wrong_branch,LCX,OM1,3.919680471921869e-05,False,0.009421868775822137,False,7.218540134649443e-06,False
970,train,970:0,1,positive_gap,LAD,LAD,0.9576081299851061,True,0.8044735832983457,False,0.9329447083640876,True
970,train,970:0,0,wrong_branch,R-PLA,RCA,0.9179482480016208,False,0.20248965960976556,False,0.3624677665640793,False
970,train,970:1,1,positive_gap,RCA,RCA,0.9427772175670879,True,0.43771977289056846,False,0.8413208179489206,False
970,train,970:1,0,wrong_branch,LCX,OM1,0.6071158761785164,False,0.24041196884283747,False,0.19388175098685184,False
970,train,970:2,1,positive_gap,RCA,RCA,0.8345815460078702,False,0.8201535746665681,False,0.9117763026475177,True
970,train,970:2,0,wrong_branch,R-PDA,RCA,0.43453395692500635,False,0.9357351127807679,True,0.8646940301269286,True
970,train,970:3,1,positive_gap,D1,D1,0.9195385756571215,False,0.9989718374477978,True,0.999820791351851,True
970,train,970:3,0,wrong_branch,LM,LAD,0.7005423692127603,False,0.14810447363247167,False,0.14369365773187798,False
970,train,970:4,1,positive_gap,LAD,LAD,0.8863568640808354,False,0.8887724334396672,False,0.9426709236032708,True
970,train,970:4,0,wrong_branch,LCX,OM1,0.01623688614792436,False,0.26790611446554385,False,0.0043691516506835296,False
970,train,970:5,1,positive_gap,OM1,OM1,0.6401553301058898,False,0.9977326801691614,True,0.9974081453544029,True
970,train,970:5,0,wrong_branch,R-PLA,RCA,0.020189081748563875,False,0.1467584617778763,False,0.0030653226499891555,False
970,train,970:6,1,positive_gap,RCA,RCA,0.8508394612581168,False,0.5691202573604518,False,0.6870606385671884,False
970,train,970:6,0,wrong_branch,R-PLA,RCA,0.03415435513452888,False,0.028721037327550356,False,0.0010910210911529684,False
970,train,970:7,1,positive_gap,LAD,LAD,0.8390669474054894,False,0.828939257112988,False,0.9040113068601641,True
970,train,970:7,0,wrong_branch,LCX,OM1,0.00539757609978212,False,0.08439678953577834,False,0.004055619199230922,False
970,train,970:8,1,positive_gap,LAD,LAD,0.9185487191908012,False,0.9523696733056053,True,0.9819182908870107,True
970,train,970:8,0,wrong_branch,R-PDA,RCA,0.0019149548483383208,False,0.858190031897411,False,0.024671885314603084,False
970,train,970:9,1,positive_gap,R-PDA,R-PDA,0.8503942434654189,False,0.9820259098299065,True,0.9891506870518046,True
970,train,970:9,0,wrong_branch,LCX,D1,2.906257146937229e-05,False,1.1428326373274636e-06,False,3.513032837110102e-08,False
970,train,970:10,1,positive_gap,RCA,RCA,0.7869924052978926,False,0.5119988536054956,False,0.6575628523176571,False
970,train,970:10,0,wrong_branch,LM,LAD,0.001529291235593838,False,0.24460460857391986,False,0.0006247665842246191,False
971,train,971:0,1,positive_gap,LAD,LAD,0.6083157579130374,False,0.9180408285624414,True,0.9488314783228758,True
971,train,971:0,0,wrong_branch,R-PDA,RCA,0.9410115253523558,False,0.0035034235443642736,False,0.0175385417827511,False
971,train,971:1,1,positive_gap,LCX,LCX,0.9124433953678995,False,0.7383563800752465,False,0.9111271886247725,True
971,train,971:1,0,wrong_branch,R-PLA,RCA,0.7736125013455754,False,0.8507531473329907,False,0.7808180340579999,False
971,train,971:2,1,positive_gap,RCA,RCA,0.9486958828091837,True,0.7730060642494373,False,0.928078131726879,True
971,train,971:2,0,wrong_branch,LCX,OM2,0.3087150084104218,False,0.8003932921567354,False,0.4560549315533774,False
971,train,971:3,1,positive_gap,LAD,LAD,0.9081583833179661,False,0.903288805140991,True,0.9694066046742715,True
971,train,971:3,0,wrong_branch,D1,LAD,0.4228547806617287,False,0.0006230130840331068,False,0.0010144481459741876,False
971,train,971:4,1,positive_gap,R-PLA,R-PLA,0.8762167284449343,False,0.9438678588524306,True,0.9862439736911482,True
971,train,971:4,0,wrong_branch,LAD,D2,0.19604140226954403,False,0.0006174595593178687,False,0.0002626433074402218,False
971,train,971:5,1,positive_gap,LAD,LAD,0.7880526497968906,False,0.9580297801214372,True,0.9849665525549284,True
971,train,971:5,0,wrong_branch,R-PDA,RCA,0.16489870998233558,False,0.0053716429424227425,False,0.0010151481539823683,False
971,train,971:6,1,positive_gap,R-PDA,R-PDA,0.8916244223991394,False,0.992061709876382,True,0.9891552622569826,True
971,train,971:6,0,wrong_branch,R-PDA,RCA,0.03320538979900675,False,2.8563349130420447e-05,False,7.009814785237514e-06,False
971,train,971:7,1,positive_gap,R-PDA,R-PDA,0.8831413349524532,False,0.9981798440384047,True,0.99960747558498,True
971,train,971:7,0,wrong_branch,D1,LAD,0.0007132802682366931,False,1.5360069882300255e-06,False,5.704630162359377e-07,False
971,train,971:8,1,positive_gap,LCX,LCX,0.8256442455432058,False,0.3816492723341035,False,0.675041460579547,False
971,train,971:8,0,wrong_branch,LCX,OM1,0.008935034429285853,False,9.72261120896161e-06,False,1.0566378434081108e-06,False
971,train,971:9,1,positive_gap,LAD,LAD,0.8783745868832703,False,0.9534878278418233,True,0.9867027456592858,True
971,train,971:9,0,wrong_branch,LCX,OM2,0.0024984780195655204,False,0.26948346079048885,False,0.0018092150148303209,False
971,train,971:10,1,positive_gap,LCX,LCX,0.9303663274228634,False,0.9533013824798715,True,0.979070593655167,True
971,train,971:10,0,wrong_branch,R-PLA,RCA,0.02130071373656952,False,0.6920294542392799,False,0.032241121148882855,False
971,train,971:11,1,positive_gap,LCX,LCX,0.9430948411597123,True,0.4313473050883461,False,0.8027019653698975,False
971,train,971:11,0,wrong_branch,R-PLA,RCA,0.02589485050876541,False,0.9034392015858502,True,0.12121891794179032,False
971,train,971:12,1,positive_gap,R-PLA,R-PLA,0.8507846706951773,False,0.8159969721230035,False,0.9060661949895139,True
971,train,971:12,0,wrong_branch,D1,LAD,0.0003621553189866348,False,6.710790536456239e-09,False,5.2691348354450034e-09,False
971,train,971:13,1,positive_gap,D2,D2,0.8521415249986676,False,0.9997351729471877,True,0.9998253265914347,True
971,train,971:13,0,wrong_branch,D1,LAD,3.226415223053823e-05,False,2.0866094830264456e-10,False,3.4293299947915714e-10,False
971,train,971:14,1,positive_gap,D2,D2,0.8801005544585335,False,0.983824767813009,True,0.9864648232500527,True
971,train,971:14,0,wrong_branch,D1,LAD,0.0029113918441689337,False,0.00028130246542137325,False,1.0610486754135247e-05,False
971,train,971:15,1,positive_gap,D2,D2,0.8927093008296629,False,0.9666138847831512,True,0.9732771927738553,True
971,train,971:15,0,wrong_branch,D1,LAD,0.006024095198090371,False,0.00018283713131469332,False,6.3702781852858065e-06,False
971,train,971:16,1,positive_gap,D2,D2,0.8835878789629964,False,0.9978997351592217,True,0.9997049685916901,True
971,train,971:16,0,wrong_branch,LCX,OM2,0.003568670754235475,False,0.15596001693306205,False,0.001695664217184148,False
971,train,971:17,1,positive_gap,D1,D1,0.8773881485250618,False,0.9970860414377897,True,0.9979452600704781,True
971,train,971:17,0,wrong_branch,LAD,D2,0.003530936501472923,False,0.003624176041294823,False,4.8577664876512264e-05,False
971,train,971:18,1,positive_gap,LAD,LAD,0.8160111259056765,False,0.9869575537993839,True,0.9877157055311135,True
971,train,971:18,0,wrong_branch,R-PDA,RCA,0.0017461442709604776,False,0.004938065964595262,False,1.8642531109350132e-05,False
971,train,971:19,1,positive_gap,R-PLA,R-PLA,0.9177282733957567,False,0.9804283564001464,True,0.9963881713446591,True
971,train,971:19,0,wrong_branch,LAD,D2,0.0007251888473063219,False,8.029373944179871e-05,False,7.149003317579584e-07,False
972,test,972:0,1,positive_gap,R-PDA,R-PDA,0.8963920250791351,False,0.9763826791747077,True,0.9847738562524948,True
972,test,972:0,0,wrong_branch,LCX,LM,0.959780334329105,True,0.10545928278058506,False,0.5511711029134655,False
972,test,972:1,1,positive_gap,LCX,LCX,0.8807413724400087,False,0.9915831724746952,True,0.9977522316961874,True
972,test,972:1,0,wrong_branch,OM1,LCX,0.948347471269375,True,0.06134056080411549,False,0.4312565509431426,False
972,test,972:2,1,positive_gap,LCX,LCX,0.7388837131757416,False,0.9789745205617544,True,0.990892165922899,True
972,test,972:2,0,wrong_branch,LAD,LM,0.6352648951585141,False,0.009815979621446647,False,0.016883021739777373,False
972,test,972:3,1,positive_gap,LCX,LCX,0.9117832117394953,False,0.9940674259343664,True,0.9969053940996782,True
972,test,972:3,0,wrong_branch,LAD,D1,0.889263036567555,False,0.22248972162269262,False,0.44272604361171264,False
972,test,972:4,1,positive_gap,D1,D1,0.9746335267436524,True,0.901406840018,True,0.9852154102625194,True
972,test,972:4,0,wrong_branch,LAD,D2,0.9045244548246903,False,0.1353602947567352,False,0.5097409744669507,False
972,test,972:5,1,positive_gap,LCX,LCX,0.9376132969607739,False,0.9563474937719645,True,0.99170796905381,True
972,test,972:5,0,wrong_branch,LAD,D2,0.03162585450438974,False,0.946835829383229,True,0.8745962613968659,True
972,test,972:6,1,positive_gap,LAD,LAD,0.9256277175569125,False,0.29032204482778995,False,0.8117500833567474,False
972,test,972:6,0,wrong_branch,RCA,R-PLA,0.7133441370360588,False,0.08470508341540167,False,0.15043248637196435,False
972,test,972:7,1,positive_gap,D2,D2,0.8448059785073626,False,0.9946394085665906,True,0.9951241665387921,True
972,test,972:7,0,wrong_branch,OM1,LCX,0.19843942530579484,False,0.038812459024246515,False,0.02229843305354978,False
972,test,972:8,1,positive_gap,R-PLA,R-PLA,0.6681274305853268,False,0.8969900928997278,True,0.9245603965797239,True
972,test,972:8,0,wrong_branch,LCX,LM,0.05900431444234447,False,0.011525622556342948,False,0.0014860287658448371,False
972,test,972:9,1,positive_gap,D2,D2,0.889268321692519,False,0.9917183853695127,True,0.997563419043743,True
972,test,972:9,0,wrong_branch,LAD,D2,0.017209836045281916,False,0.38901235765754194,False,0.22361782411054404,False
972,test,972:10,1,positive_gap,LCX,LCX,0.8512453802679746,False,0.9907856455638909,True,0.9947021064568541,True
972,test,972:10,0,wrong_branch,LCX,LM,0.0473718458858878,False,0.06570155002399845,False,0.005936837591941818,False
972,test,972:11,1,positive_gap,LCX,LCX,0.8726155048883389,False,0.9843964012058981,True,0.9962407771153942,True
972,test,972:11,0,wrong_branch,R-PDA,R-PLA,0.01132839707586747,False,9.568650490663232e-06,False,8.222990361431418e-05,False
972,test,972:12,1,positive_gap,LAD,LAD,0.8603860824723355,False,0.10528680091675936,False,0.4597515997993845,False
972,test,972:12,0,wrong_branch,OM1,LCX,0.21393420415724063,False,0.12057238901781775,False,0.04632637577609411,False
972,test,972:13,1,positive_gap,R-PDA,R-PDA,0.8936244478996941,False,0.9720189532038178,True,0.993727638356407,True
972,test,972:13,0,wrong_branch,LAD,LM,0.014190097153204656,False,0.00047146271990007794,False,4.520969790177605e-05,False
972,test,972:14,1,positive_gap,LCX,LCX,0.7712085311304944,False,0.9384170892108976,True,0.9346123215861688,True
972,test,972:14,0,wrong_branch,LAD,LM,0.008804937579505161,False,0.0003093503505558177,False,1.279594059123154e-05,False
972,test,972:15,1,positive_gap,LCX,LCX,0.9044128264629926,False,0.9898423872610083,True,0.9972841967880272,True
972,test,972:15,0,wrong_branch,LAD,D1,0.019874429425521836,False,0.5524847543847853,False,0.02259555355754162,False
972,test,972:16,1,positive_gap,D1,D1,0.8517241190372683,False,0.9249543004223757,True,0.9529093429344425,True
972,test,972:16,0,wrong_branch,R-PDA,RCA,0.03292817071286769,False,0.04642663760264199,False,0.004158062235323794,False
972,test,972:17,1,positive_gap,LAD,LAD,0.7971095531337368,False,0.01867839256614889,False,0.14386855961113454,False
972,test,972:17,0,wrong_branch,LAD,D2,0.0014998148053091073,False,0.9229811246596008,True,0.2715245321159997,False
972,test,972:18,1,positive_gap,D1,D1,0.8614568886561291,False,0.9989426207194904,True,0.9994201592130971,True
972,test,972:18,0,wrong_branch,LAD,D2,0.10411326367321787,False,0.23581342071241718,False,0.06975181832134339,False
972,test,972:19,1,positive_gap,D1,D1,0.9532344604749231,True,0.9877700293545565,True,0.9982945021752456,True
972,test,972:19,0,wrong_branch,LAD,D1,0.05163738160371808,False,0.014578866625006385,False,0.001269608406724666,False
972,test,972:20,1,positive_gap,R-PLA,R-PLA,0.8804420377684122,False,0.726131625860714,False,0.9459162388118101,True
972,test,972:20,0,wrong_branch,LAD,D2,0.0015284216368785996,False,0.6524390152416923,False,0.09117056218915122,False
972,test,972:21,1,positive_gap,D1,D1,0.8353906624840066,False,0.9994205500204684,True,0.9996688345308202,True
972,test,972:21,0,wrong_branch,LAD,D2,0.02096478637270418,False,0.02232396334420942,False,0.0017859938736020365,False
972,test,972:22,1,positive_gap,R-PDA,R-PDA,0.9387779600240167,False,0.9475972603933722,True,0.9802198632349342,True
972,test,972:22,0,wrong_branch,LAD,D2,0.0011737770728821905,False,0.9219819063140353,True,0.15906048533292125,False
972,test,972:23,1,positive_gap,RCA,RCA,0.9026129235807792,False,0.750962623137601,False,0.8947506989849489,True
972,test,972:23,0,wrong_branch,RCA,R-PLA,0.011172521019961414,False,0.0224948606871398,False,0.002560380071176563,False
972,test,972:24,1,positive_gap,LCX,LCX,0.9405732249200202,False,0.9566158331838689,True,0.9925564253493357,True
972,test,972:24,0,wrong_branch,R-PDA,R-PLA,0.00047617208191792136,False,1.1238858871042095e-06,False,1.039625860103624e-06,False
972,test,972:25,1,positive_gap,D1,D1,0.6492598973101654,False,0.9983433226385685,True,0.994632883454621,True
972,test,972:25,0,wrong_branch,LCX,LM,0.00047036898448691027,False,0.005062336803801628,False,1.647538041724983e-05,False
972,test,972:26,1,positive_gap,RCA,RCA,0.8392342194576743,False,0.5406205478475278,False,0.8692391342121016,True
972,test,972:26,0,wrong_branch,RCA,R-PLA,0.005951782166453007,False,0.03442686319075202,False,0.00042475007368905117,False
972,test,972:27,1,positive_gap,D1,D1,0.8816851209068912,False,0.9983873144475243,True,0.9993095149007264,True
972,test,972:27,0,wrong_branch,OM1,LCX,0.003394304947012752,False,0.2775472823349431,False,0.0025516783712608046,False
972,test,972:28,1,positive_gap,LCX,LCX,0.8893664225880996,False,0.5426122058250199,False,0.7517707431333515,False
972,test,972:28,0,wrong_branch,OM1,LCX,0.004092286446627052,False,0.0361446752994235,False,0.00057050827453994,False
972,test,972:29,1,positive_gap,D1,D1,0.8894396961370189,False,0.9994212027694683,True,0.9998745173681038,True
972,test,972:29,0,wrong_branch,LCX,LM,0.000355554844897344,False,0.002162199920844916,False,6.627288104328557e-06,False
972,test,972:30,1,positive_gap,LCX,LCX,0.9223003400542363,False,0.9515384331551423,True,0.9799086591321763,True
972,test,972:30,0,wrong_branch,OM1,LCX,0.0006190198008394565,False,0.04497263528365344,False,0.00025494568552465074,False
972,test,972:31,1,positive_gap,LCX,LCX,0.8318993061106452,False,0.9741230649621822,True,0.9786217830940959,True
972,test,972:31,0,wrong_branch,LAD,LM,0.00010653573727581795,False,2.4349861320831996e-05,False,1.10665771131286e-07,False
972,test,972:32,1,positive_gap,R-PDA,R-PDA,0.922299294466106,False,0.9338602752595798,True,0.9793241383374988,True
972,test,972:32,0,wrong_branch,LAD,D2,6.941277731207483e-05,False,0.1308645973804677,False,0.0011874129769038136,False
972,test,972:33,1,positive_gap,RCA,RCA,0.7761641395509157,False,0.07710881125601995,False,0.21336835760308792,False
972,test,972:33,0,wrong_branch,LAD,D2,0.000465718740070021,False,0.16151954282003675,False,0.0016887916854580935,False
972,test,972:34,1,positive_gap,LCX,LCX,0.915260292246761,False,0.9561607308148865,True,0.9937652539811375,True
972,test,972:34,0,wrong_branch,LAD,LM,2.2790691215363267e-05,False,2.8097211839479093e-05,False,2.1740322366579e-08,False
972,test,972:35,1,positive_gap,R-PDA,R-PDA,0.9384943487890295,False,0.9922097689827938,True,0.9911843594924075,True
972,test,972:35,0,wrong_branch,LCX,LM,6.607294163127926e-05,False,0.153146085411499,False,4.176896224516253e-05,False
972,test,972:36,1,positive_gap,D1,D1,0.9358362000794824,False,0.0007646325177847351,False,0.02933062253246376,False
972,test,972:36,0,wrong_branch,LAD,D2,3.873562668377448e-05,False,0.08736549987402713,False,0.000544533182577967,False
972,test,972:37,1,positive_gap,LAD,LAD,0.8850020502310187,False,0.004391188668589017,False,0.08099745899140176,False
972,test,972:37,0,wrong_branch,LAD,D1,0.00013269949222176336,False,0.5882797074354233,False,0.0003710223001954492,False
972,test,972:38,1,positive_gap,D2,D2,0.8617629823342017,False,0.9980327492892338,True,0.9987597752304133,True
972,test,972:38,0,wrong_branch,LAD,D2,9.511766990184986e-05,False,0.5647372471494377,False,0.004368718311551998,False
973,test,973:0,1,positive_gap,R-PDA,R-PDA,0.8928723187628597,False,0.9887286469948361,True,0.998399245236355,True
973,test,973:0,0,wrong_branch,OM1,LCX,0.8788767197170003,False,0.0007869579623786875,False,0.003762175484506797,False
973,test,973:1,1,positive_gap,IM,IM,0.9549959652371194,True,0.937111907670044,True,0.983427811509335,True
973,test,973:1,0,wrong_branch,LCX,OM2,0.9342461069497557,False,0.0823612660696394,False,0.3067466842607631,False
973,test,973:2,1,positive_gap,RCA,RCA,0.9288294334707387,False,0.7193953872378928,False,0.8976539145192507,True
973,test,973:2,0,wrong_branch,R-PDA,RCA,0.8103520959023144,False,0.004110074562990465,False,0.014470176149156301,False
973,test,973:3,1,positive_gap,LCX,LCX,0.9715061000286667,True,0.8792635069714019,False,0.9755062437917487,True
973,test,973:3,0,wrong_branch,LAD,D1,0.8045495271203899,False,0.6757406490057056,False,0.7827546528138225,False
973,test,973:4,1,positive_gap,R-PLA,R-PLA,0.8792412727078237,False,0.9383133811749136,True,0.9564708849643765,True
973,test,973:4,0,wrong_branch,LAD,IM,0.5407643380484756,False,0.10273941140676632,False,0.0728225991745934,False
973,test,973:5,1,positive_gap,LCX,LCX,0.8349493517271471,False,0.9020795556985457,True,0.9214474451544994,True
973,test,973:5,0,wrong_branch,R-PLA,RCA,0.5008473651975167,False,0.5632948210777571,False,0.2868495375833483,False
973,test,973:6,1,positive_gap,R-PLA,R-PLA,0.8449573776696352,False,0.93219621982072,True,0.9563008740828495,True
973,test,973:6,0,wrong_branch,IM,LM,0.34822211934049496,False,0.10622859864730416,False,0.021976916532877325,False
973,test,973:7,1,positive_gap,OM2,OM2,0.4815018549379806,False,0.9554954215286312,True,0.9730412460614947,True
973,test,973:7,0,wrong_branch,LCX,LM,0.019575989015783876,False,0.03572968898743504,False,0.0014974165319698125,False
973,test,973:8,1,positive_gap,IM,IM,0.8425208168417208,False,0.9112492468935411,True,0.9020472471926717,True
973,test,973:8,0,wrong_branch,LCX,OM2,0.1655500191292897,False,0.07221063149479315,False,0.01099155221264344,False
973,test,973:9,1,positive_gap,R-PDA,R-PDA,0.8471966704748795,False,0.9075448695257081,True,0.9209596925246396,True
973,test,973:9,0,wrong_branch,OM1,LCX,0.02311979982937606,False,0.0016399557999897973,False,5.245302547348405e-05,False
973,test,973:10,1,positive_gap,R-PLA,R-PLA,0.7057597198722867,False,0.9348130733516282,True,0.9609284330491206,True
973,test,973:10,0,wrong_branch,OM1,LCX,0.012708658325173426,False,3.174493130267091e-05,False,2.41009181548295e-06,False
973,test,973:11,1,positive_gap,LAD,LAD,0.8832745905025908,False,0.7628116141348354,False,0.8622615397096327,True
973,test,973:11,0,wrong_branch,LCX,OM2,0.04204197715017945,False,0.023228582350102975,False,0.0012640303175295393,False
973,test,973:12,1,positive_gap,IM,IM,0.9143510728824118,False,0.9961115413988832,True,0.9996803481226538,True
973,test,973:12,0,wrong_branch,OM1,IM,0.003226596103725452,False,9.960303182236823e-07,False,1.1835319860515182e-06,False
973,test,973:13,1,positive_gap,R-PLA,R-PLA,0.8974526974306993,False,0.9321908259279649,True,0.9726466921836844,True
973,test,973:13,0,wrong_branch,R-PDA,RCA,0.030015404895468736,False,0.010221806145312571,False,0.0007049085259149187,False
973,test,973:14,1,positive_gap,OM2,OM2,0.38517883851184953,False,0.9792020403519864,True,0.9561640528228769,True
973,test,973:14,0,wrong_branch,LAD,IM,7.853668715073668e-05,False,4.654265047149338e-05,False,3.2560558505705887e-06,False
973,test,973:15,1,positive_gap,LAD,LAD,0.8809753752718487,False,0.901085037093145,True,0.9414392194961787,True
973,test,973:15,0,wrong_branch,R-PDA,RCA,0.011149202449758004,False,0.00011995200164863412,False,1.1820973065744858e-05,False
973,test,973:16,1,positive_gap,OM2,OM2,0.8435895289765208,False,0.9834692570745245,True,0.9908466386862951,True
973,test,973:16,0,wrong_branch,R-PLA,RCA,0.012655336406156771,False,0.4916106177759612,False,0.009407258623028538,False
973,test,973:17,1,positive_gap,LCX,LCX,0.9282971748688162,False,0.9075360255133833,True,0.9594581329535067,True
973,test,973:17,0,wrong_branch,LAD,D1,0.01847876746053679,False,0.35330500737779935,False,0.013609792053841038,False
973,test,973:18,1,positive_gap,LAD,LAD,0.9025399545927137,False,0.9991511839531431,True,0.9982880886401714,True
973,test,973:18,0,wrong_branch,LAD,D1,0.01548809131841194,False,0.7329237672886748,False,0.045697682866095865,False
973,test,973:19,1,positive_gap,IM,IM,0.46985745816609553,False,0.9342772475057297,True,0.9653796931602477,True
973,test,973:19,0,wrong_branch,R-PLA,R-PDA,2.5670363284247167e-05,False,1.255464955059307e-07,False,9.130152333753664e-09,False
973,test,973:20,1,positive_gap,OM2,OM2,0.750413712213575,False,0.9463671661743677,True,0.9286462346431855,True
973,test,973:20,0,wrong_branch,R-PLA,R-PDA,4.262024093320807e-05,False,1.2349434373467289e-06,False,7.657383145233452e-08,False
973,test,973:21,1,positive_gap,D1,D1,0.8465310798308524,False,0.9726404341819053,True,0.994968424009888,True
973,test,973:21,0,wrong_branch,R-PLA,R-PDA,2.1225255377502983e-05,False,3.314222862531447e-09,False,1.3874222671717815e-09,False
973,test,973:22,1,positive_gap,RCA,RCA,0.9309818652346469,False,0.4949790793648199,False,0.8365136807578483,False
973,test,973:22,0,wrong_branch,LAD,IM,0.00012610796386630047,False,7.565423438981178e-05,False,3.301085610406716e-06,False
973,test,973:23,1,positive_gap,R-PDA,R-PDA,0.8960772750995734,False,0.9457978558206661,True,0.9782781023281287,True
973,test,973:23,0,wrong_branch,LAD,IM,0.004316813709549018,False,0.08617902975178295,False,0.000724445977516368,False
973,test,973:24,1,positive_gap,R-PDA,R-PDA,0.5533179779669145,False,0.9955575139051227,True,0.9931426543686732,True
973,test,973:24,0,wrong_branch,LAD,IM,9.38367871142921e-06,False,2.1761014720172723e-05,False,5.613532058382272e-07,False
973,test,973:25,1,positive_gap,R-PLA,R-PLA,0.7793316286836044,False,0.593656761366224,False,0.6400803165019663,False
973,test,973:25,0,wrong_branch,R-PLA,RCA,0.00278299063291538,False,0.560355580044544,False,0.002509345258851956,False
973,test,973:26,1,positive_gap,IM,IM,0.8636053958005239,False,0.9233920697246384,True,0.9644809183912132,True
973,test,973:26,0,wrong_branch,LAD,IM,7.228648205905625e-05,False,3.578553733532416e-05,False,1.4451834764502348e-06,False
973,test,973:27,1,positive_gap,LCX,LCX,0.8861785663881474,False,0.8972682644399997,True,0.9131546850743738,True
973,test,973:27,0,wrong_branch,R-PLA,R-PDA,5.501243306539624e-05,False,2.003612812579526e-07,False,2.809972411636038e-08,False
973,test,973:28,1,positive_gap,IM,IM,0.9662677510454063,True,0.8409206168938116,False,0.9775002509494123,True
973,test,973:28,0,wrong_branch,R-PLA,R-PDA,3.192215839346721e-05,False,7.083205308064425e-07,False,4.4062439144731936e-08,False
973,test,973:29,1,positive_gap,RCA,RCA,0.7458670061874149,False,0.7331655418473264,False,0.7989057418054027,False
973,test,973:29,0,wrong_branch,LCX,OM2,0.000767992460107676,False,0.015834771098506617,False,4.0344363118102487e-05,False
973,test,973:30,1,positive_gap,IM,IM,0.615365007574453,False,0.9971479348703506,True,0.9985263119407786,True
973,test,973:30,0,wrong_branch,OM1,LCX,7.635706555853049e-05,False,8.182573964315908e-05,False,1.0984727890024903e-07,False
973,test,973:31,1,positive_gap,LAD,LAD,0.8361539747986787,False,0.9985717454325042,True,0.993877260033294,True
973,test,973:31,0,wrong_branch,R-PLA,R-PDA,6.747811537872271e-06,False,5.77503806071891e-08,False,4.5481893004760395e-09,False
973,test,973:32,1,positive_gap,D1,D1,0.9046666288039351,False,0.9980920447381157,True,0.999675743492468,True
973,test,973:32,0,wrong_branch,OM1,IM,4.281699455026466e-05,False,1.0365198469641847e-06,False,1.8882954781766616e-08,False
973,test,973:33,1,positive_gap,RCA,RCA,0.9239725365591658,False,0.7636824762179765,False,0.916686760338612,True
973,test,973:33,0,wrong_branch,LCX,OM2,0.00027780497513205804,False,0.04817183209638655,False,3.6773615899348e-05,False
974,val,974:0,1,positive_gap,R-PDA,R-PDA,0.8233777140168403,False,0.862994465965234,False,0.8925434330598205,True
974,val,974:0,0,wrong_branch,LAD,Other,0.9407572628858385,False,4.6719990324157655e-06,False,0.00014080856271912813,False
974,val,974:1,1,positive_gap,R-PLA,R-PLA,0.9639639569191426,True,0.9976927336387272,True,0.999761114179869,True
974,val,974:1,0,wrong_branch,RCA,R-PDA,0.941905214258358,True,0.030445152544760268,False,0.346390422028035,False
974,val,974:2,1,positive_gap,R-PDA,R-PDA,0.932408975266608,False,0.7699410751482987,False,0.9522560493031867,True
974,val,974:2,0,wrong_branch,R-PLA,RCA,0.8658687757828352,False,0.1578150325315652,False,0.3524218681928693,False
974,val,974:3,1,positive_gap,RCA,RCA,0.7221284165780775,False,0.3604558556490123,False,0.4276630520319871,False
974,val,974:3,0,wrong_branch,D2,LAD,0.48122800125344983,False,0.0013543226087251489,False,0.002284119866108443,False
974,val,974:4,1,positive_gap,R-PLA,R-PLA,0.8770641538035506,False,0.9966808159545691,True,0.9992958673176892,True
974,val,974:4,0,wrong_branch,LAD,Other,0.2763691339416852,False,1.551799809101069e-05,False,1.4043248141422338e-05,False
974,val,974:5,1,positive_gap,LCX,LCX,0.8506413864703499,False,0.3747731910590782,False,0.6281939449225373,False
974,val,974:5,0,wrong_branch,LAD,Other,0.036002006380766616,False,1.330913238649576e-07,False,2.3865059723263085e-07,False
974,val,974:6,1,positive_gap,LAD,LAD,0.9287550899930589,False,0.5075206449320545,False,0.8618077918604853,True
974,val,974:6,0,wrong_branch,RCA,R-PDA,0.16099341384726765,False,0.023701839360199907,False,0.007524472109695631,False
974,val,974:7,1,positive_gap,LCX,LCX,0.7769498975647319,False,0.9652694599480706,True,0.9775391895156206,True
974,val,974:7,0,wrong_branch,R-PLA,RCA,0.02123948613779143,False,0.04285245294856829,False,0.0014082101336905007,False
974,val,974:8,1,positive_gap,LCX,LCX,0.9214842767760392,False,0.622263462995117,False,0.8573873614273457,True
974,val,974:8,0,wrong_branch,RCA,R-PDA,0.02425864497934323,False,0.04284527689402878,False,0.004517129670790908,False
974,val,974:9,1,positive_gap,R-PDA,R-PDA,0.7619127226925396,False,0.6391496237953039,False,0.6670733008810225,False
974,val,974:9,0,wrong_branch,D2,LAD,0.0030010356897170825,False,0.0004305506117345263,False,1.6277067419732425e-05,False
974,val,974:10,1,positive_gap,R-PLA,R-PLA,0.8119096822316116,False,0.8381458870601004,False,0.8772813996232995,True
974,val,974:10,0,wrong_branch,R-PLA,RCA,0.015967554307199452,False,0.05383828163592805,False,0.0014042283223483147,False
974,val,974:11,1,positive_gap,LAD,LAD,0.8588531816415043,False,0.9063683418386848,True,0.9607589238948611,True
974,val,974:11,0,wrong_branch,R-PLA,R-PDA,8.464628355461194e-05,False,7.962985763341476e-11,False,5.896129222033324e-10,False
974,val,974:12,1,positive_gap,R-PDA,R-PDA,0.800258688745175,False,0.4393277636817272,False,0.5445577698883696,False
974,val,974:12,0,wrong_branch,D2,LAD,0.0008362081495920063,False,0.00027964566897706875,False,1.4574897526280566e-06,False
974,val,974:13,1,positive_gap,D2,D2,0.7798058797147003,False,0.989214388636888,True,0.9916944833684189,True
974,val,974:13,0,wrong_branch,LAD,Other,0.0013639339078890937,False,1.3616197078714054e-07,False,8.914086044445328e-09,False
974,val,974:14,1,positive_gap,LCX,LCX,0.7442453865909605,False,0.6968396976372351,False,0.704492256549918,False
974,val,974:14,0,wrong_branch,LAD,Other,0.0010461661994943783,False,4.2477767427877966e-05,False,2.7088581343920984e-07,False
974,val,974:15,1,positive_gap,D1,D1,0.8097433566027524,False,0.9992087112830875,True,0.9997107303709165,True
974,val,974:15,0,wrong_branch,R-PLA,R-PDA,1.564892260717906e-05,False,7.628964827238828e-08,False,1.7291299929530997e-08,False
974,val,974:16,1,positive_gap,LCX,LCX,0.7243187073583145,False,0.9781613087969319,True,0.9723633832506186,True
974,val,974:16,0,wrong_branch,LCX,OM1,3.6490706830744466e-05,False,2.535054249279302e-07,False,2.6208523468794216e-08,False
974,val,974:17,1,positive_gap,OM1,OM1,0.5302745908290947,False,0.9579009037875335,True,0.8786144761416212,True
974,val,974:17,0,wrong_branch,LCX,OM1,1.7270682099433643e-05,False,6.353919711348521e-08,False,1.4166962889967125e-08,False
974,val,974:18,1,positive_gap,D2,D2,0.8500798256105797,False,0.9888794366259213,True,0.9898030001336772,True
974,val,974:18,0,wrong_branch,LCX,OM1,5.419026862768211e-06,False,1.998340835462706e-08,False,1.0758548415269591e-08,False
974,val,974:19,1,positive_gap,Other,Other,0.8507208124128017,False,0.94836143270485,True,0.9922165735645214,True
974,val,974:19,0,wrong_branch,LAD,Other,0.00013619265303374986,False,1.8639907066674867e-07,False,1.2361708555695874e-08,False
975,train,975:0,1,positive_gap,RCA,RCA,0.9528249735458572,True,0.6670398791833022,False,0.9120899045796005,True
975,train,975:0,0,wrong_branch,LAD,D2,0.9929702444088232,True,0.013403760750063201,False,0.5937928966470575,False
975,train,975:1,1,positive_gap,D2,D2,0.3292773787820382,False,0.9893130995722577,True,0.9482837061675118,True
975,train,975:1,0,wrong_branch,D1,LAD,0.8485749109059441,False,2.7287388405294463e-05,False,0.00014215375505867228,False
975,train,975:2,1,positive_gap,D1,D1,0.854520385515577,False,0.9793730965900763,True,0.9728843960689146,True
975,train,975:2,0,wrong_branch,LCX,LM,0.8562307954980124,False,0.0033043736420604133,False,0.008396447565132036,False
975,train,975:3,1,positive_gap,OM1,OM1,0.8631464882336471,False,0.9181116741067402,True,0.9655963812316605,True
975,train,975:3,0,wrong_branch,RCA,R-PLA,0.8576612213364772,False,0.29087651330365993,False,0.5674710825876956,False
975,train,975:4,1,positive_gap,D2,D2,0.9511737510908925,True,0.9936594747113452,True,0.9986379977218366,True
975,train,975:4,0,wrong_branch,OM1,LCX,0.8737882748620759,False,4.570173787628588e-05,False,0.0004277763830011214,False
975,train,975:5,1,positive_gap,D2,D2,0.9577521911702164,True,0.9947387719125733,True,0.9993059952687748,True
975,train,975:5,0,wrong_branch,R-PDA,RCA,0.8153312048031619,False,0.2720949771630016,False,0.46771926509331974,False
975,train,975:6,1,positive_gap,R-PLA,R-PLA,0.9470018453359452,True,0.9188309306165123,True,0.9764225602032303,True
975,train,975:6,0,wrong_branch,LAD,LM,0.6903372064885585,False,0.039144834174185815,False,0.1790523305738118,False
975,train,975:7,1,positive_gap,D2,D2,0.8217442068681093,False,0.9730694549137766,True,0.9953676838977457,True
975,train,975:7,0,wrong_branch,D1,LAD,0.038618084613428826,False,7.189013313475708e-08,False,2.4621971294685917e-08,False
975,train,975:8,1,positive_gap,R-PDA,R-PDA,0.8424102474611203,False,0.9630975725132205,True,0.9655115472587489,True
975,train,975:8,0,wrong_branch,LCX,OM2,0.5033540637806344,False,0.3459264144933097,False,0.27760689221055646,False
975,train,975:9,1,positive_gap,LAD,LAD,0.963888193570371,True,0.6354930774212109,False,0.9384183889272804,True
975,train,975:9,0,wrong_branch,LCX,OM2,0.01255002248556611,False,4.0843714615924746e-05,False,3.634503634797633e-05,False
975,train,975:10,1,positive_gap,D2,D2,0.8657961224794366,False,0.993613545351162,True,0.9967357159951238,True
975,train,975:10,0,wrong_branch,D1,LAD,0.09867753722299762,False,0.00022070181683253503,False,3.419752364922918e-05,False
975,train,975:11,1,positive_gap,D2,D2,0.44342214746988245,False,0.9827360919480368,True,0.9563660078374108,True
975,train,975:11,0,wrong_branch,LCX,LM,0.037162685124158504,False,0.0001417697275416959,False,2.328501211547636e-05,False
975,train,975:12,1,positive_gap,D2,D2,0.8790213516386473,False,0.9896383232166691,True,0.9974192755246387,True
975,train,975:12,0,wrong_branch,LCX,OM2,0.01738920722004529,False,0.0001832257600975525,False,7.49579928192613e-05,False
975,train,975:13,1,positive_gap,LAD,LAD,0.8738160936439242,False,0.6923363669104924,False,0.8296554037338086,False
975,train,975:13,0,wrong_branch,LCX,OM2,0.00492544357593801,False,1.355957636061793e-05,False,1.1408768444552876e-05,False
975,train,975:14,1,positive_gap,R-PDA,R-PDA,0.7740852907516851,False,0.3180464057270526,False,0.7447313445601494,False
975,train,975:14,0,wrong_branch,LAD,D2,0.05057287921895804,False,0.02733573781395433,False,0.0034692104160227773,False
975,train,975:15,1,positive_gap,R-PDA,R-PDA,0.7375182329595282,False,0.9413784733649961,True,0.9405275130495806,True
975,train,975:15,0,wrong_branch,LCX,LM,0.03208419566575787,False,0.011689529830739048,False,0.0007419656648523827,False
975,train,975:16,1,positive_gap,OM1,OM1,0.8151820459977158,False,0.9644854427099403,True,0.9909152896365281,True
975,train,975:16,0,wrong_branch,LAD,D2,0.08100136744465282,False,0.0031657119075278136,False,0.0012798199583618642,False
975,train,975:17,1,positive_gap,D2,D2,0.9682750830996398,True,0.9880154781423173,True,0.9978500777160868,True
975,train,975:17,0,wrong_branch,OM1,LCX,0.029332205522532667,False,1.6293747644392556e-06,False,1.2942099018816472e-06,False
975,train,975:18,1,positive_gap,OM2,OM2,0.8055602163279776,False,0.7131730708446186,False,0.7296261784575954,False
975,train,975:18,0,wrong_branch,RCA,R-PLA,0.018574648699375477,False,0.05072777171328158,False,0.003163351957311116,False
975,train,975:19,1,positive_gap,R-PLA,R-PLA,0.8935023797825244,False,0.9742286307727828,True,0.994315347740674,True
975,train,975:19,0,wrong_branch,OM1,LCX,0.00823769444928641,False,0.00035769296389943857,False,9.44842514766727e-06,False
975,train,975:20,1,positive_gap,R-PDA,R-PDA,0.9655890877687421,True,0.7315602166053216,False,0.9424059735461349,True
975,train,975:20,0,wrong_branch,R-PDA,RCA,0.015821392987642378,False,0.1934278980324244,False,0.00664124605651633,False
975,train,975:21,1,positive_gap,R-PDA,R-PDA,0.9234345507353107,False,0.9891830280194681,True,0.9937114666228941,True
975,train,975:21,0,wrong_branch,R-PDA,RCA,0.002334728778034848,False,0.03271234492342632,False,0.0004756333992298786,False
975,train,975:22,1,positive_gap,R-PDA,R-PDA,0.8783191502237746,False,0.9640096456498195,True,0.9803689654978296,True
975,train,975:22,0,wrong_branch,RCA,R-PLA,0.010749486528243276,False,0.14085110656623295,False,0.0026010673318647083,False
975,train,975:23,1,positive_gap,RCA,RCA,0.7805979885766104,False,0.21664200104113648,False,0.39745325680609866,False
975,train,975:23,0,wrong_branch,LAD,LM,0.005539790099634284,False,0.03076515220035829,False,0.0013631108785813152,False
975,train,975:24,1,positive_gap,D1,D1,0.9347269810415004,False,0.9977667399430339,True,0.9986145060633256,True
975,train,975:24,0,wrong_branch,D1,LAD,0.00028991020644047175,False,3.595879560446771e-08,False,9.605735799352106e-10,False
975,train,975:25,1,positive_gap,D2,D2,0.9314079181953677,False,0.9961175027333871,True,0.9996880191538419,True
975,train,975:25,0,wrong_branch,LCX,OM2,0.0001401398984752489,False,1.095002623565575e-06,False,1.4995946822516823e-07,False
975,train,975:26,1,positive_gap,LAD,LAD,0.7497851985195738,False,0.7328695381220574,False,0.7006760473831161,False
975,train,975:26,0,wrong_branch,LAD,LM,0.0056640528652541116,False,0.04346537830959251,False,0.0037019385338405695,False
975,train,975:27,1,positive_gap,R-PDA,R-PDA,0.8950577751350234,False,0.9864809517528172,True,0.986835753663839,True
975,train,975:27,0,wrong_branch,LCX,OM2,0.004410501145192175,False,0.193336720233047,False,0.00392195460019764,False
975,train,975:28,1,positive_gap,R-PDA,R-PDA,0.949472134322649,True,0.9382706468994059,True,0.9897973448687554,True
975,train,975:28,0,wrong_branch,LCX,OM2,0.0005262170269420917,False,0.00010490305312606263,False,2.2516164688484083e-06,False
975,train,975:29,1,positive_gap,LAD,LAD,0.8901196820096325,False,0.7434359389520337,False,0.8940139770082299,True
975,train,975:29,0,wrong_branch,LAD,D2,0.0011779677636228007,False,0.10410557851256483,False,0.00032008361628861186,False
975,train,975:30,1,positive_gap,D2,D2,0.9418106464670281,False,0.94116029748312,True,0.9909771684176787,True
975,train,975:30,0,wrong_branch,D1,LAD,0.0012023627715463377,False,7.673873185619461e-07,False,5.53136511430771e-09,False
975,train,975:31,1,positive_gap,D2,D2,0.6772272961570458,False,0.9929845407384449,True,0.9970890417131514,True
975,train,975:31,0,wrong_branch,LCX,OM2,8.207128542200521e-05,False,1.6881714889613534e-05,False,4.997279396773027e-07,False
975,train,975:32,1,positive_gap,R-PDA,R-PDA,0.7773662528036864,False,0.9359251917611782,True,0.9462870417455065,True
975,train,975:32,0,wrong_branch,LCX,LM,0.0003153946044414391,False,0.0005920347957602481,False,2.3023687475467488e-06,False
975,train,975:33,1,positive_gap,R-PDA,R-PDA,0.7992216946733177,False,0.4443977084140185,False,0.8242363628982577,False
975,train,975:33,0,wrong_branch,D1,LAD,0.00016291897715029328,False,0.00016457601960520712,False,3.3563242065077365e-07,False
975,train,975:34,1,positive_gap,OM1,OM1,0.8876839842775116,False,0.9968083038574524,True,0.9960135005679054,True
975,train,975:34,0,wrong_branch,LCX,OM2,0.0008781560315462445,False,0.20539840143459162,False,0.0007770175906352857,False
976,train,976:0,1,positive_gap,R-PLA,R-PLA,0.6010281031813187,False,0.9382968432004176,True,0.911827747397484,True
976,train,976:0,0,wrong_branch,R-PDA,RCA,0.8641840150761422,False,0.0025609738571018563,False,0.009186489307022304,False
976,train,976:1,1,positive_gap,R-PLA,R-PLA,0.9545789543110776,True,0.7707314318068242,False,0.9824521459291004,True
976,train,976:1,0,wrong_branch,D2,LAD,0.9144841507757082,False,0.2081021883798096,False,0.4934473187289853,False
976,train,976:2,1,positive_gap,R-PLA,R-PLA,0.8969187869498431,False,0.7444808693348164,False,0.9124267926875274,True
976,train,976:2,0,wrong_branch,LM,LAD,0.9298564080310714,False,0.5007627376349552,False,0.7846623495747727,False
976,train,976:3,1,positive_gap,OM1,OM1,0.8703173975244491,False,0.8816389841652355,False,0.9528696147790583,True
976,train,976:3,0,wrong_branch,LCX,LM,0.4966154212470614,False,0.7098389596652624,False,0.5751924661869089,False
976,train,976:4,1,positive_gap,RCA,RCA,0.9450141227306661,True,0.9216716397687259,True,0.975467923443148,True
976,train,976:4,0,wrong_branch,RCA,R-PLA,0.8969927274851784,False,0.08797856933388301,False,0.30716200021350865,False
976,train,976:5,1,positive_gap,R-PDA,R-PDA,0.7737141862864475,False,0.9361091792319612,True,0.9460486343737988,True
976,train,976:5,0,wrong_branch,LCX,OM1,0.46264827022120547,False,0.33658178685420714,False,0.27161437513206665,False
976,train,976:6,1,positive_gap,D2,D2,0.9062175434638206,False,0.5711267231443218,False,0.8489496333447639,False
976,train,976:6,0,wrong_branch,LAD,D1,0.010461206659254154,False,1.6892760307961202e-05,False,3.3585360974248544e-05,False
976,train,976:7,1,positive_gap,R-PLA,R-PLA,0.7585381832102206,False,0.679094668777162,False,0.7189571283722045,False
976,train,976:7,0,wrong_branch,R-PDA,RCA,0.062290196921648555,False,0.008530989499934135,False,0.0007003967387337437,False
976,train,976:8,1,positive_gap,R-PLA,R-PLA,0.964459478438301,True,0.5318643190656303,False,0.9052797084557883,True
976,train,976:8,0,wrong_branch,LCX,LM,0.00957135277560589,False,0.291398553333847,False,0.008836942565247358,False
976,train,976:9,1,positive_gap,R-PDA,R-PDA,0.8630006969331954,False,0.9882687332407737,True,0.9873926321821253,True
976,train,976:9,0,wrong_branch,R-PDA,RCA,0.018283331227871336,False,0.00014626666060182754,False,2.297089970874132e-05,False
976,train,976:10,1,positive_gap,OM1,OM1,0.9035156003891639,False,0.9701659970503934,True,0.990838243669972,True
976,train,976:10,0,wrong_branch,D2,LAD,0.04211552446695779,False,0.050239838875022744,False,0.0032562309216293654,False
976,train,976:11,1,positive_gap,LCX,LCX,0.8816484909854154,False,0.8740456972975248,False,0.9640703419618212,True
976,train,976:11,0,wrong_branch,RCA,R-PLA,0.10050673498957396,False,0.00853991427040951,False,0.0014763336920509142,False
976,train,976:12,1,positive_gap,R-PDA,R-PDA,0.7421627772520902,False,0.9687646647914605,True,0.9777153627623762,True
976,train,976:12,0,wrong_branch,LAD,D1,0.000750152806053435,False,0.0004016005829290996,False,4.69018134725322e-05,False
976,train,976:13,1,positive_gap,R-PLA,R-PLA,0.9327139256308669,False,0.8400863755802267,False,0.9718310245860329,True
976,train,976:13,0,wrong_branch,D2,LAD,0.026232090571777143,False,0.6660735190019303,False,0.06414444936423523,False
976,train,976:14,1,positive_gap,R-PDA,R-PDA,0.9381582800419043,False,0.9704327555038847,True,0.9925268483922423,True
976,train,976:14,0,wrong_branch,LAD,D1,0.0019903427280597795,False,0.0008967134704165636,False,8.555207399624613e-05,False
976,train,976:15,1,positive_gap,D1,D1,0.9453378402685823,True,0.6094191079888202,False,0.9348467473877758,True
976,train,976:15,0,wrong_branch,LAD,D1,0.009578516880714708,False,0.015680411797284816,False,0.0006704403373749334,False
976,train,976:16,1,positive_gap,R-PDA,R-PDA,0.9824584743813505,True,0.9745167569648824,True,0.9971255912199001,True
976,train,976:16,0,wrong_branch,LAD,D1,0.0002473572275755034,False,1.0249243972556246e-05,False,1.2981873940571103e-06,False
976,train,976:17,1,positive_gap,RCA,RCA,0.8253608819593642,False,0.7089982358667178,False,0.8765098784661992,True
976,train,976:17,0,wrong_branch,RCA,R-PLA,0.012759118181455286,False,0.3180959607639323,False,0.006276758778697758,False
976,train,976:18,1,positive_gap,R-PDA,R-PDA,0.9054509207847972,False,0.7352975061426137,False,0.9613253886373104,True
976,train,976:18,0,wrong_branch,LCX,OM1,0.01301664158950476,False,0.19018421689718315,False,0.012851453250555861,False
976,train,976:19,1,positive_gap,LAD,LAD,0.8880125831247776,False,0.6866607470388726,False,0.899621250270246,True
976,train,976:19,0,wrong_branch,LAD,D1,0.000988934392102414,False,2.3265979658192464e-05,False,2.833165157396594e-06,False
976,train,976:20,1,positive_gap,R-PDA,R-PDA,0.9002978887516836,False,0.9552880823386877,True,0.9869139784988148,True
976,train,976:20,0,wrong_branch,LCX,OM1,0.0041003262676374734,False,0.26802347150100964,False,0.00413433352397721,False
976,train,976:21,1,positive_gap,R-PDA,R-PDA,0.9233015562040251,False,0.6817098509249041,False,0.8698555315140664,True
976,train,976:21,0,wrong_branch,R-PDA,RCA,0.00023190162619733892,False,9.268965238201625e-05,False,4.0144939391157766e-07,False
977,train,977:0,1,positive_gap,R-PLA,R-PLA,0.8362876417198992,False,0.933853373944846,True,0.9844319706758917,True
977,train,977:0,0,wrong_branch,D1,LAD,0.8229033507251118,False,2.326603031679038e-05,False,0.00023494284586374835,False
977,train,977:1,1,positive_gap,R-PLA,R-PLA,0.9056402724369851,False,0.9422849621774141,True,0.9934216705995533,True
977,train,977:1,0,wrong_branch,LM,LCX,0.821562340340573,False,0.04381265327856955,False,0.14052462569586588,False
977,train,977:2,1,positive_gap,R-PLA,R-PLA,0.9803199476253902,True,0.9656244312119365,True,0.9990655732288843,True
977,train,977:2,0,wrong_branch,OM1,LCX,0.8788424661363194,False,0.10609968768959331,False,0.3914243703239148,False
977,train,977:3,1,positive_gap,R-PLA,R-PLA,0.8570245092639656,False,0.9913325113414914,True,0.9982574526430755,True
977,train,977:3,0,wrong_branch,RCA,R-PDA,0.5123045486360117,False,0.007058115603010433,False,0.01767163004800569,False
977,train,977:4,1,positive_gap,R-PLA,R-PLA,0.826304515074966,False,0.9903338228545581,True,0.9986984860073286,True
977,train,977:4,0,wrong_branch,D1,LAD,0.10038983476078754,False,0.0017500578831837923,False,0.0003662604447768719,False
977,train,977:5,1,positive_gap,R-PLA,R-PLA,0.9383463157465429,False,0.9936121855192994,True,0.999084334681241,True
977,train,977:5,0,wrong_branch,D1,LAD,0.0204480539594771,False,1.6553038043989407e-07,False,1.3452904264677352e-07,False
977,train,977:6,1,positive_gap,LAD,LAD,0.9633267470520814,True,0.9225822282259942,True,0.9923416903116615,True
977,train,977:6,0,wrong_branch,LM,LAD,0.0479324915186421,False,0.0007766052958536473,False,0.0001755281369616472,False
977,train,977:7,1,positive_gap,LAD,LAD,0.8623846516106516,False,0.9932085616002044,True,0.9960886596114364,True
977,train,977:7,0,wrong_branch,OM1,LCX,0.06423825972364233,False,0.08474709961528935,False,0.019511298687334668,False
977,train,977:8,1,positive_gap,D1,D1,0.7249640117007029,False,0.9921055990158058,True,0.9956074984375233,True
977,train,977:8,0,wrong_branch,LM,LCX,0.009741476413272254,False,0.08449280090892602,False,0.0011869895610272835,False
977,train,977:9,1,positive_gap,R-PLA,R-PLA,0.8499186392848663,False,0.9138026680140193,True,0.9725807185876839,True
977,train,977:9,0,wrong_branch,LM,LCX,0.015691942517832146,False,0.00026000431847658813,False,7.12018584304363e-05,False
977,train,977:10,1,positive_gap,LAD,LAD,0.887257063265715,False,0.46274161580495426,False,0.8920712571103516,True
977,train,977:10,0,wrong_branch,RCA,R-PDA,0.01614374580446908,False,0.0005430519514275505,False,6.260512737091126e-05,False
977,train,977:11,1,positive_gap,RCA,RCA,0.8867145548386669,False,0.518780721420962,False,0.8435440743015992,False
977,train,977:11,0,wrong_branch,OM1,LCX,0.012386659465800722,False,0.09997866930462171,False,0.005224966585584556,False
977,train,977:12,1,positive_gap,R-PLA,R-PLA,0.7944587312686996,False,0.8991998178887624,True,0.9767071329679463,True
977,train,977:12,0,wrong_branch,RCA,R-PLA,0.006682227098259745,False,0.019371502389841547,False,0.000981802970241097,False
977,train,977:13,1,positive_gap,R-PLA,R-PLA,0.9705581784227074,True,0.677504572936223,False,0.9841353245568611,True
977,train,977:13,0,wrong_branch,RCA,R-PDA,0.0029157069073089585,False,0.013289573605605697,False,0.00023182757613061347,False
977,train,977:14,1,positive_gap,R-PDA,R-PDA,0.9019815717043026,False,0.9241715411102062,True,0.993098804020161,True
977,train,977:14,0,wrong_branch,D1,LAD,0.0008852346573818325,False,0.007736721988511498,False,5.2317790133177684e-05,False
977,train,977:15,1,positive_gap,R-PDA,R-PDA,0.9288821155081376,False,0.7201098345491952,False,0.9638842352770622,True
977,train,977:15,0,wrong_branch,D1,LAD,0.0007580131676034772,False,7.669820449720982e-06,False,9.528527548480987e-08,False
977,train,977:16,1,positive_gap,R-PLA,R-PLA,0.8711632533982863,False,0.8900240243223232,False,0.9690485771524796,True
977,train,977:16,0,wrong_branch,D1,LAD,0.00012612831926751044,False,3.097548926665128e-09,False,1.6583517722133742e-10,False
979,train,979:0,1,positive_gap,R-PDA,R-PDA,0.8977803358817708,False,0.9839416030830006,True,0.9957648730110534,True
979,train,979:0,0,wrong_branch,RCA,R-PDA,0.938276842456941,False,0.01971002263758151,False,0.3247447041219017,False
979,train,979:1,1,positive_gap,R-PDA,R-PDA,0.9131793590303463,False,0.9956675595356133,True,0.9992033190482653,True
979,train,979:1,0,wrong_branch,LAD,D1,0.9755789042485421,True,0.0026283624383003847,False,0.046587114505007236,False
979,train,979:2,1,positive_gap,OM1,OM1,0.674654293496288,False,0.9725922056547878,True,0.9693039720850287,True
979,train,979:2,0,wrong_branch,OM2,LCX,0.9372654391112681,False,0.20762027907482225,False,0.4404002090485924,False
979,train,979:3,1,positive_gap,D1,D1,0.9521320334954337,True,0.9998033238929686,True,0.9999494292358533,True
979,train,979:3,0,wrong_branch,R-PLA,RCA,0.5068927325921475,False,0.814713361766084,False,0.7279637379543483,False
979,train,979:4,1,positive_gap,LAD,LAD,0.9555101903250969,True,0.9077735135668203,True,0.9900414551753908,True
979,train,979:4,0,wrong_branch,LAD,D1,0.21861992542393352,False,0.01105130396565847,False,0.002428977812530227,False
979,train,979:5,1,positive_gap,RCA,RCA,0.8701132710615974,False,0.9326921690570608,True,0.9652723731497277,True
979,train,979:5,0,wrong_branch,RCA,R-PDA,0.07141317245312664,False,0.005414961740918321,False,0.0017733714866881452,False
979,train,979:6,1,positive_gap,OM2,OM2,0.7918691760505489,False,0.9676022184865449,True,0.9932943139713835,True
979,train,979:6,0,wrong_branch,RCA,R-PDA,0.00886819331426859,False,0.02025553641900324,False,0.0015469138258635668,False
979,train,979:7,1,positive_gap,IM,IM,0.9018857672197313,False,0.9933574747048718,True,0.9957135165669168,True
979,train,979:7,0,wrong_branch,LAD,D1,0.07704403723144324,False,3.966377923333019e-06,False,1.226162956090484e-06,False
979,train,979:8,1,positive_gap,D1,D1,0.927170692636944,False,0.9998768715847838,True,0.9997661959523827,True
979,train,979:8,0,wrong_branch,OM2,LCX,0.016221572258869457,False,0.005084773217269773,False,0.00032453762924259446,False
979,train,979:9,1,positive_gap,LAD,LAD,0.8816202241044181,False,0.9698407336840308,True,0.9661467920662214,True
979,train,979:9,0,wrong_branch,OM2,LCX,0.013548853842588427,False,0.18292422706752468,False,0.0018797741764018973,False
979,train,979:10,1,positive_gap,D1,D1,0.7789444042785597,False,0.9994304833313193,True,0.9993042603907966,True
979,train,979:10,0,wrong_branch,R-PLA,RCA,0.006715352182950515,False,0.6603118132127902,False,0.046434059102411704,False
979,train,979:11,1,positive_gap,OM2,OM2,0.8226147914228471,False,0.9995169629341438,True,0.9997930441126237,True
979,train,979:11,0,wrong_branch,LCX,OM1,0.002054399307828932,False,0.0002031812897636423,False,3.783882849620263e-05,False
979,train,979:12,1,positive_gap,OM2,OM2,0.7972406742715733,False,0.9975252835245042,True,0.9994582160772946,True
979,train,979:12,0,wrong_branch,LCX,LAD,0.00181767037832067,False,0.0579838474862178,False,0.00022272634017716383,False
979,train,979:13,1,positive_gap,LCX,LCX,0.8779545725320098,False,0.7340257748246748,False,0.8792438267259215,True
979,train,979:13,0,wrong_branch,R-PLA,RCA,0.0056829671693419065,False,0.7604294978231583,False,0.054291596602068025,False
979,train,979:14,1,positive_gap,RCA,RCA,0.9381472296261688,False,0.4914160290299955,False,0.8726765842637347,True
979,train,979:14,0,wrong_branch,LM,LAD,0.0015395795483144018,False,0.016298700218908446,False,0.00013017401987835777,False
979,train,979:15,1,positive_gap,IM,IM,0.8958826739982816,False,0.9763178425490043,True,0.9874514362709153,True
979,train,979:15,0,wrong_branch,RCA,R-PDA,0.0006130441177248308,False,0.0007576833540124353,False,2.9343601345541525e-05,False
979,train,979:16,1,positive_gap,R-PDA,R-PDA,0.85537203861293,False,0.986451337303618,True,0.9908981654185683,True
979,train,979:16,0,wrong_branch,LM,IM,0.00175023660118001,False,8.964942576869593e-08,False,3.4939415772413118e-09,False
979,train,979:17,1,positive_gap,LAD,LAD,0.6761040082173158,False,0.9912687581640167,True,0.9862793138029946,True
979,train,979:17,0,wrong_branch,LM,LCX,2.3555264977155862e-05,False,0.13739799627334975,False,1.4370909550810826e-05,False
979,train,979:18,1,positive_gap,OM1,OM1,0.9097210339209728,False,0.9842899385212183,True,0.9983757157531,True
979,train,979:18,0,wrong_branch,LCX,OM1,0.00012030856396919163,False,4.071681098530055e-05,False,7.005813222456925e-07,False
979,train,979:19,1,positive_gap,RCA,RCA,0.8840408201755763,False,0.8520452604502174,False,0.9328771097824288,True
979,train,979:19,0,wrong_branch,RCA,R-PDA,0.0001373562421951471,False,7.610693835782294e-05,False,9.691252465707726e-07,False
979,train,979:20,1,positive_gap,OM1,OM1,0.6578178320692295,False,0.9573737927419266,True,0.9603465683021899,True
979,train,979:20,0,wrong_branch,RCA,R-PDA,4.805726574530012e-05,False,0.0024376514415282275,False,5.057751908257843e-06,False
979,train,979:21,1,positive_gap,IM,IM,0.9454494887798266,True,0.9825145855397416,True,0.9976410358320172,True
979,train,979:21,0,wrong_branch,LAD,D1,0.0008826099019503212,False,1.4650790192475028e-05,False,4.389426772931097e-08,False
979,train,979:22,1,positive_gap,RCA,RCA,0.8383231187159068,False,0.7329359032793568,False,0.8640348222876668,True
979,train,979:22,0,wrong_branch,LAD,D1,0.0003775713983270556,False,0.05818608338550187,False,4.8406384718648015e-05,False
980,test,980:0,1,positive_gap,R-PLA,R-PLA,0.574213918141514,False,0.608957285048807,False,0.6643670859844798,False
980,test,980:0,0,wrong_branch,RCA,R-PDA,0.6177714263211744,False,0.004768063980038484,False,0.008830133527772814,False
980,test,980:1,1,positive_gap,R-PDA,R-PDA,0.9383448990354024,False,0.548957241474546,False,0.9455982191535875,True
980,test,980:1,0,wrong_branch,LM,LAD,0.2533721351092165,False,0.3170258652563463,False,0.10157325802937045,False
980,test,980:2,1,positive_gap,R-PLA,R-PLA,0.8513733745018464,False,0.9587728186811285,True,0.9794096436151646,True
980,test,980:2,0,wrong_branch,RCA,R-PLA,0.5988785451571814,False,0.23481762446990992,False,0.24157428779908272,False
980,test,980:3,1,positive_gap,IM,IM,0.8938829157251906,False,0.6437205609065001,False,0.7739570653030342,False
980,test,980:3,0,wrong_branch,LM,IM,0.3611812977398305,False,0.008210227379839691,False,0.005634213719681327,False
980,test,980:4,1,positive_gap,R-PLA,R-PLA,0.5517186031590353,False,0.712947320462929,False,0.7009383096181759,False
980,test,980:4,0,wrong_branch,IM,LCX,0.020150460849322906,False,1.2252033997933072e-05,False,1.3498507856679194e-06,False
980,test,980:5,1,positive_gap,RCA,RCA,0.9227253150312226,False,0.4507809208246042,False,0.7784873331489961,False
980,test,980:5,0,wrong_branch,RCA,R-PDA,0.01742736220953565,False,0.0031753854298220687,False,0.00012046419055409704,False
980,test,980:6,1,positive_gap,R-PLA,R-PLA,0.8960140255872493,False,0.763291798389876,False,0.9150054926888819,True
980,test,980:6,0,wrong_branch,LCX,OM1,0.002914710779482746,False,2.3829985331938998e-05,False,2.65090026721508e-06,False
980,test,980:7,1,positive_gap,R-PLA,R-PLA,0.782004391173797,False,0.715433553623204,False,0.6619487767876773,False
980,test,980:7,0,wrong_branch,RCA,R-PDA,0.007512037081932997,False,0.0001836878606198946,False,1.0640472029839247e-05,False
980,test,980:8,1,positive_gap,R-PLA,R-PLA,0.6771939639475736,False,0.37527047114520506,False,0.5740170484341357,False
980,test,980:8,0,wrong_branch,IM,LCX,0.004166586005486853,False,1.0743544784004772e-05,False,7.22472311488916e-07,False
980,test,980:9,1,positive_gap,R-PLA,R-PLA,0.890614916406005,False,0.9944640159919552,True,0.9986228437363716,True
980,test,980:9,0,wrong_branch,LM,LAD,0.004176624947882212,False,0.2218318573218842,False,0.0027912808870084213,False
980,test,980:10,1,positive_gap,R-PLA,R-PLA,0.8690973515059326,False,0.9994942758451394,True,0.999803028225575,True
980,test,980:10,0,wrong_branch,LCX,LAD,0.003214838213869143,False,0.1814222493094978,False,0.0007464420545147347,False
980,test,980:11,1,positive_gap,RCA,RCA,0.8460760361657108,False,0.2988615820491491,False,0.503776107665131,False
980,test,980:11,0,wrong_branch,RCA,R-PLA,0.004810666494847688,False,0.36074127776171755,False,0.002652877737522222,False
980,test,980:12,1,positive_gap,IM,IM,0.8519190898716991,False,0.9573502413312643,True,0.9920105573828086,True
980,test,980:12,0,wrong_branch,LM,LAD,0.0023318761579806256,False,0.1333739793040531,False,0.0005220986232350997,False
980,test,980:13,1,positive_gap,R-PLA,R-PLA,0.876391434742389,False,0.5257892796149788,False,0.8539989806702658,False
980,test,980:13,0,wrong_branch,LM,IM,0.0013482919070516065,False,1.1308010331618715e-06,False,2.8174081314481285e-08,False
980,test,980:14,1,positive_gap,RCA,RCA,0.8924932182096543,False,0.6291026778225363,False,0.7716371219911569,False
980,test,980:14,0,wrong_branch,RCA,R-PLA,0.003045850174866235,False,0.14585231986866642,False,0.001124220556788575,False
980,test,980:15,1,positive_gap,RCA,RCA,0.816181863776225,False,0.661732329546466,False,0.7149055987079068,False
980,test,980:15,0,wrong_branch,LM,IM,0.002509201705939476,False,0.0037535118965143052,False,5.192439486887885e-05,False
982,train,982:0,1,positive_gap,R-PDA,R-PDA,0.9231743710819494,False,0.9990050897957877,True,0.9997828865005005,True
982,train,982:0,0,wrong_branch,D1,LAD,0.935337850512913,False,0.03545190520425338,False,0.13559871585360758,False
982,train,982:1,1,positive_gap,R-PDA,R-PDA,0.9289760290960566,False,0.9928345486623051,True,0.9986033535754006,True
982,train,982:1,0,wrong_branch,R-PDA,RCA,0.8457340268743161,False,0.35934757896311786,False,0.5746303094401138,False
982,train,982:2,1,positive_gap,R-PDA,R-PDA,0.7054023628420462,False,0.9915939899691002,True,0.9889609793639471,True
982,train,982:2,0,wrong_branch,LAD,LM,0.3163070241119805,False,0.07053135289527297,False,0.05018052057105123,False
982,train,982:3,1,positive_gap,LAD,LAD,0.9141366538015148,False,0.9770334048051778,True,0.9894643623674856,True
982,train,982:3,0,wrong_branch,R-PLA,RCA,0.676058240355682,False,0.1633814559565243,False,0.17698989674215743,False
982,train,982:4,1,positive_gap,D1,D1,0.8925465402683777,False,0.9996465758875135,True,0.9995090615398637,True
982,train,982:4,0,wrong_branch,D1,LAD,0.1120386450114147,False,0.0006737834501974001,False,0.0004992174346766105,False
982,train,982:5,1,positive_gap,D1,D1,0.9076722149565233,False,0.9993123647264646,True,0.9992855908095102,True
982,train,982:5,0,wrong_branch,R-PDA,RCA,0.10448272140371093,False,0.1689425119354885,False,0.031043296198411806,False
982,train,982:6,1,positive_gap,R-PDA,R-PDA,0.9044152446600167,False,0.9371903540336758,True,0.9593072097200965,True
982,train,982:6,0,wrong_branch,R-PDA,RCA,0.06067639705692881,False,0.030585787119739367,False,0.004753942523255402,False
982,train,982:7,1,positive_gap,OM2,OM2,0.8869718626880788,False,0.991153157171283,True,0.9956183271627069,True
982,train,982:7,0,wrong_branch,LCX,OM2,0.05666852226045643,False,0.7226812239954226,False,0.2894772436994125,False
982,train,982:8,1,positive_gap,R-PLA,R-PLA,0.7072214783367659,False,0.47952123981106676,False,0.7967520473362517,False
982,train,982:8,0,wrong_branch,R-PLA,RCA,0.006610742152214837,False,0.20102579461409373,False,0.002244355165815522,False
982,train,982:9,1,positive_gap,R-PLA,R-PLA,0.8824117815580806,False,0.9990721279285534,True,0.9982786193373006,True
982,train,982:9,0,wrong_branch,LAD,LM,0.013020484639198547,False,0.24504967361201702,False,0.011805542807388728,False
982,train,982:10,1,positive_gap,R-PDA,R-PDA,0.6436583660420644,False,0.9928755575802735,True,0.9956331926133449,True
982,train,982:10,0,wrong_branch,LAD,LM,0.0013997454488624097,False,0.039519738616143836,False,0.00018718004565768272,False
982,train,982:11,1,positive_gap,RCA,RCA,0.8726208821595098,False,0.9550531082577962,True,0.9865437385983153,True
982,train,982:11,0,wrong_branch,OM1,LM,0.009767348580873766,False,8.887715740698659e-07,False,8.360671085021141e-08,False
982,train,982:12,1,positive_gap,R-PLA,R-PLA,0.8789849533822633,False,0.9772172614456961,True,0.9895730165339984,True
982,train,982:12,0,wrong_branch,R-PLA,RCA,0.006359730381197204,False,0.03280402295689345,False,0.00045540150156065734,False
982,train,982:13,1,positive_gap,D2,D2,0.9456533814275719,True,0.9993179752478638,True,0.9995581741736127,True
982,train,982:13,0,wrong_branch,D1,LAD,0.0003305159285333866,False,0.00023682127655526362,False,1.2868576976595827e-06,False
982,train,982:14,1,positive_gap,RCA,RCA,0.8998968872004872,False,0.9439892798420463,True,0.9778894631241023,True
982,train,982:14,0,wrong_branch,R-PDA,RCA,0.0017138002007073855,False,0.009163028424158783,False,0.00010099285347096533,False
982,train,982:15,1,positive_gap,R-PDA,R-PDA,0.8573368641695202,False,0.9860560874007283,True,0.9959663090425916,True
982,train,982:15,0,wrong_branch,D1,LAD,9.01676864913245e-05,False,0.0053696363145202064,False,3.2907570981612686e-06,False
983,train,983:0,1,positive_gap,OM2,OM2,0.821125809535501,False,0.8565220501726718,False,0.9644203654498388,True
983,train,983:0,0,wrong_branch,LAD,LM,0.958894346485027,True,0.0008786855809008385,False,0.010201038813490305,False
983,train,983:1,1,positive_gap,R-PLA,R-PLA,0.660819396029578,False,0.9696839960652989,True,0.94815367975173,True
983,train,983:1,0,wrong_branch,LCX,LM,0.17492819778739582,False,0.000358696573406748,False,0.0001992578362571697,False
983,train,983:2,1,positive_gap,OM2,OM2,0.8093314993846707,False,0.995147390538989,True,0.9963201941243491,True
983,train,983:2,0,wrong_branch,OM1,LCX,0.10190077758687052,False,8.367490053353583e-07,False,2.136283291532599e-06,False
983,train,983:3,1,positive_gap,LAD,LAD,0.9316992680394423,False,0.9830344664301304,True,0.9931824969232309,True
983,train,983:3,0,wrong_branch,LCX,OM2,0.2607083013282785,False,0.1472693141550902,False,0.03440227704072112,False
983,train,983:4,1,positive_gap,OM2,OM2,0.5080808317821872,False,0.836954323688724,False,0.8963484066632195,True
983,train,983:4,0,wrong_branch,OM2,LCX,0.0028612455478314795,False,0.0011331302986576236,False,0.0016712203219937532,False
983,train,983:5,1,positive_gap,LCX,LCX,0.6495781155658783,False,0.9401565017078988,True,0.9230599489358292,True
983,train,983:5,0,wrong_branch,RCA,R-PLA,0.12264276184109861,False,0.2918938494500252,False,0.06386163971379016,False
983,train,983:6,1,positive_gap,R-PLA,R-PLA,0.8496761313381185,False,0.7241758395674285,False,0.876967839579051,True
983,train,983:6,0,wrong_branch,LAD,LM,0.1452398318035824,False,1.7854246876595777e-06,False,3.1809181610942113e-06,False
983,train,983:7,1,positive_gap,OM2,OM2,0.9176759007624536,False,0.9514024360064379,True,0.9828720093270313,True
983,train,983:7,0,wrong_branch,LAD,LM,0.04731524625564033,False,0.0027591311577322654,False,0.0003027237068514355,False
983,train,983:8,1,positive_gap,R-PLA,R-PLA,0.7770190764472118,False,0.8901205932027253,False,0.9290964045400877,True
983,train,983:8,0,wrong_branch,RCA,R-PDA,0.06072163403381648,False,3.86672678190786e-07,False,9.675062831949893e-08,False
983,train,983:9,1,positive_gap,R-PDA,R-PDA,0.769262656825602,False,0.9776302760387067,True,0.9951135750217114,True
983,train,983:9,0,wrong_branch,LAD,D1,0.0011125317143967164,False,1.0631837021191563e-07,False,3.493214354479032e-08,False
983,train,983:10,1,positive_gap,RCA,RCA,0.7012906914158238,False,0.002699119114018514,False,0.011630393204548515,False
983,train,983:10,0,wrong_branch,OM2,LCX,0.00030838019879870094,False,4.4685197517087807e-07,False,1.4296985606077715e-06,False
983,train,983:11,1,positive_gap,OM2,OM2,0.7677787359033116,False,0.8816054777792649,False,0.9712807886828784,True
983,train,983:11,0,wrong_branch,OM1,LCX,0.0016614485759706245,False,2.807162784678044e-06,False,2.0628217898118997e-07,False
983,train,983:12,1,positive_gap,LAD,LAD,0.8564909689502058,False,0.7767093592028533,False,0.866409173181628,True
983,train,983:12,0,wrong_branch,D1,LAD,0.006108939651592969,False,3.503874570631258e-06,False,2.6142221668536084e-07,False
983,train,983:13,1,positive_gap,D1,D1,0.6867901520745656,False,0.9908607251468297,True,0.9915663478127197,True
983,train,983:13,0,wrong_branch,LCX,OM2,0.001900044559259468,False,0.1347257773726203,False,0.0010473774235185108,False
983,train,983:14,1,positive_gap,RCA,RCA,0.941720891030324,False,0.15765086096061567,False,0.43225935289653916,False
983,train,983:14,0,wrong_branch,OM2,LCX,0.0002448249883373943,False,1.1428406211382448e-06,False,7.184892092398769e-07,False
983,train,983:15,1,positive_gap,R-PLA,R-PLA,0.8446283653400277,False,0.8125142905053717,False,0.927148943175141,True
983,train,983:15,0,wrong_branch,OM2,LCX,0.00012117952808979684,False,2.848243487905689e-06,False,6.57206038310766e-07,False
983,train,983:16,1,positive_gap,R-PLA,R-PLA,0.49559595175070725,False,0.9719492447617868,True,0.918484783170518,True
983,train,983:16,0,wrong_branch,LCX,LM,0.0003999554412663726,False,0.016912006455640696,False,1.9501542602864927e-05,False
983,train,983:17,1,positive_gap,LAD,LAD,0.7058349459366935,False,0.4660571808329972,False,0.52593323943049,False
983,train,983:17,0,wrong_branch,LCX,OM2,0.00032312958359246793,False,0.00021402528254086254,False,1.5859807818191084e-06,False
983,train,983:18,1,positive_gap,LCX,LCX,0.6947993742285946,False,0.45200624939727096,False,0.5932451016927449,False
983,train,983:18,0,wrong_branch,LAD,LM,0.0004260916216887159,False,2.364384821526604e-07,False,9.27422909842176e-09,False
983,train,983:19,1,positive_gap,R-PLA,R-PLA,0.8710431410384513,False,0.996240440659929,True,0.9972464406064988,True
983,train,983:19,0,wrong_branch,RCA,R-PLA,0.00033603814197381653,False,0.011821975425374368,False,4.461548721268377e-05,False
983,train,983:20,1,positive_gap,R-PDA,R-PDA,0.7258005123433379,False,0.13396524475094773,False,0.47744486965166005,False
983,train,983:20,0,wrong_branch,RCA,R-PLA,0.00026143514278443393,False,0.041330461624139135,False,0.00010659005116701065,False
983,train,983:21,1,positive_gap,D1,D1,0.7346613631305574,False,0.9955469057574106,True,0.998630082094728,True
983,train,983:21,0,wrong_branch,OM2,LCX,7.24036670960227e-06,False,4.6484306888732814e-07,False,3.516101522798155e-08,False
984,test,984:0,1,positive_gap,OM2,OM2,0.3433002757085658,False,0.998665361110548,True,0.9928107271464623,True
984,test,984:0,0,wrong_branch,D2,LAD,0.48864794710177323,False,0.05524842023561939,False,0.07911002256157507,False
984,test,984:1,1,positive_gap,OM2,OM2,0.8226251309330733,False,0.9997032511278586,True,0.999420014544601,True
984,test,984:1,0,wrong_branch,LAD,LCX,0.6132692917776574,False,0.24686630777603444,False,0.16401133791384914,False
984,test,984:2,1,positive_gap,OM1,OM1,0.7172332519156768,False,0.9947975376382379,True,0.9959355740250635,True
984,test,984:2,0,wrong_branch,LM,LAD,0.4352778541023315,False,0.4746387217972355,False,0.25766569186430777,False
984,test,984:3,1,positive_gap,OM1,OM1,0.6979095681576094,False,0.9969644267084085,True,0.9942435813460982,True
984,test,984:3,0,wrong_branch,R-PDA,RCA,0.38989340290945446,False,0.00971996350248194,False,0.008657126760147502,False
984,test,984:4,1,positive_gap,D1,D1,0.9736903448698382,True,0.9990456343586678,True,0.9999462355463464,True
984,test,984:4,0,wrong_branch,LCX,OM2,0.7169762315259459,False,0.618289128498083,False,0.8273883478676616,False
984,test,984:5,1,positive_gap,OM2,OM2,0.8228552438031922,False,0.9988202178117038,True,0.9997461691858222,True
984,test,984:5,0,wrong_branch,D2,LAD,0.0671318667124247,False,0.08629577748973614,False,0.01351870304544803,False
984,test,984:6,1,positive_gap,R-PLA,R-PLA,0.787616840372952,False,0.7409692527616951,False,0.8152003517677524,False
984,test,984:6,0,wrong_branch,RCA,R-PLA,0.6812514947704635,False,0.4296932680952574,False,0.45412796698929,False
984,test,984:7,1,positive_gap,OM2,OM2,0.8084542474688835,False,0.9996283556031557,True,0.9996044190506692,True
984,test,984:7,0,wrong_branch,LCX,OM1,0.04993767494176011,False,0.38455452973949433,False,0.04331932268789972,False
984,test,984:8,1,positive_gap,R-PDA,R-PDA,0.7743343243779659,False,0.9967388965564092,True,0.9952875403208981,True
984,test,984:8,0,wrong_branch,LM,IM,0.15517972524571028,False,0.017959709569420723,False,0.003249969872916107,False
984,test,984:9,1,positive_gap,OM2,OM2,0.8326248427052698,False,0.9989179596683715,True,0.9997837061838676,True
984,test,984:9,0,wrong_branch,LM,LAD,0.007207782310885527,False,0.3514938017380026,False,0.004871805336262936,False
984,test,984:10,1,positive_gap,IM,IM,0.8021047533165095,False,0.17975197109600694,False,0.5856578297242313,False
984,test,984:10,0,wrong_branch,R-PDA,R-PLA,0.0537585220133889,False,0.011310977809311189,False,0.0009676939018615724,False
984,test,984:11,1,positive_gap,R-PLA,R-PLA,0.8426276849907274,False,0.9808883279671567,True,0.9875829556144109,True
984,test,984:11,0,wrong_branch,LAD,LCX,0.010982622478666184,False,0.09893952472212052,False,0.0017922322423814807,False
984,test,984:12,1,positive_gap,OM2,OM2,0.6936044417536843,False,0.9976318804687799,True,0.9974490361644643,True
984,test,984:12,0,wrong_branch,D1,LAD,0.02382359844545291,False,0.17291234731110433,False,0.009610866554801305,False
984,test,984:13,1,positive_gap,OM2,OM2,0.9295266278792484,False,0.9992967344087944,True,0.9998830171221895,True
984,test,984:13,0,wrong_branch,LM,LAD,0.04611035281662281,False,0.2960208246807981,False,0.020333426839196457,False
984,test,984:14,1,positive_gap,RCA,RCA,0.8261233947900951,False,0.41178829511854165,False,0.5430857749941526,False
984,test,984:14,0,wrong_branch,LCX,OM2,0.049866559931502234,False,0.4907763762268792,False,0.1175212463582133,False
984,test,984:15,1,positive_gap,OM1,OM1,0.9016135121142952,False,0.9937901662965117,True,0.9983945877133803,True
984,test,984:15,0,wrong_branch,R-PDA,RCA,0.008062123442726282,False,0.008107566739058943,False,0.00031265316682212754,False
984,test,984:16,1,positive_gap,RCA,RCA,0.8310248895495299,False,0.7045046329249913,False,0.771102354180732,False
984,test,984:16,0,wrong_branch,LM,LCX,0.001531969609795191,False,0.19890382962358583,False,0.0011212779646674943,False
984,test,984:17,1,positive_gap,OM2,OM2,0.8792890960907539,False,0.9980910260526293,True,0.9986031475975812,True
984,test,984:17,0,wrong_branch,D2,LAD,0.0024922292746459465,False,0.029392735164773077,False,0.0004418315371280509,False
984,test,984:18,1,positive_gap,OM1,OM1,0.8402257054465749,False,0.9989094113154885,True,0.9997815017284639,True
984,test,984:18,0,wrong_branch,LCX,OM2,0.011707159264229296,False,0.39675302491854775,False,0.039147031589399646,False
984,test,984:19,1,positive_gap,OM2,OM2,0.8623317044461246,False,0.9994511057539046,True,0.9999286158184704,True
984,test,984:19,0,wrong_branch,LCX,OM1,0.0016228854487114,False,0.24309194663240602,False,0.0020871149586848383,False
984,test,984:20,1,positive_gap,R-PLA,R-PLA,0.7861303490877545,False,0.9057211266106976,True,0.9141014863931228,True
984,test,984:20,0,wrong_branch,RCA,R-PLA,0.014084972350881643,False,0.4191173382704497,False,0.010211974458654112,False
984,test,984:21,1,positive_gap,D2,D2,0.7422279340206565,False,0.9981471149122249,True,0.9904437629088781,True
984,test,984:21,0,wrong_branch,D2,LAD,0.0003060594442771929,False,0.026207363403551395,False,9.10266017148525e-05,False
984,test,984:22,1,positive_gap,RCA,RCA,0.7863881143877021,False,0.44894960594594807,False,0.6119428735286462,False
984,test,984:22,0,wrong_branch,R-PDA,RCA,0.0007791237957577154,False,0.0007007221762016763,False,3.129754634902047e-06,False
984,test,984:23,1,positive_gap,IM,IM,0.6806650208824382,False,0.9980456421508372,True,0.9940658810251896,True
984,test,984:23,0,wrong_branch,D2,LAD,4.402001492378394e-05,False,0.042249603603835416,False,4.382486567447704e-05,False
984,test,984:24,1,positive_gap,R-PLA,R-PLA,0.9057692732715171,False,0.9607192403912481,True,0.987140190788174,True
984,test,984:24,0,wrong_branch,LM,IM,0.002987447587937051,False,0.0217953550803162,False,0.00012693743169396902,False
984,test,984:25,1,positive_gap,R-PLA,R-PLA,0.7860457840013331,False,0.7953747914478175,False,0.874904221181123,True
984,test,984:25,0,wrong_branch,RCA,R-PLA,0.003121894829076791,False,0.315727524853054,False,0.002492838090472552,False
984,test,984:26,1,positive_gap,OM1,OM1,0.8662648579560788,False,0.9270823793942183,True,0.9878063364944686,True
984,test,984:26,0,wrong_branch,LM,LAD,0.0006653667948429325,False,0.19909528120580905,False,0.00040670555719447745,False
984,test,984:27,1,positive_gap,LCX,LCX,0.8941217282563173,False,0.694316015331613,False,0.8497739751071042,False
984,test,984:27,0,wrong_branch,LCX,OM1,0.001359462890101386,False,0.07663044003834239,False,0.000583198901798189,False
984,test,984:28,1,positive_gap,D1,D1,0.7087975948751023,False,0.9997591438290188,True,0.9989346633067777,True
984,test,984:28,0,wrong_branch,LM,LCX,0.0001239344303642691,False,0.202049019512907,False,9.415155127192134e-05,False
984,test,984:29,1,positive_gap,R-PLA,R-PLA,0.8482802334999193,False,0.7155889302154124,False,0.8729654866801659,True
984,test,984:29,0,wrong_branch,D1,LAD,0.00024790540182014723,False,0.05097591407247479,False,9.097554885828662e-05,False
984,test,984:30,1,positive_gap,OM1,OM1,0.8829556696442862,False,0.9975576538719166,True,0.9992295545986187,True
984,test,984:30,0,wrong_branch,D1,LAD,0.00024775466444273986,False,0.1783756607833998,False,0.00027339097383277666,False
