scan_id,split,pair_id,y,kind,seg1,seg2,name1,name2,p1_0,p1_1,p1_2,p2_0,p2_1,p2_2,a1_0,a1_1,a1_2,a2_0,a2_1,a2_2,g0,g1,g2,g3,g4,g5,g6
953,train,953:0,1,positive_gap,10,10,R-PDA,R-PDA,10.379899978637695,-141.91700744628906,151.35000610351562,7.196290016174316,-143.75599670410156,150.4499969482422,-0.6678921299981024,-0.5402448406931624,-0.5119136790426854,-0.9733520949269168,-0.2292953595229012,0.0030557163883519894,3.78513809035045,0.9459468610966353,0.9293438899006399,0.7724055758775125,0.23777445730919408,0.8410815897521513,0.4858446941475352
953,train,953:0,0,wrong_branch,4,2,D1,LAD,40.9423828125,-160.6695098876953,227.94834899902344,37.041534423828125,-158.7509765625,228.90194702148438,-0.9334942142349739,0.3580914946141494,0.018948178667969297,-0.4370128170557032,0.8491552341839611,0.29657239586148365,4.450476093602836,0.9766368185358815,0.8126465871135231,0.7176437099811599,0.214268766398195,0.8765013689836461,0.4310849636858029
953,train,953:1,1,positive_gap,11,11,R-PLA,R-PLA,8.15137004852295,-131.3419952392578,168.61099243164062,11.016599655151367,-129.04100036621094,168.13699340820312,0.7314712798870717,0.5698128835326716,0.37451708166724695,0.7636416992538466,0.5156413856430255,-0.3885425543911996,3.705238612924645,0.8715900101277214,0.9604417294976674,0.7068852523762545,0.12792672023445198,0.7732915220719928,0.6210112528301214
953,train,953:1,0,wrong_branch,6,8,OM1,IM,27.8896484375,-137.35057067871094,233.22764587402344,24.7060546875,-140.6055450439453,233.94834899902344,0.7939479853084911,-0.058697506103256684,-0.6051456018197987,-0.9997080205249503,0.012817383794594718,0.02048385634463268,4.609722364498404,0.6014850946011697,0.6845763106842413,0.806864232831298,0.15634415004045946,0.6906259202329239,0.7061107172749562
953,train,953:2,1,positive_gap,2,2,LAD,LAD,47.57855224609375,-201.412109375,180.935302734375,44.4443359375,-201.5638885498047,182.9501190185547,-0.4576588178184319,0.006815393878784339,0.8891017696975484,-0.8905713652929981,0.02981518877766292,0.45386528600270554,3.7290526204325767,0.8647622728436846,0.9925237099366477,0.8113134694673199,0.5403024546073488,0.840485943110713,0.0407018055934756
953,train,953:2,0,wrong_branch,11,10,R-PLA,R-PDA,-7.448239803314209,-147.71200561523438,156.96299743652344,-3.309570074081421,-147.81700134277344,153.9499969482422,-0.8316733999029042,-0.5498901828775998,0.07707232102891187,-0.9634650937210124,-0.26783392836076714,0.0,5.12033037731476,0.7063029295695793,0.7732591666212147,0.9485675380298528,0.5884386877905619,0.8082817756387076,0.020505654870286927
953,train,953:3,1,positive_gap,2,2,LAD,LAD,44.4443359375,-201.5638885498047,182.9501190185547,40.94245529174805,-201.65621948242188,185.18704223632812,-0.8905713652929981,0.02981518877766292,0.45386528600270554,-0.7480694537331812,-0.06766105454138016,0.6601621574201965,4.156382867400926,0.9939372024643613,0.9870672020088065,0.9638165940167801,0.5381898850844395,0.8425308152474782,0.022214251083881496
953,train,953:3,0,wrong_branch,10,9,R-PDA,RCA,-13.17870044708252,-152.8780059814453,155.62600708007812,-17.635700225830078,-152.58399963378906,158.27699279785156,-0.9064615610226082,-0.1352520787966175,0.4000428896626584,0.8746730250532829,0.2967370174445475,-0.38326784592795327,5.194132462313288,0.9743382616699036,0.9293587587700025,0.9863153507392499,0.510380845503655,0.858083580094637,0.05660355214069949
953,train,953:4,1,positive_gap,10,10,R-PDA,R-PDA,8.788089752197266,-142.97500610351562,150.625,5.286129951477051,-144.11300659179688,150.89100646972656,-0.8338360073294273,-0.4282275420065244,-0.3483370281034873,-0.9629514507647766,-0.05898438031132572,0.2631451051213017,3.69181892826898,0.8978564472534848,0.9505720331477135,0.736539145277344,0.07205295679311326,0.9485730120469948,0.30824926963978583
953,train,953:4,0,wrong_branch,3,1,LCX,LM,22.03981590270996,-138.3760528564453,233.11135864257812,17.0654296875,-139.9522705078125,232.9370574951172,-0.5165755222032997,-0.7628707424200188,0.3888161007724828,-0.9953809246724366,-0.011235247687900633,-0.09534455415825654,5.221049817092207,0.7094981898150415,0.9549299826959587,0.4856889649211047,0.03338431035274284,0.9527559378815462,0.30189668870944436
953,train,953:5,1,positive_gap,7,7,OM2,OM2,56.684688568115234,-120.516357421875,199.9501190185547,59.0888671875,-121.50397491455078,197.0127410888672,0.30315673787865005,0.06869736871773038,-0.9504612900113478,0.6988579151114773,-0.6896632976988,-0.18963689064434572,3.922199924476219,0.8803376439936578,0.7440564142037234,0.3447279556483354,0.7489108118525512,0.612966872081572,0.2518019253716829
953,train,953:5,0,wrong_branch,3,7,LCX,OM2,40.90258026123047,-118.9560546875,216.0108642578125,44.1259765625,-116.7275390625,212.4499969482422,0.10593941819501429,0.6020513290905549,-0.7913981531522537,0.8918994659925904,0.0,-0.45223372559123914,5.294935467243557,0.8501008865847817,0.8470905372266562,0.4523842457417687,0.6725043830277373,0.6087697047887857,0.4208768244271205
953,train,953:6,1,positive_gap,14,14,Other,Other,60.04387283325195,-124.73477935791016,175.56002807617188,56.8603515625,-123.62765502929688,173.67234802246094,-0.787149974432988,0.6029346411780421,0.12986429924213988,-0.753663011660321,0.2563714920200447,-0.6051989118748571,3.863142237287629,0.7580073084180985,0.9902713967212351,0.6692273413161615,0.4886385066257116,0.8240756035395559,0.2865864782112217
953,train,953:6,0,wrong_branch,11,10,R-PLA,R-PDA,-6.174799919128418,-146.8679962158203,156.9499969482422,-1.717769980430603,-147.4499969482422,153.93699645996094,-0.8335433492218066,-0.5524540568844555,0.0,-0.8954431694491463,-0.4373775045435908,0.08296052558951635,5.411285676192978,0.6271335871026055,0.7366868669114414,0.9880216752755372,0.5567993760774791,0.8236545260041576,0.10755313381113749
953,train,953:7,1,positive_gap,4,4,D1,D1,60.04499053955078,-173.86166381835938,208.38912963867188,62.9091796875,-173.2843017578125,205.4499969482422,0.5992513473387282,-0.06467068251068318,-0.797944562946776,0.7723230904411835,0.4737808298771428,-0.4231415474900867,4.144324721367941,0.9710377511657361,0.8998550780098834,0.7698194200756566,0.7091945945441146,0.6911111798700512,0.1393139050060493
953,train,953:7,0,wrong_branch,11,10,R-PLA,R-PDA,-8.7216796875,-148.48300170898438,157.38900756835938,-4.583010196685791,-148.14300537109375,153.90199279785156,-0.867866887354449,-0.4457045518469936,0.21944137781323517,-0.9358392303668315,-0.3189579091251221,-0.1499025920821485,5.422495244231666,0.8314525410939443,0.6378726183340873,0.9214500405230298,0.643064606505137,0.7632407783514125,0.06270108549238579
953,train,953:8,1,positive_gap,8,8,IM,IM,50.1748046875,-144.35362243652344,225.46316528320312,47.3095703125,-144.3787841796875,227.99781799316406,-0.8369505757391622,0.0974182550413418,0.5385382227424392,-0.9405892203992283,-0.08534007832705805,0.328647211307054,3.8255281330965296,0.9830317753587479,0.922790865500149,0.9559020931180302,0.6625628205508169,0.7489774680289095,0.006577325349244162
953,train,953:8,0,wrong_branch,11,10,R-PLA,R-PDA,-9.99512004852295,-149.1929931640625,157.4499969482422,-5.856450080871582,-148.88299560546875,153.90199279785156,-0.8563288519431113,-0.5164309221278226,0.0,-0.7503156103361676,-0.6504937631852254,0.11783186726428524,5.460130130194934,0.6784004664152627,0.6822233218817363,0.9784519991543086,0.6498021229878557,0.7579800973541286,0.0567747564988314
953,train,953:9,1,positive_gap,4,4,D1,D1,55.157501220703125,-168.6201171875,214.6260528564453,57.14923858642578,-171.4853515625,212.1707000732422,0.43720106542186,-0.5946972017447395,-0.674678046649635,0.5157718011622479,-0.6730186130962452,-0.5301182844911663,4.266771970433949,0.9916886143476515,0.9977719617011502,0.9833974355869046,0.5754591059042242,0.46680192415346916,0.671522733076498
953,train,953:9,0,wrong_branch,11,10,R-PLA,R-PDA,-4.901370048522949,-145.97799682617188,157.01100158691406,-7.129879951477051,-149.83700561523438,153.7760009765625,-0.7526054210728678,-0.63001391362219,-0.191487724969992,-0.7830374563435194,-0.5312629462856412,-0.3234378207120664,5.506671787078027,0.8585731915282725,0.8792019643590143,0.9859556549565196,0.5874692982325231,0.40469270534400287,0.7007878693838376
953,train,953:10,1,positive_gap,7,7,OM2,OM2,70.01583099365234,-134.8740234375,187.99769592285156,70.82926177978516,-136.94314575195312,184.9498748779297,0.39911479719641507,-0.5933435081109432,-0.699035664355878,-0.10125625005106,0.019504807269050368,-0.9946691582224688,3.772552175631925,0.9762325326532701,0.7710564823768203,0.643323297358301,0.8078936759599215,0.21561816729454722,0.5484675143310734
953,train,953:10,0,wrong_branch,11,10,R-PLA,R-PDA,-3.9462900161743164,-145.06199645996094,157.40199279785156,-5.856450080871582,-148.88299560546875,153.90199279785156,-0.6876029392714558,-0.6857396171485344,-0.23867001357153364,-0.7503156103361676,-0.6504937631852254,0.11783186726428524,5.522566970416538,0.8635453837277535,0.6349126251306549,0.9338656298134249,0.6337632515366335,0.3458826438737043,0.6918882407359227
953,train,953:11,1,positive_gap,14,14,Other,Other,56.8603515625,-123.62765502929688,173.67234802246094,54.11455535888672,-121.82024383544922,171.96644592285156,-0.753663011660321,0.2563714920200447,-0.6051989118748571,-0.5622572051617355,0.8230949829833231,0.07988419262530727,3.7035434368823856,0.9626412909391682,0.7817486746539392,0.5864247209787189,0.4606134985810752,0.7413970567399829,0.48802214005328937
953,train,953:11,0,wrong_branch,6,8,OM1,IM,30.4365234375,-137.77703857421875,232.00933837890625,25.9794921875,-140.82122802734375,233.56167602539062,0.9510852382895971,-0.16599774229445782,-0.2605410122432991,-0.7922203369902644,0.2681869363574692,0.5481447845471366,5.6162237454259865,0.7368181649215305,0.6348473462094906,0.9408016909542539,0.27640238652326543,0.7935993030245517,0.5420349314972138
953,train,953:12,1,positive_gap,11,11,R-PLA,R-PLA,12.608400344848633,-133.6009979248047,164.3769989013672,8.788089752197266,-131.81100463867188,164.5240020751953,-0.9303656178156872,0.32434255904322074,0.1709436210559775,-0.9586756573538329,0.20927347304553293,0.1927319316477084,4.221428540416186,0.9854450555984483,0.963031601068509,0.9927414583152818,0.034823087118663415,0.9049805192899765,0.42402548544771507
953,train,953:12,0,wrong_branch,11,9,R-PLA,RCA,-12.541999816894531,-150.35499572753906,157.4499969482422,-17.635700225830078,-152.58399963378906,158.27699279785156,-0.9474578319588479,-0.3198806912894865,0.0,0.8746730250532829,0.2967370174445475,-0.38326784592795327,5.621224457832924,0.9853870269844365,0.9666419256237276,0.9236362502612128,0.14712023257797388,0.9061549573665758,0.3965335173805385
953,train,953:13,1,positive_gap,10,10,R-PDA,R-PDA,12.918399810791016,-141.88699340820312,153.93899536132812,10.379899978637695,-141.91700744628906,151.35000610351562,-0.47953782727397076,0.4716935288191039,-0.7399653282982523,-0.6678921299981024,-0.5402448406931624,-0.5119136790426854,3.625982296894619,0.8601563100008138,0.8375655908995339,0.44424791911298894,0.7140104517415251,0.7000861075155701,0.008277491622516267
953,train,953:13,0,wrong_branch,11,10,R-PLA,R-PDA,-12.541999816894531,-150.35499572753906,157.4499969482422,-8.4033203125,-150.7989959716797,153.6280059814453,-0.9474578319588479,-0.3198806912894865,0.0,-0.7015368456356217,-0.6500739211218489,0.2919759430036763,5.650966218901791,0.6687700932871984,0.6601937539681956,0.8726226740828992,0.6763429153076128,0.7323844001316366,0.07857067746317407
953,train,953:14,1,positive_gap,2,2,LAD,LAD,44.555389404296875,-201.40289306640625,168.4499969482422,43.56706237792969,-200.78273010253906,172.4499969482422,-0.2519829023976201,0.03761115023929344,0.9670005265132737,0.0,0.037814731183458114,0.9992847672738352,4.166700422732638,0.993680428401568,0.9649338701982083,0.9677311516262924,0.959992222665408,0.2371965646906324,0.1488379055244071
953,train,953:14,0,wrong_branch,14,3,Other,LCX,39.452213287353516,-111.35321044921875,195.4501190185547,38.4343376159668,-112.16776275634766,200.9499969482422,-0.2111092573989249,-0.10773229075585526,0.9715074034555631,-0.10211075668601075,0.20292854887299547,-0.9738549160020248,5.652275965035115,0.9988558104410481,0.958453383274041,0.9464126922009859,0.9730377574820573,0.18008244425489495,0.14411049852620664
953,train,953:15,1,positive_gap,3,3,LCX,LCX,43.87160873413086,-126.2783203125,161.4777374267578,43.0504150390625,-122.77644348144531,163.12442016601562,-0.34551945018059305,0.9382183290527444,0.01904406932294082,-0.2949152892528545,0.8690719241741764,0.3971636473509374,3.9558898453403954,0.9101929285197091,0.995874022956735,0.9248417891505494,0.4162610192994692,0.20758760409763066,0.8852311282579101
953,train,953:15,0,wrong_branch,6,8,OM1,IM,26.6162109375,-136.90354919433594,233.88890075683594,28.2080078125,-142.1147003173828,231.7772216796875,0.9243371739296529,-0.2993330193469948,-0.23664431626463,-0.7811088416100347,0.39175244050073826,0.4862088058852339,5.843723286001738,0.6042283837571366,0.7378112437703458,0.9543309304674775,0.36135849933326386,0.2723942933459986,0.8917518622981091
953,train,953:16,1,positive_gap,7,7,OM2,OM2,60.35399627685547,-122.7763671875,197.12442016601562,62.59912872314453,-125.95891571044922,197.26242065429688,0.6558046418143929,-0.6971769690174575,0.28959375968125933,0.48585282211839315,-0.7760059608765973,-0.4021962007821329,3.897214253421542,0.9573843392645603,0.8993545285524756,0.7431645098132741,0.035410033759394444,0.5760864813418863,0.8166213905625318
953,train,953:16,0,wrong_branch,6,8,OM1,IM,32.9833984375,-138.36871337890625,230.9021759033203,36.8037109375,-142.84132385253906,230.77557373046875,0.9419064438258073,-0.06796588147909093,-0.32892687642421553,-0.9220544238136981,0.05482211046495842,0.3831581602024905,5.8834564803928755,0.6703550446815857,0.648639563286207,0.9982460532223635,0.021518332509720284,0.6493313093640651,0.7602011655118333
953,train,953:17,1,positive_gap,11,11,R-PLA,R-PLA,12.608400344848633,-128.18099975585938,167.88900756835938,16.11039924621582,-126.9530029296875,166.06500244140625,0.9036521672073491,0.36043613780558476,-0.23129753838995895,0.8158268187233192,-0.12300920704338973,-0.5650622415578171,4.1350897467185,0.9743660894212576,0.9036432971376591,0.8235842148133931,0.4411041207510933,0.8468979189983199,0.29696981235930403
953,train,953:17,0,wrong_branch,4,2,D1,LAD,42.2158203125,-161.33229064941406,227.62429809570312,37.041534423828125,-158.7509765625,228.90194702148438,-0.8664556545485372,0.34350498210305913,0.3622967374559739,-0.4370128170557032,0.8491552341839611,0.29657239586148365,5.921891897912343,0.9849675836195506,0.8159691373508857,0.7777884914092972,0.21575012644720215,0.8737555460098785,0.4358934832674096
953,train,953:18,1,positive_gap,11,11,R-PLA,R-PLA,-2.6728498935699463,-143.8990020751953,157.90199279785156,-5.856450080871582,-146.6529998779297,156.9499969482422,-0.7759783197289996,-0.5703601055652056,-0.2693454979950584,-0.8287169058069511,-0.5596619704978639,-0.00260169333340029,4.31579774175369,0.9957813722709691,0.9690185187242218,0.9629759670596014,0.22058398158912307,0.7376620448408698,0.6381202196040145
953,train,953:18,0,wrong_branch,4,2,D1,LAD,40.9423828125,-160.6695098876953,227.94834899902344,36.16691970825195,-157.4775390625,229.40206909179688,-0.9334942142349739,0.3580914946141494,0.018948178667969297,-0.6391053616843352,0.7266199901195142,0.2521264100110344,5.925118371565723,0.9499270355050906,0.9684017689171445,0.8615749319610954,0.24534870050018753,0.8059692321363906,0.5387184905053346
953,train,953:19,1,positive_gap,3,3,LCX,LCX,39.6689453125,-121.71015930175781,163.62429809570312,36.533607482910156,-120.5477066040039,163.2887420654297,-0.8965652113199055,-0.23586188188420876,-0.37488664223326573,-0.5637704599895792,0.7349190870288302,0.3769042371264204,3.3606900228413443,0.7922932487748618,0.7425400793271926,0.19082121879741865,0.09984736110524611,0.9329446656133512,0.3458970300304857
953,train,953:19,0,wrong_branch,6,3,OM1,LCX,27.8896484375,-137.35057067871094,233.22764587402344,22.03981590270996,-138.3760528564453,233.11135864257812,0.7939479853084911,-0.058697506103256684,-0.6051456018197987,-0.5165755222032997,-0.7628707424200188,0.3888161007724828,5.940174837674065,0.7598932566289246,0.6328056667603759,0.6006458383529881,0.019576398780014014,0.9847913057523067,0.17263501593093056
953,train,953:20,1,positive_gap,7,7,OM2,OM2,67.78836059570312,-131.6904296875,188.9499969482422,70.01583099365234,-134.8740234375,187.99769592285156,0.5525201548305242,-0.8334891824654524,-0.00415466233590908,0.39911479719641507,-0.5933435081109432,-0.699035664355878,4.000471319949582,0.9719279103334697,0.8608169349799798,0.7179686221848466,0.23804720724822667,0.5568019915156627,0.7958046678460186
953,train,953:20,0,wrong_branch,6,8,OM1,IM,34.5751953125,-138.58328247070312,230.38900756835938,38.3955078125,-143.14312744140625,230.44847106933594,0.9578859275599189,-0.05569631465095272,-0.2816957051802102,-0.9978849339926451,0.06086122404647436,0.022837905290523777,5.948992323280576,0.6550083305352488,0.6872410971972539,0.9656830213158007,0.009995558532469464,0.6421780853624107,0.7664903101082832
953,train,953:21,1,positive_gap,7,7,OM2,OM2,61.63469696044922,-124.3681640625,197.4498748779297,63.82647705078125,-127.1140365600586,195.8873748779297,0.6556729594713193,-0.7550428439151186,0.001809439330701492,0.5234447073537057,-0.2239416493275063,-0.8221044800023106,3.845142648488422,0.9121937440598983,0.7923578999377722,0.5108065319894235,0.4063568358417704,0.5700126863157209,0.7141145982290237
953,train,953:21,0,wrong_branch,6,8,OM1,IM,31.7099609375,-138.088134765625,231.5634307861328,35.5302734375,-142.802490234375,230.9498748779297,0.81737209684485,-0.18040637010978405,-0.5471347155164482,-0.9948331539531433,0.10149071933422477,0.0025748174038281125,6.098883991016737,0.7064922598768474,0.701868843860291,0.8328672053201248,0.10060134101695545,0.6263953381679458,0.7729865784779546
953,train,953:22,1,positive_gap,7,7,OM2,OM2,65.37447357177734,-128.1875,192.4499969482422,66.80171966552734,-130.0987091064453,189.29039001464844,0.2823166909790762,-0.3728886598442374,-0.883884230741896,0.4503942910765289,-0.7879961266623459,-0.4197702787606707,3.9588972751888654,0.9872270152664234,0.8778095786357564,0.7920169754568512,0.7981027831652985,0.36051607165834104,0.4827629952469871
953,train,953:22,0,wrong_branch,11,10,R-PLA,R-PDA,-2.6728498935699463,-143.8990020751953,157.90199279785156,-4.583010196685791,-148.14300537109375,153.90199279785156,-0.7759783197289996,-0.5703601055652056,-0.2693454979950584,-0.9358392303668315,-0.3189579091251221,-0.1499025920821485,6.136796913634703,0.8115365739426306,0.6095805004630743,0.9484874085511122,0.6518058290494868,0.3112634049974606,0.691566521692959
953,train,953:23,1,positive_gap,7,7,OM2,OM2,47.3095703125,-117.32543182373047,211.2626495361328,50.8115234375,-118.03157043457031,209.12442016601562,0.8781757522647491,-0.16442645591555993,-0.44918959107407025,0.8916145744096239,-0.19824578272077478,-0.4070897448152836,4.163451965214422,0.9972274449622416,0.9926457011950509,0.9984516270693936,0.5135712836324428,0.8411176961470349,0.16960412098893443
953,train,953:23,0,wrong_branch,11,10,R-PLA,R-PDA,-8.7216796875,-148.48300170898438,157.38900756835938,-3.309570074081421,-147.81700134277344,153.9499969482422,-0.867866887354449,-0.4457045518469936,0.21944137781323517,-0.9634650937210124,-0.26783392836076714,0.0,6.446803936892273,0.891680808666661,0.8365007285908441,0.955534252971773,0.5334442700261467,0.8395027468490882,0.10330706079018553
953,train,953:24,1,positive_gap,9,9,RCA,RCA,-19.545900344848633,-173.14999389648438,206.447998046875,-16.362300872802734,-173.07699584960938,209.0760040283203,0.6893983802713097,0.08011794299068135,0.7199381837979123,0.7937311249876239,0.0,0.6082687738375866,4.128807303782876,0.9912350771035184,0.9991883037623902,0.9851128682350075,0.6365048761266948,0.7710700058898452,0.01768017771333578
953,train,953:24,0,wrong_branch,10,9,R-PDA,RCA,-11.90530014038086,-152.5919952392578,155.2740020751953,-17.635700225830078,-152.58399963378906,158.27699279785156,-0.8868098152938422,-0.24791341287817442,0.3900093475977178,0.8746730250532829,0.2967370174445475,-0.38326784592795327,6.469582857447823,0.966211796620897,0.9522721490316387,0.9987117530575198,0.4641706874809075,0.8857449099445952,0.0012358765077945344
953,train,953:25,1,positive_gap,8,8,IM,IM,33.9384765625,-142.82574462890625,230.9499969482422,29.7998046875,-142.7209014892578,230.96316528320312,-0.9989254537139501,-0.04634585118841563,0.0,-0.9594724355392664,0.26640259869051813,0.09188199416255052,4.14002057698908,0.997426355538174,0.9661985797293999,0.9460947828019725,0.0031807414277429647,0.9996742281918654,0.02532430399770789
953,train,953:25,0,wrong_branch,8,1,IM,LM,24.7060546875,-140.6055450439453,233.94834899902344,18.3388671875,-139.79937744140625,233.12442016601562,-0.9997080205249503,0.012817383794594718,0.02048385634463268,-0.9191530075789628,0.09628110132591176,-0.3819524815811737,6.4706909666125645,0.9827055819010991,0.9650808452613634,0.9122948458309954,0.12733243439674619,0.984004263664171,0.12458756054009094
953,train,953:26,1,positive_gap,6,6,OM1,OM1,25.9794921875,-136.7925567626953,233.94659423828125,29.4814453125,-137.6210174560547,232.39077758789062,0.9981434530645507,-0.060853070949870997,0.002559464855202907,0.9228814180605863,-0.2885331427343369,-0.2550264961574152,3.9205341804110656,0.9034187029076461,0.9865238063236349,0.9380734418442442,0.3968379253429946,0.8932336676204726,0.21131321785147947
953,train,953:26,0,wrong_branch,11,10,R-PLA,R-PDA,-7.448239803314209,-147.71200561523438,156.96299743652344,-1.717769980430603,-147.4499969482422,153.93699645996094,-0.8316733999029042,-0.5498901828775998,0.07707232102891187,-0.8954431694491463,-0.4373775045435908,0.08296052558951635,6.485646833024127,0.7930089882411494,0.8475554606263256,0.9916198213765898,0.46656887963039706,0.8835618050777524,0.04039823224077992
954,test,954:0,1,positive_gap,3,3,LCX,LCX,60.644100189208984,-136.9720001220703,220.9499969482422,58.66790008544922,-140.15499877929688,220.4499969482422,-0.4459825059467638,-0.8950416774594604,0.0,-0.6607463530510285,-0.6698890077281986,-0.33861921719638877,3.779794611087514,0.9868967803435869,0.9543726057401624,0.8942598955175831,0.13228231992641026,0.522832668728309,0.8421088934011569
954,test,954:0,0,wrong_branch,11,9,R-PLA,RCA,10.636628150939941,-153.8447265625,158.93682861328125,8.694831848144531,-156.7110137939453,158.62277221679688,-0.5746330631254374,-0.8146832531644289,-0.07802589170589502,-0.6571094852268903,-0.689539428322419,0.3045365351048096,3.47632087052808,0.9997469231061499,0.9080718664015707,0.9155913262469798,0.09034160199276063,0.5585779837695006,0.824517453421928
954,test,954:1,1,positive_gap,4,4,D1,D1,81.84410095214844,-165.62399291992188,209.88900756835938,84.13770294189453,-163.00599670410156,207.947998046875,0.4362468814143423,0.8716572596165577,-0.22338818279849498,0.6625959504996501,0.29138533064127736,-0.6899718802013156,3.985226748368243,0.9324866430050632,0.9088112925916463,0.6971751203427174,0.48705121290253417,0.5755260953934961,0.6569252845881994
954,test,954:1,0,wrong_branch,3,6,LCX,OM1,62.14030075073242,-130.92300415039062,218.62399291992188,64.39929962158203,-128.45599365234375,216.76100158691406,-0.18676768233857038,-0.8407617045242852,0.5081708266314561,0.657324433784635,0.319589407731597,-0.6824860432385969,3.8288318587835017,0.8991760170233462,0.9258153117798013,0.7382849929917831,0.486569116043587,0.5899968852555828,0.6443245848958995
954,test,954:2,1,positive_gap,11,11,R-PLA,R-PLA,36.3837890625,-123.6005859375,172.93695068359375,33.20026779174805,-123.72002410888672,171.12452697753906,-0.9883952087760145,0.12065963366336795,-0.09228306492981578,-0.7407022876190196,-0.5001934038200667,-0.4485160865463433,3.6652357152553425,0.9001936235250124,0.8814398615015533,0.7131438784831331,0.4944903539248698,0.8685720423113823,0.03258676403528332
954,test,954:2,0,wrong_branch,2,4,LAD,D1,59.30659866333008,-164.88400268554688,223.63600158691406,62.80759811401367,-164.67599487304688,221.95199584960938,0.6730765473566698,-0.26345893011934496,-0.6910552463723829,0.9970801585734383,0.07359803695246311,-0.020358937494642394,3.89051921046831,0.8907243272793036,0.9099995219517597,0.6657903610623108,0.4328485855495828,0.8998797490225401,0.053465309190688114
954,test,954:3,1,positive_gap,9,9,RCA,RCA,12.5068359375,-181.5030975341797,207.9499969482422,16.0087890625,-180.15750122070312,206.76405334472656,0.986960346608986,0.16088248364729493,-0.005108882162278111,0.7764236612062098,0.4762032870315023,-0.4127913852535411,3.9345606310309424,0.9350041689698676,0.978336418747529,0.8450210358629964,0.3014170360376125,0.8900493481739562,0.34199404702628416
954,test,954:3,0,wrong_branch,9,10,RCA,R-PDA,8.694831848144531,-156.7110137939453,158.62277221679688,12.1884765625,-155.64382934570312,156.78863525390625,-0.6571094852268903,-0.689539428322419,0.3045365351048096,0.8573837520820347,0.20740106387835647,-0.47103917073621177,4.087602529032823,0.8782983483002937,0.9983063980875115,0.8498548439473177,0.4487072678577201,0.8546928644703886,0.26107833153109833
954,test,954:4,1,positive_gap,10,10,R-PDA,R-PDA,38.9306640625,-146.19691467285156,151.43695068359375,42.11418533325195,-147.7969512939453,150.510986328125,0.9932241394936856,-0.07026451446954947,-0.09256730920463342,0.6998397339280813,-0.6918517889579592,-0.17766667929339977,3.6813495973311054,0.9127332004160207,0.9505904824949537,0.7601564739877412,0.2515285036064092,0.8647701574063853,0.4346331634066322
954,test,954:4,0,wrong_branch,2,1,LAD,LM,42.00320053100586,-155.4290008544922,231.46299743652344,38.29389953613281,-153.48800659179688,230.6230010986328,0.6197180650713164,-0.780928780603817,0.0781009567732623,-0.9032953281644787,0.16883175095963068,-0.394402573500899,4.269890683150091,0.9087126401203919,0.9390386626562202,0.7224372247064194,0.19672549023454663,0.8687109975697382,0.4545770387881109
954,test,954:5,1,positive_gap,9,9,RCA,RCA,8.160860061645508,-157.3466796875,158.88900756835938,5.894488334655762,-160.8486328125,159.510986328125,-0.5804216410109156,-0.7892887293257032,0.20033477083525145,-0.47655175504565883,-0.852166786485389,0.21612540982972758,4.217460618926434,0.996833801493033,0.9955557049078188,0.992504026218767,0.14747707589121517,0.5373782784880294,0.8303463722422219
954,test,954:5,0,wrong_branch,11,9,R-PLA,RCA,11.344527244567871,-152.8896484375,158.9499969482422,8.694831848144531,-156.7110137939453,158.62277221679688,-0.5915250024280957,-0.8062866410946057,-0.00015457949407488608,-0.6571094852268903,-0.689539428322419,0.3045365351048096,4.661630069636254,0.9971892720442253,0.917376563873275,0.944616044305215,0.07019534509542191,0.5684053339372112,0.8197487358201062
954,test,954:6,1,positive_gap,10,10,R-PDA,R-PDA,42.11418533325195,-147.7969512939453,150.510986328125,44.772186279296875,-150.97103881835938,149.95152282714844,0.6998397339280813,-0.6918517889579592,-0.17766667929339977,0.617119346007468,-0.7866350831872784,-0.019208297224337787,4.177654850599993,0.9947137755392168,0.9928773196614936,0.9795322028546782,0.13391807628536204,0.6362423515344215,0.7597773482790714
954,test,954:6,0,wrong_branch,11,9,R-PLA,RCA,10.636628150939941,-153.8447265625,158.93682861328125,7.693736553192139,-157.9833984375,158.9499969482422,-0.5746330631254374,-0.8146832531644289,-0.07802589170589502,-0.6356358452948723,-0.7713521820927607,0.03135097059119349,5.078325437588288,0.9967384074328439,0.9970597340408939,0.9912188904207071,0.002593046688868995,0.5795003951431263,0.8149678325785809
954,test,954:7,1,positive_gap,9,9,RCA,RCA,10.5966796875,-181.5419921875,208.214599609375,14.4169921875,-180.904296875,207.4499969482422,0.9870819297850905,0.0,0.16021630345174506,0.8540616669839823,0.28818031708048486,-0.4330482349992115,3.9479184564339853,0.9241476649448228,0.9568747617442503,0.7736474509741443,0.19367235406970665,0.9676776615722587,0.1615269716274757
954,test,954:7,0,wrong_branch,2,4,LAD,D1,59.30659866333008,-164.88400268554688,223.63600158691406,64.08110046386719,-164.46200561523438,221.88900756835938,0.6730765473566698,-0.26345893011934496,-0.6910552463723829,0.9382214170840033,0.25050416837479267,-0.23872208559690997,5.1015622187277385,0.8447795964691499,0.9805423733923393,0.7304674215532255,0.34244295054199386,0.93589014420132,0.08271918526512462
954,test,954:8,1,positive_gap,6,6,OM1,OM1,69.18309783935547,-122.97200012207031,206.99600219726562,72.04000091552734,-122.93399810791016,204.63800048828125,0.8626584805161374,0.37450844415227513,-0.3399467182548337,0.7365689262734069,-0.5622347569595136,-0.37597645526697165,3.7045257995179064,0.8855002939662352,0.8015852130201521,0.5526577287662723,0.6365191758932376,0.7711926521185686,0.010258266838120467
954,test,954:8,0,wrong_branch,2,4,LAD,D1,58.35060119628906,-164.45399475097656,224.76400756835938,62.80759811401367,-164.67599487304688,221.95199584960938,0.6486996931510937,-0.3525140477559611,-0.6744794691021995,0.9970801585734383,0.07359803695246311,-0.020358937494642394,5.274610458146955,0.9225619416486464,0.8502796607828433,0.634592936353499,0.5331221596481457,0.8449907254933884,0.042088439294587124
954,test,954:9,1,positive_gap,4,4,D1,D1,70.7666015625,-164.75100708007812,218.83599853515625,72.9229965209961,-167.53399658203125,216.5760040283203,0.7547130159124243,-0.376931465277037,-0.5369645557171149,0.39836180771892427,-0.7282508117338807,-0.557636642770052,4.183616253426846,0.9298158253751596,0.9910076010775202,0.8745805990205223,0.5402011967480886,0.5154380392154196,0.6652114661983033
954,test,954:9,0,wrong_branch,3,6,LCX,OM1,61.78850173950195,-132.1959991455078,219.4499969482422,64.39929962158203,-128.45599365234375,216.76100158691406,-0.14263715492771403,-0.8686088282137558,0.4745243361338312,0.657324433784635,0.319589407731597,-0.6824860432385969,5.294771262596275,0.9248732507514225,0.8964710558903202,0.695213304647182,0.5078586454383648,0.49308983383729427,0.7063582745461533
954,test,954:10,1,positive_gap,4,4,D1,D1,90.86209869384766,-165.3070068359375,198.6230010986328,93.37010192871094,-163.1820068359375,196.0500030517578,0.1597264646639614,0.8338029400951288,-0.528450672792335,0.6956802071183835,0.44915728808582883,-0.5606128610575276,4.174448966667008,0.8461304270195076,0.9921508866657688,0.7818834509927169,0.616368308109741,0.6007986335177882,0.5090492222969148
954,test,954:10,0,wrong_branch,3,6,LCX,OM1,62.14030075073242,-130.92300415039062,218.62399291992188,65.34510040283203,-128.0590057373047,215.447998046875,-0.18676768233857038,-0.8407617045242852,0.5081708266314561,0.5041561411132824,0.18381514771988944,-0.843823783053357,5.344171699513086,0.8645757267412558,0.9023186373646045,0.6775114402923494,0.5942913236369715,0.5996812663020544,0.5359106282732046
954,test,954:11,1,positive_gap,4,4,D1,D1,69.17479705810547,-164.24099731445312,219.89999389648438,72.2074966430664,-165.9429931640625,217.6719970703125,0.908236193330773,-0.2524480295838347,-0.3337319425575953,0.40910521324607374,-0.7203970653123584,-0.560054455195409,4.130136378152873,0.9509678069569082,0.8993905368251326,0.7403350424768697,0.5394487305448992,0.7342855797699485,0.412091924763647
954,test,954:11,0,wrong_branch,9,10,RCA,R-PDA,7.693736553192139,-157.9833984375,158.9499969482422,12.1884765625,-155.64382934570312,156.78863525390625,-0.6356358452948723,-0.7713521820927607,0.03135097059119349,0.8573837520820347,0.20740106387835647,-0.47103917073621177,5.508879710095947,0.8585067427702228,0.9724358625606869,0.7197306443767347,0.3923414211377459,0.8159081784034049,0.4246905387150171
954,test,954:12,1,positive_gap,4,4,D1,D1,73.743896484375,-168.76800537109375,215.7760009765625,76.81539916992188,-169.79200744628906,213.1719970703125,0.5767478469556061,-0.6571366228368437,-0.485317813353951,0.7698860332395652,-0.15961760688184914,-0.6178978195429715,4.1549422789120944,0.8924699933488871,0.995721200772393,0.8487975058605178,0.6267244480064876,0.7392407594049897,0.24645398334232244
954,test,954:12,0,wrong_branch,9,10,RCA,R-PDA,8.694831848144531,-156.7110137939453,158.62277221679688,13.4619140625,-155.5254364013672,156.11300659179688,-0.6571094852268903,-0.689539428322419,0.3045365351048096,0.8820329745591975,0.06518859503308486,-0.46665648915220964,5.516302211141828,0.8546146393611972,0.9885622716906928,0.7666562907085812,0.4549724668693414,0.864180755856145,0.21492248741983272
954,test,954:13,1,positive_gap,10,10,R-PDA,R-PDA,65.3544921875,-155.47535705566406,148.2772216796875,68.8564453125,-157.17086791992188,147.9499969482422,0.9034687241237815,-0.16927047750191057,-0.39381692444132144,0.8943843063960604,-0.44729932156296454,-0.00017146938389495025,3.90454975706329,0.916820610686494,0.9964142160065778,0.883830345468627,0.08380600883709226,0.8968903824736778,0.43423978941250546
954,test,954:13,0,wrong_branch,2,1,LAD,LM,42.00320053100586,-155.4290008544922,231.46299743652344,37.02050018310547,-153.00100708007812,230.11000061035156,0.6197180650713164,-0.780928780603817,0.0781009567732623,-0.8366750808916548,0.3205682375898873,-0.4440842420796493,5.705528629074723,0.8920523081238915,0.9724048081357225,0.8035270292992985,0.2371378559520598,0.8733109010283671,0.42555106323387515
954,test,954:14,1,positive_gap,11,11,R-PLA,R-PLA,22.3759765625,-143.54617309570312,160.9501190185547,19.1923828125,-145.89300537109375,159.9385986328125,-0.7531826955532326,-0.5343106344365124,-0.38370297503045,-0.7305792123044617,-0.6777746948507074,-0.08291849955602786,4.082409139788199,0.9895844358398368,0.9799029345585633,0.9442179226140359,0.24777535790904745,0.7798321140749673,0.5748645456717701
954,test,954:14,0,wrong_branch,2,1,LAD,LM,43.07040023803711,-156.4219970703125,231.88900756835938,38.29389953613281,-153.48800659179688,230.6230010986328,0.7695876857797379,-0.6073482113404871,0.19713686635862546,-0.9032953281644787,0.16883175095963068,-0.394402573500899,5.746827948068578,0.9931507590496318,0.9238588272517342,0.875455910564309,0.2202965672831824,0.8311542898216757,0.510540859240739
954,test,954:15,1,positive_gap,1,1,LM,LM,37.33890151977539,-153.13499450683594,230.27499389648438,34.51359939575195,-152.21400451660156,227.447998046875,-0.8444543199657106,0.3700264886734062,-0.3872690268679885,-0.46356378601170345,0.1572545112238441,-0.8719974971284296,4.101519253621991,0.9317126097343273,0.9556631684188736,0.7873443984377035,0.6892557793341814,0.6888428285515069,0.22454849856454104
954,test,954:15,0,wrong_branch,3,6,LCX,OM1,61.972900390625,-127.73899841308594,215.93699645996094,66.03109741210938,-126.88700103759766,211.4499969482422,-0.12156321816373662,0.5566380794695875,-0.821812893835382,-0.017394043381699247,0.3948595314303386,-0.9185768327654737,6.109666702135876,0.6004256737952484,0.7181217639880448,0.9768066122711376,0.734409867260049,0.6642255984382375,0.13945071262077713
954,test,954:16,1,positive_gap,4,4,D1,D1,75.22360229492188,-169.44400024414062,214.5749969482422,78.4072036743164,-169.64100646972656,211.78900146484375,0.7823584090434992,-0.09460973786837053,-0.615600777533137,0.6380277486313709,0.4138533574054374,-0.649342737343409,4.235079695745863,0.9974822923876095,0.8875299961741677,0.8597477106788696,0.6578377937484787,0.7517217167347424,0.04651771388950017
954,test,954:16,0,wrong_branch,3,6,LCX,OM1,62.0619010925293,-126.79199981689453,214.4499969482422,66.31800079345703,-126.13899993896484,210.01100158691406,0.14214968949378676,0.508646009686493,-0.8491599982375688,0.3420095293010943,0.5464468581877432,-0.7644771501124075,6.1842924674295565,0.7610517049712537,0.8418047719561706,0.9757279777590968,0.7177854839024378,0.6882112583360313,0.10559007054870108
954,test,954:17,1,positive_gap,4,4,D1,D1,76.81539916992188,-169.79200744628906,213.1719970703125,79.68060302734375,-168.5279998779297,210.77699279785156,0.7698860332395652,-0.15961760688184914,-0.6178978195429715,0.6912173904128804,0.5795498161254954,-0.4316717848316149,3.9424806584891594,0.8837051563763437,0.9503888999573228,0.7063813146980866,0.6074866257882298,0.7267515317424235,0.3206122433695766
954,test,954:17,0,wrong_branch,3,6,LCX,OM1,62.24300003051758,-126.03600311279297,212.9499969482422,66.87409973144531,-125.19200134277344,208.90199279785156,0.0732288965258622,0.42348071083107497,-0.902940538611271,0.34113778338472833,0.5954090678471948,-0.7274015773097336,6.208523256726093,0.7009164109115138,0.809676277246994,0.933925770730479,0.6520075681451561,0.745926125976989,0.1359424351201664
954,test,954:18,1,positive_gap,3,3,LCX,LCX,53.61410140991211,-146.20399475097656,218.9499969482422,51.02830123901367,-149.38800048828125,219.83799743652344,-0.6423152693574444,-0.7664405356909783,0.0,-0.6351340938008648,-0.6355261025475855,0.4389889017645325,4.196760646760224,0.9772418161098019,0.9663812891640395,0.8950492930199698,0.21159188312699231,0.6161419219594043,0.7586817560736151
954,test,954:18,0,wrong_branch,11,9,R-PLA,RCA,11.344527244567871,-152.8896484375,158.9499969482422,7.693736553192139,-157.9833984375,158.9499969482422,-0.5915250024280957,-0.8062866410946057,-0.00015457949407488608,-0.6356358452948723,-0.7713521820927607,0.03135097059119349,6.266941976333888,0.9999384986043918,0.9972405406405662,0.9979206087148279,0.0,0.5825473899650523,0.8127967387021835
954,test,954:19,1,positive_gap,9,9,RCA,RCA,6.92625093460083,-158.9384765625,159.12442016601562,4.986620903015137,-162.4404296875,159.94834899902344,-0.46625512540524483,-0.8169242670484846,0.33947150092553496,-0.31938227221618115,-0.9474308050313525,0.019231065276590194,4.087138249556528,0.989663927206626,0.967226088999355,0.929421235957602,0.2015906442844727,0.4745692250063113,0.8568227721144439
954,test,954:19,0,wrong_branch,11,9,R-PLA,RCA,10.636628150939941,-153.8447265625,158.93682861328125,6.92625093460083,-158.9384765625,159.12442016601562,-0.5746330631254374,-0.8146832531644289,-0.07802589170589502,-0.46625512540524483,-0.8169242670484846,0.33947150092553496,6.30463153092119,0.9940725666623953,0.9445234565009984,0.9069725638091235,0.02975456246956361,0.5885161088544973,0.8079377795542217
954,test,954:20,1,positive_gap,2,2,LAD,LAD,73.94180297851562,-195.30099487304688,191.4499969482422,71.80760192871094,-193.63999938964844,194.18699645996094,-0.5026030954076466,-0.055322285470498514,0.8627453698612196,-0.41962398708086207,0.681182235711612,0.5999220542847967,3.847711845240768,0.868594057462468,0.9535508603182979,0.690799731324509,0.7113317269597885,0.5546675883342146,0.43168395924786357
954,test,954:20,0,wrong_branch,3,6,LCX,OM1,62.14030075073242,-130.92300415039062,218.62399291992188,65.83290100097656,-127.84300231933594,214.4499969482422,-0.18676768233857038,-0.8407617045242852,0.5081708266314561,0.30318717135850254,0.20119621215783623,-0.9314492059886942,6.3674131528432785,0.848116626581673,0.8837339159914531,0.6991189485595548,0.6555246018260725,0.579921572796837,0.48371320615175667
954,test,954:21,1,positive_gap,3,3,LCX,LCX,57.188201904296875,-141.74600219726562,219.9499969482422,54.840301513671875,-144.93099975585938,219.12399291992188,-0.5972932357469022,-0.8013364204299687,-0.03317727872324675,-0.6547868007814555,-0.6978352414856147,-0.29031056002684497,4.042168767796139,0.9851256488369522,0.9895122266233539,0.9599322357913955,0.20434674447565543,0.5808516480881911,0.7879427459755142
954,test,954:21,0,wrong_branch,11,9,R-PLA,RCA,12.506909370422363,-151.6162872314453,158.9499969482422,8.694831848144531,-156.7110137939453,158.62277221679688,-0.7071104941510945,-0.7071030682025039,0.0,-0.6571094852268903,-0.689539428322419,0.3045365351048096,6.371440167447892,0.9884824527889143,0.9288818694392492,0.9522244582235406,0.05135804823485987,0.5983070423785799,0.7996193056209323
954,test,954:22,1,positive_gap,4,4,D1,D1,63.762699127197266,-164.55799865722656,221.93699645996094,67.58300018310547,-164.0330047607422,220.61099243164062,0.9630615541571808,0.2540733758159396,-0.08921413904672319,0.8912343746373634,0.008392761345517547,-0.45346538017994814,4.077818710075385,0.9639639795316544,0.9834882266549133,0.9009014626442845,0.32517483551783477,0.9368491655769511,0.12874380491394372
954,test,954:22,0,wrong_branch,2,4,LAD,D1,58.35060119628906,-164.45399475097656,224.76400756835938,64.08110046386719,-164.46200561523438,221.88900756835938,0.6486996931510937,-0.3525140477559611,-0.6744794691021995,0.9382214170840033,0.25050416837479267,-0.23872208559690997,6.411264386192444,0.8827159810353501,0.9453355874203246,0.6813308525530118,0.4484294870434161,0.8938173381087758,0.0012494983477931464
955,train,955:0,1,positive_gap,9,9,RCA,RCA,-31.637479782104492,-165.02487182617188,125.44999694824219,-30.94962501525879,-166.2167205810547,128.9499969482422,0.19983863779446032,-0.30337600700958833,0.9316799435510956,0.34491623517753006,-0.19801699616836574,0.9175086157303463,3.760804120768332,0.9997644007801322,0.9797209914675641,0.983825571519956,0.9306520328117888,0.18290098201263788,0.3169132761531111
955,train,955:0,0,wrong_branch,10,9,R-PDA,RCA,-31.059707641601562,-156.81773376464844,110.96128845214844,-32.015907287597656,-157.9405059814453,114.50945281982422,0.36200408437642667,0.24180068667636795,-0.9002696656100447,-0.19544260785327913,-0.5990222636814261,0.776514336409502,3.842447864819782,0.9920603097963568,0.9407149645095495,0.9146673189774566,0.9234124944574094,0.2488516902859634,0.29220232942562907
955,train,955:1,1,positive_gap,11,11,R-PLA,R-PLA,47.9951171875,-125.70657348632812,105.18539428710938,50.7398681640625,-127.69636535644531,104.33491516113281,0.885168172361438,-0.442584086180719,0.14351527200228403,0.4458205819124631,-0.6728677021685644,-0.5903330112077664,3.4951744382000607,0.9121603900782078,0.8768086167397794,0.607704924101952,0.24332952217816656,0.7852972791755674,0.5692968706711781
955,train,955:1,0,wrong_branch,6,3,OM1,LCX,32.0771484375,-130.1320343017578,173.38890075683594,29.173086166381836,-132.7900390625,173.45164489746094,0.9076389764652973,0.3495654234752155,-0.23236932480777348,-0.2727574063588926,-0.9618847088066994,0.019524452366738748,3.9373219083334923,0.9091373690206901,0.8508381461426096,0.5883437725129634,0.015935740608914815,0.7375729845638491,0.6750793617144737
955,train,955:2,1,positive_gap,10,10,R-PDA,R-PDA,-15.3583984375,-143.615234375,97.44999694824219,-11.8564453125,-141.91043090820312,96.49793243408203,0.8237168080366057,0.5457755537911253,-0.1536869058897861,0.8443106080774307,0.5083102735841932,-0.16958851039112793,4.009545783405263,0.9879866123487171,0.9938194267009136,0.9989596935765886,0.23744946824165666,0.8734039500169594,0.42518618289700744
955,train,955:2,0,wrong_branch,2,1,LAD,LM,19.0244140625,-141.58473205566406,184.44834899902344,15.5224609375,-139.96241760253906,185.41346740722656,-0.8283441762108624,0.5599623109423972,0.016974571028390343,0.9431070804999017,-0.2092880455672232,-0.258355469641353,3.9783204265579295,0.9616218623659553,0.9781995946299661,0.9027961485937629,0.24259443803478448,0.8802591922013467,0.4077887850096172
955,train,955:3,1,positive_gap,2,2,LAD,LAD,44.820804595947266,-177.9970703125,86.51262664794922,45.55817794799805,-181.1806640625,88.83503723144531,0.07133343824885409,-0.9620561445533883,0.2633619473550938,-0.20295691122552806,-0.7356499373813837,0.6462411792949744,4.009062177578234,0.9296513035133661,0.92121117497849,0.8634542636441679,0.5792902381222231,0.18392664403529121,0.7940993701232947
955,train,955:3,0,wrong_branch,11,9,R-PLA,RCA,-31.67414093017578,-154.4384765625,112.40042114257812,-32.015907287597656,-157.9405059814453,114.50945281982422,-0.05161710933608222,0.9374983457394057,-0.34414027047072643,-0.19544260785327913,-0.5990222636814261,0.776514336409502,4.102319942404704,0.9729393571025794,0.9268615527050187,0.8187240525602819,0.5141070679167501,0.08331050776637813,0.8536704762458112
955,train,955:4,1,positive_gap,6,6,OM1,OM1,35.58014678955078,-127.90471649169922,170.44847106933594,38.7626953125,-127.41578674316406,168.44847106933594,0.663090728857935,0.2673565333352042,-0.699164622521502,0.9851501851669178,-0.17020802003357202,-0.022546453863938037,3.7904706040185703,0.9601357212757661,0.8170915259695665,0.6235014110398149,0.5276389685965763,0.8396183100787415,0.12898919411663662
955,train,955:4,0,wrong_branch,3,1,LCX,LM,18.706127166748047,-138.88600158691406,182.9482421875,15.5224609375,-139.96241760253906,185.41346740722656,-0.49954142913355215,-0.38827988131106733,0.7744011198005023,0.9431070804999017,-0.2092880455672232,-0.258355469641353,4.16794163609861,0.9398876888339927,0.819148125412529,0.5899294863230746,0.5914730663153263,0.7638461636972701,0.25826081783443017
955,train,955:5,1,positive_gap,11,11,R-PLA,R-PLA,19.3427734375,-114.96199035644531,115.26252746582031,22.8447265625,-115.60701751708984,113.12277221679688,0.8912816958832611,-0.0014631134050997743,-0.45344767932212643,0.6991460737044325,-0.26827854036031856,-0.6627378006465401,4.154309600088776,0.9851065312846787,0.9723686482982764,0.9240455378723355,0.5150687972263097,0.8429687389994152,0.15526699325219945
955,train,955:5,0,wrong_branch,4,2,D1,LAD,37.1708984375,-151.93252563476562,173.45164489746094,33.3505859375,-151.20774841308594,175.95152282714844,-0.7538432129747289,0.1217124576986593,0.6456829623684441,-0.7277827937631329,0.5671274882378707,0.38561459669900067,4.622713411197004,0.9912489151075773,0.8989067328183397,0.866645375149147,0.5407815080278106,0.8264220945963358,0.1567861031411017
955,train,955:6,1,positive_gap,4,4,D1,D1,52.97773742675781,-157.08810424804688,158.4499969482422,50.8603515625,-155.7508087158203,161.9498748779297,-0.3946124824048551,0.3617573757031142,0.844637549398956,-0.5349604202451778,0.10116403077441281,0.8387986573955496,4.303583130530371,0.9934632612943957,0.9767899490054328,0.9561797361315062,0.8132474320894963,0.492005336027253,0.31074002561715475
955,train,955:6,0,wrong_branch,5,2,D2,LAD,51.80704879760742,-175.98416137695312,146.4498748779297,49.06222152709961,-174.1766815185547,150.44847106933594,-0.5058946554339999,0.1745390471177145,0.8447524599754384,-0.19015406831754855,0.6796402862214154,0.7084705439516576,5.1758894583798805,0.9818395984713064,0.8855026476590563,0.8133039296340758,0.7725428109621687,0.5303102573150739,0.3492114491494959
955,train,955:7,1,positive_gap,5,5,D2,D2,55.6357421875,-177.07467651367188,135.7772216796875,53.41672897338867,-178.3048858642578,138.96304321289062,-0.592117180999108,-0.4451379401826596,0.6717510388347818,-0.24704271601268027,0.29376554828277185,0.9234022412292492,4.072701011870436,0.9825439230772977,0.768186189386867,0.6358084603406827,0.782238009595504,0.5448505077204822,0.3020622793080873
955,train,955:7,0,wrong_branch,3,1,LCX,LM,19.3427734375,-138.52896118164062,181.9499969482422,15.5224609375,-139.96241760253906,185.41346740722656,-0.5246736799012658,-0.21415457525111095,0.823926785289737,0.9431070804999017,-0.2092880455672232,-0.258355469641353,5.352122245290054,0.9650461094136198,0.7843178500735134,0.6628694615268591,0.6471209550626913,0.7137939540454128,0.26782953662164577
955,train,955:8,1,positive_gap,11,11,R-PLA,R-PLA,-26.819263458251953,-146.1611328125,107.63746643066406,-23.6357421875,-143.81422424316406,107.12288665771484,0.6647575786418768,0.6657728411353993,-0.33888624292627667,0.7915953578113494,0.5236389633259844,-0.31492701627267566,3.9884307511703216,0.966084689423721,0.9805983220519565,0.9815680470061879,0.12901810387411794,0.7981889292719487,0.5884290628957983
955,train,955:8,0,wrong_branch,6,3,OM1,LCX,32.0771484375,-130.1320343017578,173.38890075683594,28.46302032470703,-134.0634765625,173.7772216796875,0.9076389764652973,0.3495654234752155,-0.23236932480777348,-0.5512696828060482,-0.7648105266896408,0.3334165489048696,5.3543396795827585,0.8861697192278365,0.9578473935767038,0.8451809446477601,0.07252452143301875,0.6749904430931813,0.7342534273149717
955,train,955:9,1,positive_gap,11,11,R-PLA,R-PLA,44.922576904296875,-123.55859375,106.3235092163086,47.9951171875,-125.70657348632812,105.18539428710938,0.5083407487809424,-0.6810814346828534,-0.5269893380887102,0.885168172361438,-0.442584086180719,0.14351527200228403,3.9178599173079585,0.9251532873613482,0.8951416630799711,0.6757718377209304,0.2904940332785662,0.7842394439958257,0.5482533274962127
955,train,955:9,0,wrong_branch,6,3,OM1,LCX,33.35051345825195,-129.4953155517578,172.77394104003906,29.173086166381836,-132.7900390625,173.45164489746094,0.7520327876455886,0.46324764811294167,-0.46887983836355496,-0.2727574063588926,-0.9618847088066994,0.019524452366738748,5.363337049772568,0.929569937127729,0.8058043256816082,0.6598679638354172,0.12635861798963632,0.7788858416137134,0.6143047658885992
955,train,955:10,1,positive_gap,6,6,OM1,OM1,40.6728515625,-127.86566162109375,167.90194702148438,43.52970504760742,-127.61653900146484,165.44834899902344,0.9384519382210695,-0.1091202263288111,-0.3277205148523156,0.4876145765036779,0.33813477609615544,-0.8049204295926037,3.774098193052933,0.9162267656951151,0.914716952548781,0.6844944387287033,0.6501150465500156,0.7569632105402281,0.0660085156468562
955,train,955:10,0,wrong_branch,3,1,LCX,LM,18.706127166748047,-138.88600158691406,182.9482421875,14.2490234375,-139.5154571533203,185.88900756835938,-0.49954142913355215,-0.38827988131106733,0.7744011198005023,0.9557447463721234,-0.16649033170482563,-0.24255504371359246,5.376810298738244,0.8830969737656855,0.9054350836718562,0.6006241477208907,0.5469349330679332,0.828949410823361,0.11706858368314799
955,train,955:11,1,positive_gap,9,9,RCA,RCA,-32.32866668701172,-163.3525390625,121.6244125366211,-31.637479782104492,-165.02487182617188,125.44999694824219,0.009727677482321326,-0.6446995449066215,0.7643741682500756,0.19983863779446032,-0.30337600700958833,0.9316799435510956,4.231965536296811,0.9473266460421343,0.9947367761706544,0.9096824213987867,0.9039734323944136,0.1633252678877085,0.39516691459998343
955,train,955:11,0,wrong_branch,10,9,R-PDA,RCA,-31.059707641601562,-156.81773376464844,110.96128845214844,-32.26922607421875,-158.8955078125,115.7740478515625,0.36200408437642667,0.24180068667636795,-0.9002696656100447,-0.17420910492273534,-0.6519054371998835,0.7380179460631349,5.379845059982175,0.9801470192255702,0.9511657068929792,0.8851107593970517,0.8945907076792298,0.22482402729665135,0.3862144773103274
955,train,955:12,1,positive_gap,11,11,R-PLA,R-PLA,-12.1748046875,-136.8249969482422,108.39065551757812,-8.6728515625,-134.7012481689453,109.83491516113281,0.8131617864135224,0.537788195447996,0.222602259542793,0.7231224205496738,0.47801497432041323,0.4985936714638837,4.342795238698567,0.9927423941770043,0.9826904153339857,0.9560744075883358,0.33256452680175125,0.8063822797340664,0.48902807122292785
955,train,955:12,0,wrong_branch,2,1,LAD,LM,19.0244140625,-141.58473205566406,184.44834899902344,14.2490234375,-139.5154571533203,185.88900756835938,-0.8283441762108624,0.5599623109423972,0.016974571028390343,0.9557447463721234,-0.16649033170482563,-0.24255504371359246,5.400162160177109,0.9516080033208714,0.9736759032227498,0.8890311733102874,0.26678061261936037,0.8843050418403328,0.3831875489968405
955,train,955:13,1,positive_gap,11,11,R-PLA,R-PLA,-13.7666015625,-137.80325317382812,107.94999694824219,-10.2646484375,-135.7274932861328,108.998046875,0.8897461527372669,0.4550225963241295,0.036141672950768484,0.8384613745948285,0.45961861298126216,0.29280241446021477,4.203672614516879,0.9749201774219437,0.9984559325466712,0.9657370059647947,0.24931768547781236,0.8330699000931768,0.4937967529933051
955,train,955:13,0,wrong_branch,2,1,LAD,LM,20.2978515625,-142.371337890625,184.06332397460938,15.5224609375,-139.96241760253906,185.41346740722656,-0.7038272242246726,0.5302824027607238,0.4726815119745069,0.9431070804999017,-0.2092880455672232,-0.258355469641353,5.516352043182999,0.9565462400537436,0.9710547529046433,0.8968860603043222,0.2447529494216506,0.8656790914751961,0.4366871927731361
955,train,955:14,1,positive_gap,11,11,R-PLA,R-PLA,-0.03831969201564789,-121.6474609375,121.90194702148438,1.2046711444854736,-118.51107788085938,119.46304321289062,0.15049502729998937,0.9332848332348861,-0.32608383402386937,0.6123553799666265,0.5071817440354016,-0.606454917651046,4.162952880490151,0.9391145888040415,0.9202490811184102,0.7632566137375143,0.5858590953608369,0.2985839312105715,0.7534034486288357
955,train,955:14,0,wrong_branch,11,9,R-PLA,RCA,-31.67414093017578,-154.4384765625,112.40042114257812,-32.26922607421875,-158.8955078125,115.7740478515625,-0.05161710933608222,0.9374983457394057,-0.34414027047072643,-0.17420910492273534,-0.6519054371998835,0.7380179460631349,5.621442080437185,0.9443739846419933,0.978223938235801,0.8561497941076942,0.6001354564738315,0.10585987288099719,0.7928626118039399
955,train,955:15,1,positive_gap,11,11,R-PLA,R-PLA,-31.657670974731445,-153.8017578125,112.06190490722656,-30.180686950683594,-150.6181640625,109.63899230957031,0.14406155922655944,0.8137672969397259,-0.5630533310305734,0.40387516705665066,0.8077503341133013,-0.4294464427315853,4.264651970350336,0.9772685180011713,0.9868512858889023,0.9573049423718595,0.5681384118801166,0.34633166652671055,0.7465072817509354
955,train,955:15,0,wrong_branch,11,9,R-PLA,RCA,-31.4520320892334,-153.1650390625,111.57636260986328,-32.015907287597656,-157.9405059814453,114.50945281982422,0.35242454798967743,0.7433030213366825,-0.5685926102632981,-0.19544260785327913,-0.5990222636814261,0.776514336409502,5.632588899701457,0.9615606546321931,0.9317922778794822,0.9556541446189101,0.5207357153504314,0.10010941831635269,0.8478280598817404
955,train,955:16,1,positive_gap,9,9,RCA,RCA,-30.94962501525879,-166.2167205810547,128.9499969482422,-29.574487686157227,-167.29222106933594,132.9499969482422,0.34491623517753006,-0.19801699616836574,0.9175086157303463,0.226862822720578,-0.38338471422818177,0.8952929244461988,4.364367534269059,0.9983826969613829,0.9865048365974214,0.9756043319846663,0.9165130957903885,0.3150828426579499,0.24642757050968075
955,train,955:16,0,wrong_branch,10,9,R-PDA,RCA,-30.351808547973633,-156.02915954589844,109.45011138916016,-32.015907287597656,-157.9405059814453,114.50945281982422,0.38780734303818576,0.4903427767634926,-0.7804930659278984,-0.19544260785327913,-0.5990222636814261,0.776514336409502,5.658569211729224,0.9775166348870252,0.9540973729557942,0.9755843737459574,0.8941025975571585,0.29408471953910853,0.33777910352054863
955,train,955:17,1,positive_gap,4,4,D1,D1,41.3095703125,-153.1660919189453,170.7740478515625,37.8076171875,-152.13870239257812,173.0108642578125,-0.7059748727861718,0.23706192286905287,0.6673837904236032,-0.8490830346498547,0.37127034725415187,0.37578761224869434,4.2804850851107314,0.9832205407993136,0.98013567755044,0.9382399108529269,0.5225614297852731,0.8181206230997551,0.24001707889156448
955,train,955:17,0,wrong_branch,4,2,D1,LAD,37.1708984375,-151.93252563476562,173.45164489746094,32.3955078125,-150.2998046875,176.56495666503906,-0.7538432129747289,0.1217124576986593,0.6456829623684441,-0.6360387375468657,0.6338743035761109,0.44006600823704844,5.929826597390372,0.9795953660111987,0.9177900686254282,0.8407670086851476,0.525025768704307,0.8053170774169987,0.27534042023828503
955,train,955:18,1,positive_gap,4,4,D1,D1,42.5830078125,-153.68336486816406,169.62594604492188,39.3994140625,-152.71063232421875,172.0763702392578,-0.8156305246101823,0.27360995215426887,0.5097886242417121,-0.7866707439743263,0.13850819488064073,0.601634956203333,4.133528335366326,0.9947878883333411,0.9951382963151693,0.9862365487961483,0.5928165952970958,0.7701879584957194,0.23532741644048896
955,train,955:18,0,wrong_branch,4,2,D1,LAD,38.4443359375,-152.44052124023438,172.76417541503906,33.3505859375,-151.20774841308594,175.95152282714844,-0.8225331551740175,0.361021250407691,0.4394347111842018,-0.7277827937631329,0.5671274882378707,0.38561459669900067,6.133938492627382,0.9839463736768247,0.9187197844244901,0.9728229915083979,0.5196249385187627,0.8304207820346381,0.20097573991492657
955,train,955:19,1,positive_gap,11,11,R-PLA,R-PLA,-5.8076171875,-133.30836486816406,111.63593292236328,-3.2607421875,-131.96173095703125,114.6244125366211,0.6304173028360336,0.4168688802999107,0.6548239159670634,0.6478025474551751,0.15979274398380264,0.7448611538271496,4.151024639901862,0.99346357114418,0.9855534884546387,0.9627514546024205,0.7199378162034871,0.613553332234668,0.3244100018555056
955,train,955:19,0,wrong_branch,5,2,D2,LAD,52.3316650390625,-176.18966674804688,145.4499969482422,49.06222152709961,-174.1766815185547,150.44847106933594,-0.3813216296657194,0.18680473788694246,0.9053716389704675,-0.19015406831754855,0.6796402862214154,0.7084705439516576,6.3028655349225,0.9754644739837356,0.8775493450271254,0.8408990222832231,0.7930478753510662,0.5187233479514635,0.3193761977530335
956,train,956:0,1,positive_gap,1,1,LM,LM,42.0732421875,-151.05421447753906,234.010986328125,38.5712890625,-149.8584442138672,235.40194702148438,-0.8878523447578772,0.40126551403826705,0.22517593377522563,-0.9399742171240196,-0.09382171717603388,0.3280944323334774,3.9532662272670134,0.9870950529069085,0.9197262915406227,0.8707898632820601,0.3518510045605957,0.8858379182372909,0.30247653330915164
956,train,956:0,0,wrong_branch,10,9,R-PDA,RCA,12.464799880981445,-155.06199645996094,165.7899932861328,9.282230377197266,-156.33700561523438,167.38900756835938,-0.8779350118424304,-0.1295509880260291,0.4609193600649808,0.7518394946557122,0.6306232341113462,-0.1924882097033204,3.7830204423466567,0.9770723121463775,0.9264087504517308,0.8304856211319727,0.42268190367871056,0.8412773740683226,0.33703469878226
956,train,956:1,1,positive_gap,2,2,LAD,LAD,50.86906051635742,-157.8896484375,233.9499969482422,52.89850616455078,-161.0721893310547,233.62429809570312,0.32074233269906993,-0.9471664880129359,0.0,0.6773727268614265,-0.6773686154174657,-0.2869458969069618,3.7885743915969363,0.9674681908115504,0.9565345763598055,0.8588429610754099,0.0859687098296032,0.5356752800458856,0.840036532109167
956,train,956:1,0,wrong_branch,2,1,LAD,LM,50.46897506713867,-156.9345703125,233.9499969482422,48.1220703125,-153.53536987304688,233.88449096679688,0.3179432664192533,-0.9481097401348937,0.0,-0.7712265410523915,0.5013490019312493,0.39224839150582114,4.13120038106711,0.9607371327642553,0.8444243914952523,0.7205401575493449,0.015856403805905916,0.5680926941705148,0.8228118042957515
956,train,956:2,1,positive_gap,6,6,OM1,OM1,70.7255859375,-157.9202423095703,226.07647705078125,73.9091796875,-158.3358917236328,223.89065551757812,0.7812951536816634,-0.17362322565399885,-0.5995271956692595,0.9052631867061199,0.08202645966583204,-0.4168575568576997,3.8840506401775996,0.9963701745234594,0.9678226536436413,0.9429534841201865,0.5627685464737343,0.8196581468501216,0.10701441679542424
956,train,956:2,0,wrong_branch,4,2,D1,LAD,59.5830078125,-163.51751708984375,229.9979248046875,56.08824157714844,-163.41273498535156,232.32351684570312,-0.9021558554442598,0.29204182552101854,0.31753170650186546,0.7085860716705548,-0.48008490378101365,-0.5171307998911555,4.199136657744109,0.9339714586061894,0.8881069041135108,0.94366537072324,0.5538262339537662,0.8322582759735775,0.0249532494492521
956,train,956:3,1,positive_gap,4,4,D1,D1,66.82571411132812,-169.6689453125,226.77557373046875,64.66844940185547,-166.4864044189453,227.4499969482422,-0.41926974902535774,0.8383586787421293,0.348378534542478,-0.6835653087283872,0.7172106816129088,0.13545223100197173,3.903486165283014,0.9754206939474167,0.9859227385976286,0.9350667045867084,0.17277458897424833,0.5526507890969427,0.8153073326760322
956,train,956:3,0,wrong_branch,11,9,R-PLA,RCA,11.726400375366211,-152.47799682617188,167.9499969482422,9.282230377197266,-156.33700561523438,167.38900756835938,-0.5154155508552419,-0.7647890455818688,-0.38658055524633134,0.7518394946557122,0.6306232341113462,-0.1924882097033204,4.602241290757375,0.9621308794748035,0.9046071326732525,0.7953913096449866,0.12189482133616954,0.531082540821478,0.8385064026982897
956,train,956:4,1,positive_gap,2,2,LAD,LAD,51.59462356567383,-159.4814453125,233.9498748779297,54.4892578125,-162.3466033935547,233.12277221679688,0.6074530633114391,-0.7943529121234638,-0.0020559364098287503,0.7792667593515193,-0.5264831403287489,-0.3399394368403879,4.1559760663873995,0.9711320546089252,0.9733729023697681,0.8922802896742432,0.19901526089676813,0.69649925807738,0.6894067808107563
956,train,956:4,0,wrong_branch,2,1,LAD,LM,50.46897506713867,-156.9345703125,233.9499969482422,47.1669921875,-152.9070281982422,234.38748168945312,0.3179432664192533,-0.9481097401348937,0.0,-0.8299639752361636,0.5103936342152797,0.22507362787031315,5.226430839333817,0.9314951789096347,0.9365138699633004,0.747790633199247,0.08370621455821295,0.6317854346771681,0.7706104295778226
956,train,956:5,1,positive_gap,10,10,R-PDA,R-PDA,31.885700225830078,-153.54299926757812,164.45199584960938,35.06930160522461,-155.1269989013672,162.72799682617188,0.9636070997908737,-0.26635697710379547,-0.022700616307701663,0.6999452799708235,-0.4727053506342528,-0.5353748747637619,3.9517774754583663,0.8929617389994274,0.9869223777393787,0.8125339491135215,0.43625913507124625,0.8056125121329777,0.40083219351953375
956,train,956:5,0,wrong_branch,10,9,R-PDA,RCA,12.464799880981445,-155.06199645996094,165.7899932861328,8.008790016174316,-157.57000732421875,167.62399291992188,-0.8779350118424304,-0.1295509880260291,0.4609193600649808,0.6826319155613713,0.673273006075045,-0.2841075978351955,5.43228285964861,0.9355787295597978,0.9667103001973498,0.8174803342044675,0.33761121818823986,0.8202831074770963,0.46168635342748787
956,train,956:6,1,positive_gap,11,11,R-PLA,R-PLA,24.245100021362305,-138.78799438476562,174.39999389648438,22.296100616455078,-141.6529998779297,173.43699645996094,-0.6543738492159373,-0.7445130504043507,0.1322693586584827,-0.5220826277463264,-0.6252358312440076,-0.5800947208293705,3.596417553474525,0.912305959957559,0.9363408171760242,0.7304046979834385,0.2677657480547771,0.5419280091724289,0.7966276024863019
956,train,956:6,0,wrong_branch,2,1,LAD,LM,50.95685958862305,-158.2080078125,233.9499969482422,48.1220703125,-153.53536987304688,233.88449096679688,0.24090989780090155,-0.9705474852584799,0.0,-0.7712265410523915,0.5013490019312493,0.39224839150582114,5.4656990940632735,0.9546712518669593,0.8239005481298892,0.6723791202474972,0.01198492275516296,0.5186508125195064,0.8549021559800914
956,train,956:7,1,positive_gap,6,6,OM1,OM1,62.1298828125,-155.822265625,230.7754669189453,65.9501953125,-156.92529296875,229.2625274658203,0.8377434754950375,-0.4187713562919619,-0.3504517376399869,0.8515312618915545,-0.23671785462859546,-0.46782386356556477,4.254461506176616,0.9854526553363869,0.9923725868776725,0.9764451017670506,0.355612443767212,0.8979544166644076,0.2592636793513416
956,train,956:7,0,wrong_branch,10,9,R-PDA,RCA,14.057600021362305,-154.81700134277344,165.12399291992188,9.282230377197266,-156.33700561523438,167.38900756835938,-0.8955806645606369,-0.2363071254678898,0.37695386417734317,0.7518394946557122,0.6306232341113462,-0.1924882097033204,5.499532669631929,0.9982161964831804,0.9064134035208498,0.8949128524290578,0.4118558402143454,0.8683228068694505,0.27638789762161153
956,train,956:8,1,positive_gap,6,6,OM1,OM1,67.2236328125,-157.0762176513672,228.1739959716797,70.7255859375,-157.9202423095703,226.07647705078125,0.7810347206681191,-0.1283443989556483,-0.61115667415777,0.7812951536816634,-0.17362322565399885,-0.5995271956692595,4.168409641203598,0.9896785251475804,0.9932135470221247,0.9989072576287757,0.5031940479565713,0.8401173172579162,0.20248121726333473
956,train,956:8,0,wrong_branch,4,2,D1,LAD,60.8564453125,-163.98123168945312,229.32339477539062,56.08824157714844,-163.41273498535156,232.32351684570312,-0.7667526374121255,0.26090684189548435,0.5865304875909473,0.7085860716705548,-0.48008490378101365,-0.5171307998911555,5.662127497784829,0.982673126382942,0.9189240205688476,0.971880655582553,0.5298577383653451,0.842122283049438,0.10040337387739381
956,train,956:9,1,positive_gap,6,6,OM1,OM1,77.0927734375,-158.5579376220703,221.62442016601562,80.2763671875,-159.59249877929688,219.26405334472656,0.8506978957322858,-0.09779519281604139,-0.5164776766315599,0.6381830143054059,-0.3913397951027302,-0.6630049811434445,4.095963559911546,0.9835361874623241,0.9769411539676682,0.923599370336475,0.5762665577376463,0.7772514826935499,0.25258065461131796
956,train,956:9,0,wrong_branch,4,2,D1,LAD,59.5830078125,-163.51751708984375,229.9979248046875,54.8076171875,-162.56124877929688,232.99781799316406,-0.9021558554442598,0.29204182552101854,0.31753170650186546,0.8002077052023893,-0.530640035723143,-0.27944369919979906,5.719979357074826,0.9685311458485386,0.903331909292122,0.9656133862251809,0.5244587438530015,0.8348615138083497,0.16718037790889978
956,train,956:10,1,positive_gap,10,10,R-PDA,R-PDA,29.97559928894043,-153.29100036621094,164.93699645996094,33.7958984375,-154.11700439453125,163.62399291992188,0.9825733248402267,-0.16205598618513162,-0.09103580973433868,0.6426524881400286,-0.4834070413325533,-0.5944034083663531,4.123220408302408,0.9718406675688974,0.8815620646418395,0.7639041923900577,0.3184412692067669,0.9265328481754497,0.20032982633115914
956,train,956:10,0,wrong_branch,6,1,OM1,LM,54.1708984375,-153.70384216308594,232.77557373046875,48.1220703125,-153.53536987304688,233.88449096679688,0.9193800097027927,0.09370502255717929,-0.38204681193075213,-0.7712265410523915,0.5013490019312493,0.39224839150582114,6.151942947990304,0.9702696051982768,0.8427339545931186,0.8119285927205764,0.18025479847637116,0.983238657467721,0.027385216583339488
956,train,956:11,1,positive_gap,2,2,LAD,LAD,59.367469787597656,-171.2607421875,229.38900756835938,58.3169059753418,-167.4404296875,230.51560974121094,-0.19630987671201752,0.9493126127522387,0.245495408459773,-0.47316044899194737,0.7843729266155901,0.40109637433194645,4.119187344264846,0.9976440036612065,0.957837228173512,0.9359684999925331,0.2735010764732838,0.255041522624253,0.9274432505040174
956,train,956:11,0,wrong_branch,3,2,LCX,LAD,52.214725494384766,-151.2041778564453,232.12594604492188,50.46897506713867,-156.9345703125,233.9499969482422,-0.18537369341193802,0.9001757321797198,-0.394106895379315,0.3179432664192533,-0.9481097401348937,0.0,6.26196486356655,0.8868805845854576,0.7789873331245806,0.9124036971042446,0.29129050434840836,0.27878636582636274,0.9151109245909915
956,train,956:12,1,positive_gap,11,11,R-PLA,R-PLA,14.655500411987305,-149.572998046875,168.96299743652344,11.726400375366211,-152.47799682617188,167.9499969482422,-0.7045847444625276,-0.7047319957331737,-0.0831453670423829,-0.5154155508552419,-0.7647890455818688,-0.38658055524633134,4.247918893000204,0.9876062117074489,0.9705979204872953,0.9342676267565375,0.23846982811995074,0.6895376560620582,0.6838639937508655
956,train,956:12,0,wrong_branch,11,9,R-PLA,RCA,12.785200119018555,-151.20399475097656,168.4980010986328,9.282230377197266,-156.33700561523438,167.38900756835938,-0.682872134592906,-0.6899450830030408,-0.24012794555497988,0.7518394946557122,0.6306232341113462,-0.1924882097033204,6.3125639953106685,0.9821486759534915,0.896180812965967,0.9022838418497823,0.17568036238480292,0.5549202739843103,0.8131419923934086
956,train,956:13,1,positive_gap,4,4,D1,D1,65.91863250732422,-168.0771484375,226.96304321289062,63.0849609375,-165.2841339111328,227.9501190185547,-0.6065519413699517,0.7915992746957745,0.07392787513155274,-0.8559287910941341,0.4911416548590382,0.16175839835526126,4.099383289746829,0.9764126453085229,0.9652316895858233,0.9199111023469677,0.24078641490608765,0.691243382123271,0.68132553824692
956,train,956:13,0,wrong_branch,11,9,R-PLA,RCA,11.726400375366211,-152.47799682617188,167.9499969482422,8.008790016174316,-157.57000732421875,167.62399291992188,-0.5154155508552419,-0.7647890455818688,-0.38658055524633134,0.6826319155613713,0.673273006075045,-0.2841075978351955,6.313119381214927,0.9403362268084241,0.9303566303367877,0.7569204516017713,0.051639135684707224,0.5888705938705787,0.8065759873317878
957,val,957:0,1,positive_gap,2,2,LAD,LAD,54.65253829956055,-168.8740234375,174.1212921142578,56.40786361694336,-171.9501953125,172.4595489501953,0.6285238719325209,-0.7145261899645866,-0.30726221093008393,0.5043221947863478,-0.6438216831398963,-0.5754587423654212,3.912210464391523,0.9743494496999822,0.9769464953202217,0.9538227183174046,0.4247581205529431,0.4486786519691555,0.7863002011264355
957,val,957:0,0,wrong_branch,9,10,RCA,R-PDA,-1.0595300197601318,-196.9010009765625,148.44000244140625,-2.88565993309021,-199.63600158691406,147.06399536132812,0.5021571076966365,0.5072499099215557,0.7003825869296882,-0.5082980133001694,-0.7228238627931234,-0.4681439875208575,3.5648806829131696,0.9167387685190181,0.9956325806993952,0.9497776965331601,0.38598965925380474,0.5122555495567921,0.76720677453826
957,val,957:1,1,positive_gap,2,2,LAD,LAD,86.09937286376953,-190.0654296875,99.44037628173828,84.69319915771484,-186.9892578125,97.83470916748047,-0.09934528016964252,0.9903579331553147,-0.09654884538071065,-0.5772150990879124,0.6886981048028783,-0.43876833275186944,3.744105337453742,0.8923983023325788,0.9707884769569207,0.78176380329441,0.42885201390989186,0.3755700172183151,0.8216039875341797
957,val,957:1,0,wrong_branch,12,3,L-PDA,LCX,18.765432357788086,-132.6435546875,117.94986724853516,20.249765396118164,-129.5673370361328,119.0652847290039,-0.012926682865743831,-0.9999164469444877,0.0,0.48336785054095627,0.6747843318362434,0.5576931293926168,3.5931206162605385,0.8614094702052728,0.9505172168424088,0.6809762944549459,0.31043140478529113,0.4131041500841308,0.856140937057853
957,val,957:2,1,positive_gap,14,14,Other,Other,52.2607421875,-129.23289489746094,107.27863311767578,56.0205078125,-130.02627563476562,107.4499282836914,0.9270891302325541,0.050865738439991474,0.3713736948918173,0.9332939873550655,-0.3591098605809513,-0.0015624341306167391,3.846379152288304,0.9122596410510493,0.9862807877291963,0.8464000758126353,0.04453413437250911,0.9774818020119583,0.20626690866725558
957,val,957:2,0,wrong_branch,2,4,LAD,D1,27.6513671875,-150.3787078857422,179.39283752441406,31.4111328125,-149.516845703125,179.4499969482422,0.9581363112124333,-0.15609256868157104,0.24002066398254182,0.9469592885193201,0.32135355278413075,0.0,3.857708021155783,0.9024936850569591,0.9947117393539919,0.8571551780612279,0.014816938844168884,0.9746112469843067,0.22341301567944236
957,val,957:3,1,positive_gap,7,7,OM2,OM2,74.77294921875,-132.9397430419922,120.8939208984375,75.5037612915039,-134.615478515625,117.83706665039062,-0.06509754376900745,-0.5377796147254214,-0.8405684955915368,0.8343665327622933,-0.4774809234574581,-0.275398723200457,3.5618160476190335,0.9610540345873719,0.6321917200334777,0.43395578561824005,0.8582291188480353,0.2051796226934381,0.4704722117114923
957,val,957:3,0,wrong_branch,7,3,OM2,LCX,40.9814453125,-116.5791015625,144.28817749023438,40.29789733886719,-118.8155517578125,147.45005798339844,0.5385933068489029,0.6051938820707438,-0.5862231784241444,0.21514114342528687,0.05274524146436272,0.9751575400459795,3.932738938884993,0.9090885582101177,0.7166278385679221,0.4238652752707682,0.8039894186468722,0.17380964876011107,0.5686749692941929
957,val,957:4,1,positive_gap,2,2,LAD,LAD,84.38233184814453,-202.59402465820312,109.44999694824219,83.25530242919922,-201.3756561279297,105.95114135742188,-0.526900536557043,0.16164725584177797,-0.8344135600855986,0.13682608773274332,0.4715115526886789,-0.8711805079298222,3.872545368635908,0.9580961697420339,0.8956389846784235,0.7310496386473404,0.9035028018413567,0.2910306559797142,0.31461698038223473
957,val,957:4,0,wrong_branch,13,3,L-PLA,LCX,19.144733428955078,-131.09805297851562,115.4499282836914,20.249765396118164,-129.5673370361328,119.0652847290039,-0.10346576374977474,-0.32138378791434546,-0.9412796059606853,0.48336785054095627,0.6747843318362434,0.5576931293926168,4.078601374414991,0.9830187327538373,0.878560855074639,0.7918219375007535,0.8864206411520331,0.2709340447181075,0.375304130475945
957,val,957:5,1,positive_gap,2,2,LAD,LAD,75.62895965576172,-203.394775390625,128.95005798339844,77.8955078125,-204.0783233642578,125.78831481933594,0.21427545610109203,-0.2170614662068977,-0.9523499088049417,0.719040909573734,-0.007639809664220924,-0.6949257540684989,3.9498225548203014,0.9228575027885229,0.9702055532618937,0.8175436056548536,0.8004772670620249,0.5738354382457564,0.17305789415745304
957,val,957:5,0,wrong_branch,9,11,RCA,R-PLA,-1.0595300197601318,-196.9010009765625,148.44000244140625,-3.226710081100464,-197.88800048828125,144.9499969482422,0.5021571076966365,0.5072499099215557,0.7003825869296882,-0.43758233670812563,0.09753671254838203,-0.8938726353940537,4.225041514200715,0.9546082203020693,0.9400313398137803,0.7963124206892219,0.8260286866848207,0.5129369863127404,0.23360705649905752
957,val,957:6,1,positive_gap,7,7,OM2,OM2,84.91864013671875,-142.8974609375,121.93929290771484,86.40287780761719,-145.96632385253906,120.4392318725586,0.48471443393542574,-0.8718690558812788,0.06997333014332897,0.10251295367325164,-0.5618540527386993,-0.820859986690961,3.7243877569622246,0.8833972141168185,0.8344315731506718,0.48211436396496343,0.402767148064026,0.3985185667426443,0.8239912477701202
957,val,957:6,0,wrong_branch,6,3,OM1,LCX,43.7158203125,-117.82918548583984,150.8939208984375,41.33134078979492,-120.7124252319336,153.4405059814453,-0.7904443617968708,-0.5748156987635615,0.21162377786651487,0.03714924045059406,-0.49980888131876106,0.865338671324027,4.525915334233783,0.901706620305482,0.7857296300210228,0.44105982246385034,0.5626674153061544,0.5268502273272772,0.6370511892445441
957,val,957:7,1,positive_gap,14,14,Other,Other,70.7177734375,-139.01980590820312,108.71839904785156,74.1357421875,-140.51219177246094,109.61174774169922,0.8127492808334447,-0.5824763651723082,-0.01264478233796676,0.8950647748102433,-0.05128641243164943,0.4429771470333195,3.8350746840983962,0.9480740889900788,0.920862275986033,0.7517350255173595,0.23294166800761465,0.8912391626093051,0.3891412781205495
957,val,957:7,0,wrong_branch,2,5,LAD,D2,31.070119857788086,-152.24229431152344,179.4499969482422,35.5126953125,-153.49398803710938,180.12008666992188,0.8098574433023569,-0.5866267310034293,0.0,0.9231862038882539,0.010881137479139184,0.38419895080225724,4.663929039831196,0.9288584283532696,0.9316505995088484,0.7412660526639634,0.14367493929623348,0.9525392467962391,0.26837752352064964
957,val,957:8,1,positive_gap,10,10,R-PDA,R-PDA,1.4501099586486816,-198.73599243164062,135.9499969482422,2.0157699584960938,-199.64300537109375,131.9499969482422,0.1950940643988574,0.13884491530819446,-0.9709069963335287,-0.006272866540598643,-0.2507244838385433,-0.9680381626512768,4.140367581237537,0.9342288294736999,0.9892876928511005,0.9038394060828888,0.966097797240606,0.13662071995992658,0.2190658007185978
957,val,957:8,0,wrong_branch,3,14,LCX,Other,34.517539978027344,-118.02510070800781,135.94891357421875,33.45381546020508,-116.9217300415039,131.4488525390625,-0.47250943439660614,-0.06670619842344024,-0.8787975406759465,-0.30753185328872895,0.21336215712553142,-0.9273083355171244,4.753891668690929,0.9221204612451079,0.9961293096544339,0.9459954083678829,0.9466057177519622,0.2237586785639105,0.23209840345557128
957,val,957:9,1,positive_gap,2,2,LAD,LAD,84.31083679199219,-198.9521484375,102.96070098876953,86.06034088134766,-195.5341796875,101.27983856201172,0.3741564854394427,0.6861322369090066,-0.6238825834064027,0.24233320553174523,0.8962337563728225,-0.3715369045391978,4.191488212119203,0.9658687878230495,0.9809795759766137,0.937400816375211,0.4010180493643746,0.417394491125367,0.815454697001733
957,val,957:9,0,wrong_branch,9,10,RCA,R-PDA,-1.0595300197601318,-196.9010009765625,148.44000244140625,-3.631200075149536,-200.66099548339844,146.32400512695312,0.5021571076966365,0.5072499099215557,0.7003825869296882,-0.3648075790566901,-0.7459133447278972,-0.5572510317797879,5.022797049453203,0.9318805635208709,0.9799194440973458,0.9518441148945974,0.42127868070709307,0.5119995950601596,0.7485857919035892
957,val,957:10,1,positive_gap,14,14,Other,Other,44.39936828613281,-123.79595184326172,109.90462493896484,46.377960205078125,-126.4912109375,108.06535339355469,0.9203786336417017,-0.2600065140854565,-0.2920612664646982,0.3841449332816911,-0.7681869843779744,-0.5121732395062033,3.8160407996436985,0.8016210481172034,0.98860438874545,0.7028783737676306,0.4819842454467174,0.5184933869496502,0.7062972425478092
957,val,957:10,0,wrong_branch,12,3,L-PDA,LCX,18.765432357788086,-132.6435546875,117.94986724853516,21.158010482788086,-128.5419921875,119.94044494628906,-0.012926682865743831,-0.9999164469444877,0.0,0.592996948363152,0.5993301381785474,0.5377341394247462,5.148751751291764,0.8025533372311904,0.9608898177576588,0.6069455458060863,0.38661364810499804,0.4646909077330693,0.7966129846852616
957,val,957:11,1,positive_gap,10,10,R-PDA,R-PDA,-0.747963011264801,-202.06500244140625,110.94999694824219,-0.33032798767089844,-201.0030059814453,107.45099639892578,-0.13790992350109033,-0.10731651648026098,-0.9846136390942719,0.407089802072033,0.5185212375332621,-0.7519399040321821,3.6803886123639655,0.889470714669997,0.9106975289972852,0.6285826688943927,0.9507149700338163,0.11347579497200154,0.28855552274921376
957,val,957:11,0,wrong_branch,7,3,OM2,LCX,40.9814453125,-116.5791015625,144.28817749023438,40.6396484375,-118.79332733154297,148.9499969482422,0.5385933068489029,0.6051938820707438,-0.5862231784241444,0.20896195871984286,-0.2520592362505388,0.9448814958653609,5.172251107507634,0.8230443436628221,0.945731433569297,0.5939106290860581,0.9013134438196709,0.06608280763938056,0.4280971134268737
957,val,957:12,1,positive_gap,5,5,D2,D2,38.2470703125,-153.4931640625,180.4499969482422,42.3486328125,-154.20777893066406,180.4499969482422,0.9999999977578923,-6.696428556414457e-05,0.0,0.9773351777881445,-0.21169778047446772,0.0,4.1633507360307025,0.9851705043684092,0.9991672478204575,0.9773493517874787,0.0,0.9851590125482412,0.17164416679565395
957,val,957:12,0,wrong_branch,2,4,LAD,D1,27.6513671875,-150.3787078857422,179.39283752441406,32.7783203125,-149.3916015625,179.44993591308594,0.9581363112124333,-0.15609256868157104,0.24002066398254182,0.9999961570494165,0.0022098129363368802,-0.0016741007093461213,5.221425807700507,0.9139160379361518,0.9823024099428803,0.9573858750005675,0.010935401703432587,0.9819067269784472,0.18904919069929382
957,val,957:13,1,positive_gap,2,2,LAD,LAD,56.40786361694336,-171.9501953125,172.4595489501953,58.75566482543945,-174.67726135253906,170.57484436035156,0.5043221947863478,-0.6438216831398963,-0.5754587423654212,0.6373977145911232,-0.6088594501353359,-0.47224392364000795,4.0621633512610185,0.990694339772163,0.9962483028616945,0.985207624743752,0.46396573127929003,0.5779681921868713,0.67133342611456
957,val,957:13,0,wrong_branch,9,10,RCA,R-PDA,-0.1512800008058548,-195.87600708007812,149.56500244140625,-2.88565993309021,-199.63600158691406,147.06399536132812,0.4883421311005555,0.6718385994886311,0.5569154866129351,-0.5082980133001694,-0.7228238627931234,-0.4681439875208575,5.27915037862313,0.9952874165563027,0.999881550895022,0.9945609433201759,0.47375181624025264,0.5179583334766676,0.7122347796837324
957,val,957:14,1,positive_gap,2,2,LAD,LAD,86.43964385986328,-192.1162109375,99.99536895751953,85.6867446899414,-188.3564453125,98.62123107910156,-0.010138771848628218,0.9532360520850874,-0.30205667400446207,-0.47090910001309333,0.7693498780368171,-0.43167740812972033,4.07319894234295,0.983660554748866,0.9428232275609492,0.8685375224809647,0.3373608551581203,0.1848422285725133,0.9230498382770719
957,val,957:14,0,wrong_branch,12,3,L-PDA,LCX,18.539213180541992,-134.3525390625,117.62015533447266,20.249765396118164,-129.5673370361328,119.0652847290039,-0.25229827214871564,-0.8939123200840263,-0.3704947312348259,0.48336785054095627,0.6747843318362434,0.5576931293926168,5.283232559929521,0.9926750679638956,0.9202214702854178,0.9317732672176343,0.273531285654881,0.3237700018261151,0.9057337476794741
957,val,957:15,1,positive_gap,2,2,LAD,LAD,67.03462982177734,-196.2177734375,147.62014770507812,68.66703796386719,-198.30821228027344,144.6225128173828,0.0008397248039205832,-0.6902229732335847,-0.7235962562664651,0.7317143551700171,-0.20761518930928335,-0.649222639474469,4.002562406467294,0.9027509636279021,0.8930768338152469,0.6136902833540868,0.7489289568232013,0.4078407720644699,0.5222751403939963
957,val,957:15,0,wrong_branch,7,3,OM2,LCX,41.73653793334961,-115.59282684326172,143.2775421142578,40.29789733886719,-118.8155517578125,147.45005798339844,0.3577540457995973,0.5786096241280073,-0.7329549410301193,0.21514114342528687,0.05274524146436272,0.9751575400459795,5.464936533317603,0.995006114758296,0.6567992331850199,0.6072600184428933,0.763506738587431,0.2632492775920794,0.5897094860851676
957,val,957:16,1,positive_gap,12,12,L-PDA,L-PDA,19.448287963867188,-149.3915557861328,104.0060043334961,20.480993270874023,-151.62142944335938,100.50715637207031,0.0007667821730420942,-0.6310388130843342,-0.775750880390228,0.5853887078904213,-0.3034936129680486,-0.7518056182032583,4.275599821719333,0.9641133979591345,0.9148985302043965,0.7751789851350415,0.8183291484979996,0.24153460334638088,0.5215346969328553
957,val,957:16,0,wrong_branch,13,3,L-PLA,LCX,19.144733428955078,-131.09805297851562,115.4499282836914,21.158010482788086,-128.5419921875,119.94044494628906,-0.10346576374977474,-0.32138378791434546,-0.9412796059606853,0.592996948363152,0.5993301381785474,0.5377341394247462,5.545400901641389,0.94792307988852,0.9269835708032553,0.7601280510520622,0.8097731331324491,0.3630534725157735,0.4609334539291927
957,val,957:17,1,positive_gap,13,13,L-PLA,L-PLA,19.107229232788086,-131.6189422607422,114.44999694824219,19.239004135131836,-133.17092895507812,110.44999694824219,-0.006273118844857033,-0.5142681564204151,-0.8576065014165329,0.36956670914548756,-0.25856187271386766,-0.8925055772767319,4.2925548714353665,0.9848998623783287,0.9365067267933024,0.8960703873366395,0.9318459797958178,0.030698478246752484,0.36155314045338605
957,val,957:17,0,wrong_branch,13,3,L-PLA,LCX,19.1064453125,-131.9216766357422,113.94999694824219,20.249765396118164,-129.5673370361328,119.0652847290039,-0.0013293313130577405,-0.4870483358227693,-0.8733740043363617,0.48336785054095627,0.6747843318362434,0.5576931293926168,5.7459781450945,0.9773368895164424,0.8691429673113598,0.8163698234880776,0.8902379458454399,0.19897745079212456,0.40973695690425477
957,val,957:18,1,positive_gap,7,7,OM2,OM2,43.38055419921875,-114.15559387207031,138.4499969482422,44.73472595214844,-113.43143463134766,134.4499969482422,0.2530710009025924,0.14171333525247518,-0.9570122251642241,0.37548465917148327,0.2321201542147985,-0.897291203976821,4.284645579549921,0.9973691974005544,0.9955846779972042,0.9866374514913372,0.9335661318386522,0.31605222130693383,0.16901263529916638
957,val,957:18,0,wrong_branch,3,14,LCX,Other,35.054534912109375,-117.95281982421875,136.9499969482422,33.45381546020508,-116.9217300415039,131.4488525390625,-0.43923591342767193,-0.027148468435510803,-0.8979614540819469,-0.30753185328872895,0.21336215712553142,-0.9273083355171244,5.8213433771229015,0.9645396657111911,0.9986569162423411,0.9619737200425916,0.9449956913379216,0.27497423673630206,0.17712230939114298
957,val,957:19,1,positive_gap,11,11,R-PLA,R-PLA,-8.579099655151367,-196.44400024414062,128.12100219726562,-6.683750152587891,-197.1269989013672,131.9499969482422,0.6302253138622813,-0.1936757083081486,0.7518681890986784,0.29248275696290266,-0.1821212550331319,0.9387681744416652,4.326665887914963,0.9720364230286059,0.9876621268157073,0.9254324276736885,0.8849758336255009,0.4380623675744125,0.15785796151588266
957,val,957:19,0,wrong_branch,9,11,RCA,R-PLA,-1.0595300197601318,-196.9010009765625,148.44000244140625,-4.012110233306885,-197.63099670410156,143.4499969482422,0.5021571076966365,0.5072499099215557,0.7003825869296882,-0.41126783110207427,0.06546522637179204,-0.9091606432510625,5.843866742274382,0.9151239409214393,0.9759340485574136,0.8100741176296392,0.853887624963535,0.5052442746833811,0.12491655948591233
957,val,957:20,1,positive_gap,7,7,OM2,OM2,86.82861328125,-149.7333984375,116.95006561279297,89.51581573486328,-152.4375762939453,118.39277648925781,0.22059969327715903,-0.9753630652668862,0.0016328622744423318,0.7756890148251044,-0.6068463661759168,0.1733321670629663,4.076156226037511,0.7930773034761046,0.9753115218755323,0.7632953181648376,0.3539390534762019,0.6592491319268077,0.663413693315205
957,val,957:20,0,wrong_branch,4,5,D1,D2,32.7783203125,-149.3916015625,179.44993591308594,36.8798828125,-153.4931640625,180.4488525390625,0.9999961570494165,0.0022098129363368802,-0.0016741007093461213,0.9998789957289509,0.0,0.015556153125515152,5.885869885451504,0.6950222897563039,0.6994047733858554,0.9998491106763987,0.16971435750655162,0.6968489925572607,0.6968489925572607
957,val,957:21,1,positive_gap,12,12,L-PDA,L-PDA,19.573486328125,-150.6416473388672,102.43929290771484,21.8408203125,-151.78408813476562,99.33598327636719,0.21238316536229712,-0.4543644844505204,-0.8651279132825989,0.8386360220841748,-5.61586621931367e-05,-0.5446922243882651,4.009551725174523,0.9191520972973314,0.8958310014686701,0.649366136924954,0.7739791986877483,0.5654831611572014,0.2849298061739584
957,val,957:21,0,wrong_branch,9,11,RCA,R-PLA,-0.1512800008058548,-195.87600708007812,149.56500244140625,-3.226710081100464,-197.88800048828125,144.9499969482422,0.4883421311005555,0.6718385994886311,0.5569154866129351,-0.43758233670812563,0.09753671254838203,-0.8938726353940537,5.899547724645357,0.9193526683915827,0.894091890927504,0.6459724761932428,0.7822642867833546,0.521299296799821,0.34104197509887474
957,val,957:22,1,positive_gap,14,14,Other,Other,46.377960205078125,-126.4912109375,108.06535339355469,48.50102233886719,-129.100341796875,106.46076202392578,0.3841449332816911,-0.7681869843779744,-0.5121732395062033,0.8321420444553143,-0.5503448432784162,-0.06826544753083513,3.7268847753531986,0.9771412071545694,0.8887178772653215,0.7773946310824008,0.43054493668289984,0.569661328901122,0.7000835863318934
957,val,957:22,0,wrong_branch,6,3,OM1,LCX,44.7412109375,-116.92747497558594,150.2775421142578,41.33134078979492,-120.7124252319336,153.4405059814453,-0.613906298172019,-0.5729951987703993,0.5429507889770477,0.03714924045059406,-0.49980888131876106,0.865338671324027,5.996449223696482,0.9971622518978414,0.750796421311563,0.7334182509412586,0.5274728008515857,0.5686482150520205,0.631198583553492
957,val,957:23,1,positive_gap,14,14,Other,Other,40.2978515625,-123.06592559814453,110.44999694824219,44.39936828613281,-123.79595184326172,109.90462493896484,0.9984945820101211,-0.05485033853408277,-0.00010029521471083806,0.9203786336417017,-0.2600065140854565,-0.2920612664646982,4.201524530608235,0.9842710857286865,0.9815584668897536,0.9332838167552001,0.12980336192358083,0.9761972573891067,0.17375270328637235
957,val,957:23,0,wrong_branch,2,5,LAD,D2,31.070119857788086,-152.24229431152344,179.4499969482422,36.8798828125,-153.4931640625,180.4488525390625,0.8098574433023569,-0.5866267310034293,0.0,0.9998789957289509,0.0,0.015556153125515152,6.026253663360353,0.9025297820917438,0.9665371928359521,0.8097594470927764,0.16575067141520422,0.9640754072526513,0.2075700461435694
957,val,957:24,1,positive_gap,7,7,OM2,OM2,60.8056640625,-119.99785614013672,123.9488525390625,63.41557693481445,-122.3896484375,122.39290618896484,0.8314327041653906,-0.5554731373219246,-0.013009694768302205,0.3931090047526058,-0.5855885688179933,-0.7089085543651664,3.8669477161168366,0.909964637155071,0.9127638687888213,0.66134508626534,0.4023706717348967,0.6749284096696582,0.6185220160579527
957,val,957:24,0,wrong_branch,12,3,L-PDA,LCX,18.765432357788086,-132.6435546875,117.94986724853516,21.8408203125,-127.85918426513672,120.45108032226562,-0.012926682865743831,-0.9999164469444877,0.0,0.6456891474704142,0.6388642750162935,0.4182558582337317,6.213234121660952,0.7763630251045454,0.9799172008445424,0.6471575147932608,0.40256218013909834,0.49497377605493903,0.7700289943499344
957,val,957:25,1,positive_gap,7,7,OM2,OM2,64.91458892822266,-124.7822265625,120.00721740722656,67.9833984375,-127.1748046875,120.78831481933594,0.6752166026325039,-0.7152273095487994,-0.18036750041236663,0.7718053836874796,-0.5074792675732609,0.38312040234674144,3.9688959492110056,0.9177523938698863,0.9780961506006343,0.8149963709368929,0.19680470894296254,0.7732149062480225,0.6028321617944232
957,val,957:25,0,wrong_branch,4,5,D1,D2,35.8544921875,-149.05638122558594,178.95005798339844,39.9560546875,-153.6103057861328,180.4499969482422,0.9989705426516688,0.045332748062742026,-0.001672383720957035,0.9644910480177643,-0.2641155396670074,0.0,6.309584831255924,0.6162671288252594,0.8175946112163139,0.9515250624018032,0.23772387644484477,0.6500526753649468,0.7217471010117817
957,val,957:26,1,positive_gap,10,10,R-PDA,R-PDA,1.898669958114624,-200.20199584960938,130.4499969482422,0.6950629949569702,-200.96499633789062,126.44999694824219,-0.17726049558872864,-0.37101358946103247,-0.9115523205712762,-0.08668291187360601,-0.11577420220920658,-0.9894859306184876,4.246273597741792,0.9755953552284807,0.9774715538384372,0.9602874544743257,0.942002418809574,0.283450167647639,0.1796870763784559
957,val,957:26,0,wrong_branch,3,14,LCX,Other,34.517539978027344,-118.02510070800781,135.94891357421875,33.12085723876953,-116.61821746826172,129.9499969482422,-0.47250943439660614,-0.06670619842344024,-0.8787975406759465,-0.08225497703463616,0.10236208534658323,-0.9913405682390539,6.317993653830082,0.924016616049984,0.9822524943427408,0.9032257204395514,0.9494970958604732,0.22106428334430475,0.2226787991300396
958,test,958:0,1,positive_gap,2,2,LAD,LAD,53.072265625,-216.27418518066406,108.9500503540039,56.777915954589844,-215.888427734375,107.8839111328125,0.9981498994363873,-0.052571097231551296,-0.03054599795391595,0.5385527358926899,0.15977698663140086,-0.8273042156338185,3.8752168986418547,0.9576447448346913,0.7584981265888128,0.5544275405509327,0.2751173028702098,0.9562433346346526,0.09954473681828202
958,test,958:0,0,wrong_branch,4,2,D1,LAD,42.294921875,-170.09246826171875,181.99557495117188,39.165977478027344,-170.9292755126953,183.11953735351562,0.8226300376888156,0.5515433310595367,-0.13812955895045875,-0.7863881874861773,0.4279911588027763,0.4454404411016825,3.4283860483492616,0.9306861863806648,0.7592718788408903,0.4723793665877523,0.32784009341215475,0.9126581291739931,0.24408197885984223
958,test,958:1,1,positive_gap,11,11,R-PLA,R-PLA,-1.162109375,-159.9962615966797,127.78894805908203,-3.9045228958129883,-162.31124877929688,126.56466674804688,-0.8301676464974742,-0.5575138324726937,-7.28728622276575e-05,-0.5569743855785496,-0.6345930949486204,-0.5357901992878633,3.791947033302247,0.9407804328898708,0.9632220234847756,0.8162155878260102,0.32286350528714564,0.7232204186208624,0.6105009279629
958,test,958:1,0,wrong_branch,6,3,OM1,LCX,37.080078125,-153.9816436767578,175.00469970703125,33.989280700683594,-156.0605926513672,176.2338409423828,-0.9150679134821994,-0.3436713566935703,0.2110467064508111,0.5625602406247197,0.6709757956347007,-0.4830294580464403,3.9224795389691796,0.9693284404356926,0.9502651506047427,0.8473177638302531,0.3133582274018894,0.7879703115363254,0.5300088767717879
958,test,958:2,1,positive_gap,2,2,LAD,LAD,55.158203125,-216.24241638183594,108.46011352539062,57.89350509643555,-215.42935180664062,105.94999694824219,0.9829787379890356,0.16654257842611964,-0.07756526434340845,0.44877684724016953,0.25820261331654065,-0.8555295154801396,3.8004784053132195,0.7943345770099407,0.9432902992254233,0.5504992009387443,0.6604738428823053,0.7197256975888842,0.2139374279981741
958,test,958:2,0,wrong_branch,9,10,RCA,R-PDA,-18.544921875,-171.5872344970703,114.44994354248047,-15.415976524353027,-170.661376953125,111.99562072753906,-0.8470998165988989,-0.5147067377884438,0.13228331260325335,0.6675392874910265,0.00674611711356278,-0.7445440145215478,4.083039514743601,0.8453849365101938,0.9606302463633581,0.6674354285583041,0.6011019011888079,0.7663274723030591,0.22675693943252292
958,test,958:3,1,positive_gap,11,11,R-PLA,R-PLA,5.095703125,-145.1717529296875,116.84549713134766,2.7080178260803223,-147.0215301513672,119.45098876953125,-0.7848285406313047,-0.25857248245474407,0.5631912935475191,-0.13891845758614746,-0.6130115164361118,0.7777650949088577,3.988897533550693,0.9575616397124552,0.8754521068896749,0.705565609790149,0.6531859031897295,0.5985827609851623,0.463731446125446
958,test,958:3,0,wrong_branch,1,3,LM,LCX,23.521484375,-167.2970733642578,188.9499969482422,26.221590042114258,-164.751953125,186.7794189453125,0.9493826437930633,0.3129120858305833,-0.027543097241363012,0.2952523872028433,0.6616912191868556,-0.6891957329395145,4.298792448195715,0.7954831087416878,0.9252015545221066,0.5063412566110747,0.5049273788132573,0.628107939532541,0.5920546920859248
958,test,958:4,1,positive_gap,10,10,R-PDA,R-PDA,-11.244140625,-168.80526733398438,109.63069152832031,-8.115234375,-166.4832000732422,109.89518737792969,0.7863094881611693,0.5544268753208034,-0.27263203911083206,0.7167712910352065,0.6774470234002868,0.16524057260193215,3.905382022179184,0.9411614802112219,0.9882498434179785,0.8941490291094077,0.0677259863714402,0.8011780236172864,0.5945813361035767
958,test,958:4,0,wrong_branch,11,9,R-PLA,RCA,-15.068359375,-168.96194458007812,114.28046417236328,-18.544921875,-171.5872344970703,114.44994354248047,-0.7304885484504899,-0.6133543955364699,-0.3003046221069331,-0.8470998165988989,-0.5147067377884438,0.13228331260325335,4.359742793051262,0.9401762812022338,0.9905788856280331,0.8947690652524118,0.03887370841860458,0.7974237621405301,0.6021662381497558
958,test,958:5,1,positive_gap,4,4,D1,D1,42.990234375,-169.7074432373047,181.9397735595703,46.466796875,-169.3900909423828,180.06466674804688,0.8905080833240032,0.4452540416620016,-0.09351038401302132,0.7651787156508585,-0.21100850906049612,-0.6082572993552723,3.9627294697115047,0.861161829105435,0.9422230378707367,0.6443238136317443,0.47318567312139764,0.8773151249845731,0.08008426952874452
958,test,958:5,0,wrong_branch,2,5,LAD,D2,48.51466369628906,-183.525390625,172.834228515625,52.376953125,-184.60650634765625,170.94894409179688,0.5214898363986865,-0.7133284619346808,-0.4681995898404587,-0.9984452196673488,0.053791762076091584,0.014614706845113274,4.431747758575137,0.827670005539051,0.889489346126352,0.5658928289143916,0.4254042708500783,0.8715047965529321,0.2439479369204538
958,test,958:6,1,positive_gap,11,11,R-PLA,R-PLA,17.611328125,-147.0151824951172,113.43982696533203,13.787109375,-146.79238891601562,113.77842712402344,-0.9960320871056979,-0.04445947298922467,0.07709368792182664,-0.9052700575660769,0.24868702994672032,0.34444286029846916,3.845638580808952,0.9946964990555038,0.9449626979320798,0.9171759009198998,0.08804783693952326,0.9944300977955015,0.0579340919381708
958,test,958:6,0,wrong_branch,2,1,LAD,LM,28.041015625,-167.3033905029297,188.94993591308594,23.521484375,-167.2970733642578,188.9499969482422,-0.9617591182935288,0.27389282123628694,-0.0014563153783851274,0.9493826437930633,0.3129120858305833,-0.027543097241363012,4.519535665275013,0.9621409901811212,0.9489447183349845,0.8273329289944452,1.3504740480078946e-05,0.9999990230688858,0.0013977406396881709
958,test,958:7,1,positive_gap,5,5,D2,D2,69.412109375,-196.5072784423828,148.44081115722656,66.2098159790039,-198.126953125,149.84451293945312,-0.9606314518653402,-0.2629467191695134,0.08970081696995748,-0.40467698678021025,-0.7064258281784611,0.5806884583430817,3.853363175847471,0.9415217121497057,0.8447654027586079,0.6265860243216966,0.36427964823685377,0.8310385629020842,0.42032754471967776
958,test,958:7,0,wrong_branch,4,2,D1,LAD,43.337890625,-169.53944396972656,181.88507080078125,39.165977478027344,-170.9292755126953,183.11953735351562,0.8788006884188331,0.39217020714090967,-0.27186739169242213,-0.7863881874861773,0.4279911588027763,0.4454404411016825,4.5673185452225775,0.9955385915133321,0.70846578777424,0.6443338300017647,0.27028256087494246,0.9134272343093923,0.30429923580051493
958,test,958:8,1,positive_gap,5,5,D2,D2,72.19259643554688,-197.09251403808594,145.94900512695312,69.412109375,-196.5072784423828,148.44081115722656,-0.36632400013570565,0.5077250882543102,0.7797576300888172,-0.9606314518653402,-0.2629467191695134,0.08970081696995748,3.7792467885616654,0.8622624781988093,0.7251853959301338,0.2883426063644843,0.6593393259776476,0.735725189728902,0.15485508844630347
958,test,958:8,0,wrong_branch,4,2,D1,LAD,42.294921875,-170.09246826171875,181.99557495117188,37.775390625,-170.19589233398438,184.12057495117188,0.8226300376888156,0.5515433310595367,-0.13812955895045875,-0.6795256306056071,0.4183955981807742,0.6026525041622278,4.99524616595124,0.8144684360810424,0.8625203992605238,0.4114790177946532,0.42540446044170843,0.9047664719320894,0.02070449960416116
958,test,958:9,1,positive_gap,11,11,R-PLA,R-PLA,25.955078125,-150.3794403076172,106.12162017822266,22.865009307861328,-149.2913360595703,108.62156677246094,-0.8961973121276663,0.24719768293830405,0.36840695336146956,-0.5854951656577508,0.3607908411325621,0.7259651368669581,4.1209500267916415,0.9607701864208021,0.974695748846694,0.8813564579993484,0.6066432686602148,0.7498437974372719,0.2640420876188146
958,test,958:9,0,wrong_branch,9,10,RCA,R-PDA,-19.587890625,-172.17129516601562,114.77947235107422,-15.415976524353027,-170.661376953125,111.99562072753906,-0.8064364485508504,-0.49812953645893576,0.31863336196308345,0.6675392874910265,0.00674611711356278,-0.7445440145215478,5.237800123587687,0.9552763248722891,0.9293601512233058,0.7789250149395969,0.531492526986373,0.7965012032168528,0.28827335470304094
958,test,958:10,1,positive_gap,5,5,D2,D2,77.43923950195312,-197.0840301513672,138.23483276367188,74.63402557373047,-200.04833984375,139.63172912597656,-0.607149868505941,-0.771748237699913,0.1891393528071228,-0.66100627751336,-0.34853629699269933,0.6645247555708873,4.3136616212295955,0.9864227879415025,0.8845630669279271,0.7959999296453963,0.32383076953229045,0.650309220921932,0.6871910577765359
958,test,958:10,0,wrong_branch,6,3,OM1,LCX,37.080078125,-153.9816436767578,175.00469970703125,33.256587982177734,-157.103515625,176.84341430664062,-0.9150679134821994,-0.3436713566935703,0.2110467064508111,0.4771244069885496,0.7129973019489306,-0.5137967960871014,5.267450304682254,0.941576187444996,0.9482562007097185,0.7900731072532496,0.3490710862473511,0.7258711372034308,0.5926723115863372
958,test,958:11,1,positive_gap,6,6,OM1,OM1,65.9736557006836,-145.978515625,138.78964233398438,63.16136932373047,-143.5845184326172,140.0059051513672,-0.6248029101786733,0.7441263691754473,-0.2364260352203767,-0.6184211420966101,0.10552410020537303,0.7787297061778052,3.888376584653408,0.8360828445195936,0.7558274449993753,0.28080261790436384,0.3127945019994056,0.7232546322937492,0.6156803849275835
958,test,958:11,0,wrong_branch,1,3,LM,LCX,23.521484375,-167.2970733642578,188.9499969482422,26.531864166259766,-164.056640625,185.9408721923828,0.9493826437930633,0.3129120858305833,-0.027543097241363012,0.22283631180173996,0.5812782858637102,-0.7825979379770589,5.349544150823023,0.7392879461768449,0.917713698322354,0.4150010988156632,0.5625011535602381,0.5627357596061004,0.6057399748274391
958,test,958:12,1,positive_gap,9,9,RCA,RCA,-19.240234375,-171.97158813476562,114.6204605102539,-22.716796875,-174.25796508789062,115.27947235107422,-0.8265052107034081,-0.45769031967367013,0.32773267758514485,-0.774370458172875,-0.5538427756827635,0.30595518190274845,4.212873484277541,0.9817122091948991,0.9874658608019257,0.9937812067319013,0.1564281109508147,0.8252235707942676,0.5427119902028312
958,test,958:12,0,wrong_branch,6,3,OM1,LCX,38.470703125,-153.47023010253906,174.77947998046875,33.989280700683594,-156.0605926513672,176.2338409423828,-0.8299805462548306,-0.4511634947931038,0.32799968567760246,0.5625602406247197,0.6709757956347007,-0.4830294580464403,5.376643087194544,0.9978717767580739,0.922813688080028,0.9280673511073437,0.270496095487143,0.8334982165711783,0.48178064022838823
958,test,958:13,1,positive_gap,11,11,R-PLA,R-PLA,0.576171875,-158.5011749267578,127.49457550048828,-2.552734375,-160.96588134765625,127.56367492675781,-0.7093587991812677,-0.670472337621515,0.21743260681979362,-0.6905934257640862,-0.5791596904443934,-0.43319138178843986,3.9836675053545605,0.9757488844086828,0.8932290190174439,0.7839991433367667,0.01734568112842067,0.7854335849551571,0.6187028454522261
958,test,958:13,0,wrong_branch,11,9,R-PLA,RCA,-15.068359375,-168.96194458007812,114.28046417236328,-19.587890625,-172.17129516601562,114.77947235107422,-0.7304885484504899,-0.6133543955364699,-0.3003046221069331,-0.8064364485508504,-0.49812953645893576,0.31863336196308345,5.565528103028889,0.9199631290818415,0.9706873460510392,0.798935460098126,0.08966052627411328,0.812057933467332,0.5766479885692963
958,test,958:14,1,positive_gap,11,11,R-PLA,R-PLA,-2.552734375,-160.96588134765625,127.56367492675781,-4.717674732208252,-163.23492431640625,124.9489517211914,-0.6905934257640862,-0.5791596904443934,-0.43319138178843986,-0.2862129720311426,-0.22236599130626655,-0.9320061698033343,4.0831728087395796,0.9654030197355455,0.8721477952789514,0.7301792560758631,0.6403655510170622,0.5302103189398295,0.5557058383356601
958,test,958:14,0,wrong_branch,1,3,LM,LCX,22.130859375,-167.68919372558594,189.23483276367188,26.221590042114258,-164.751953125,186.7794189453125,0.891732046538222,0.3979213359003732,-0.21557496981796553,0.2952523872028433,0.6616912191868556,-0.6891957329395145,5.6027240478172455,0.9541701585561029,0.8645089413277846,0.6751604187051738,0.4382535704780918,0.7301324556057616,0.5242522343627206
958,test,958:15,1,positive_gap,10,10,R-PDA,R-PDA,-9.853515625,-167.7693328857422,109.56681060791016,-6.724609375,-165.21890258789062,109.96016693115234,0.8240852010868889,0.5525609909148702,-0.12473945914889432,0.8117931969487855,0.5805547029092131,0.06283344903525208,4.055795633722548,0.9711255027473736,0.9974380889296749,0.9819408314191943,0.0969862287861757,0.7714654614212361,0.6288359986991481
958,test,958:15,0,wrong_branch,11,9,R-PLA,RCA,-14.025390625,-168.19044494628906,114.61947631835938,-18.544921875,-171.5872344970703,114.44994354248047,-0.7310595542555656,-0.6130773746120564,-0.2994796501775071,-0.8470998165988989,-0.5147067377884438,0.13228331260325335,5.656242863785152,0.9612941078253007,0.9819978275684198,0.8952193096484934,0.02997268327432728,0.7990341572737092,0.6005381368133338
958,test,958:16,1,positive_gap,5,5,D2,D2,76.01685333251953,-198.8222198486328,138.78057861328125,73.58474731445312,-200.05540466308594,141.45005798339844,-0.6576160044535406,-0.663607983034036,0.35660291016768136,-0.4059564210643139,0.27048648440917594,0.8729469891972926,3.8160194676120134,0.8830372250592159,0.7819884656905254,0.39876188601570284,0.6995455323994174,0.6373410929133357,0.32315999038255083
958,test,958:16,0,wrong_branch,2,5,LAD,D2,47.7769660949707,-182.482421875,173.57489013671875,52.376953125,-184.60650634765625,170.94894409179688,0.4156288897599086,-0.7384636506639963,-0.5309652179238759,-0.9984452196673488,0.053791762076091584,0.014614706845113274,5.706768626311914,0.8542019151994521,0.8315512770230626,0.46246584013969705,0.46014587534082885,0.8060580919332118,0.3722044140466532
958,test,958:17,1,positive_gap,11,11,R-PLA,R-PLA,12.048828125,-146.673095703125,113.55961608886719,8.224609375,-145.48764038085938,115.16620635986328,-0.99994837116088,0.010160114462945213,0.00016458068784468486,-0.7638233918439844,0.3407938329437335,0.5481180433989284,4.314056752964518,0.8892627763614775,0.9748654124285547,0.7673366705245477,0.37240823730287803,0.8864553641701832,0.2747889956364176
958,test,958:17,0,wrong_branch,2,5,LAD,D2,48.51466369628906,-183.525390625,172.834228515625,53.767578125,-184.71868896484375,170.6103515625,0.5214898363986865,-0.7133284619346808,-0.4681995898404587,-0.8926909416681855,0.15907326295526833,0.4216616886513787,5.827752536430656,0.794778673903736,0.9981162829945086,0.7764225688019548,0.3816011299764396,0.901361956581672,0.20476132649493275
958,test,958:18,1,positive_gap,11,11,R-PLA,R-PLA,15.873046875,-147.1320037841797,113.44999694824219,12.048828125,-146.673095703125,113.55961608886719,-0.9999999948830756,6.58356738204272e-05,7.680828612383173e-05,-0.99994837116088,0.010160114462945213,0.00016458068784468486,3.853214506188336,0.9924849386067106,0.9936384033905923,0.9999490475833621,0.028448751152823068,0.9924749177234311,0.1190974653286684
958,test,958:18,0,wrong_branch,2,1,LAD,LM,29.431640625,-167.53955078125,188.9398193359375,23.521484375,-167.2970733642578,188.9499969482422,-0.9950084810917402,0.06356367820527685,0.07692711725083833,0.9493826437930633,0.3129120858305833,-0.027543097241363012,5.915137004411435,0.9969086565214621,0.9358035106159697,0.9268727503160569,0.0017206046617512264,0.9991579646578396,0.04099269667149736
958,test,958:19,1,positive_gap,11,11,R-PLA,R-PLA,19.697265625,-147.04690551757812,112.5656509399414,15.873046875,-147.1320037841797,113.44999694824219,-0.8286326367473555,0.1329289100821447,0.5437810756007405,-0.9999999948830756,6.58356738204272e-05,7.680828612383173e-05,3.9260614647796435,0.9267432776382132,0.97407569579299,0.8286831508641139,0.22525016896301103,0.9740598267008131,0.021675225251813212
958,test,958:19,0,wrong_branch,2,1,LAD,LM,28.041015625,-167.3033905029297,188.94993591308594,22.130859375,-167.68919372558594,189.23483276367188,-0.9617591182935288,0.27389282123628694,-0.0014563153783851274,0.891732046538222,0.3979213359003732,-0.21557496981796553,5.929583226627297,0.9407175543414398,0.9250585550872606,0.7483296843690781,0.04804669058469135,0.9967237197143876,0.06506413822202003
958,test,958:20,1,positive_gap,11,11,R-PLA,R-PLA,-6.495519638061523,-163.36843872070312,119.46121215820312,-9.505859375,-164.64114379882812,117.06576538085938,-0.4739864004366144,-0.035811423392944866,-0.8798036338613934,-0.6988742583518787,-0.46150424218895675,-0.5464326174879282,4.052170876303532,0.8834672488205043,0.9871641938002799,0.8285374204149563,0.5911514717584966,0.7428955561924787,0.3140798147401883
958,test,958:20,0,wrong_branch,9,10,RCA,R-PDA,-18.544921875,-171.5872344970703,114.44994354248047,-14.025390625,-170.4252166748047,110.79068756103516,-0.8470998165988989,-0.5147067377884438,0.13228331260325335,0.7561092800815389,0.25601321283308603,-0.6022922807320861,5.9301435460478364,0.8280829899471723,0.9980691058621681,0.8519449761444623,0.6170602706378053,0.7621284737722844,0.1959510445645208
958,test,958:21,1,positive_gap,11,11,R-PLA,R-PLA,21.0871639251709,-147.3275604248047,111.4489517211914,17.611328125,-147.0151824951172,113.43982696533203,-0.6895407860178546,0.27406053527641744,0.6703911749284016,-0.9960320871056979,-0.04445947298922467,0.07709368792182664,4.017785300191825,0.950027420880503,0.8964241426600528,0.7263030893018098,0.49551558766606385,0.8651123792017826,0.07774878604702591
958,test,958:21,0,wrong_branch,4,2,D1,LAD,43.337890625,-169.53944396972656,181.88507080078125,37.775390625,-170.19589233398438,184.12057495117188,0.8788006884188331,0.39217020714090967,-0.27186739169242213,-0.6795256306056071,0.4183955981807742,0.6026525041622278,6.030738720202565,0.9540338704325573,0.8046175789788201,0.5969268679725417,0.3706849615125653,0.922357982673997,0.10885040700880559
958,test,958:22,1,positive_gap,11,11,R-PLA,R-PLA,27.693359375,-150.61734008789062,105.88501739501953,24.216796875,-149.802734375,107.28964233398438,-0.9221370349199102,0.26264959129708376,0.28403957650403483,-0.6770317639793675,0.3733933546865686,0.6341966518666718,3.8370614411346455,0.995238680541972,0.9248535864500375,0.902524623800491,0.3660678778574592,0.9060481708033209,0.21229936642602742
958,test,958:22,0,wrong_branch,4,2,D1,LAD,44.728515625,-169.272216796875,181.00474548339844,39.165977478027344,-170.9292755126953,183.11953735351562,0.9326314565741654,0.009435197978421047,-0.3607070047108298,-0.7863881874861773,0.4279911588027763,0.4454404411016825,6.177379612595927,0.9658226216497127,0.7458051671782507,0.890045666698492,0.3423444895316197,0.900468887427675,0.2682462176100531
958,test,958:23,1,positive_gap,6,6,OM1,OM1,64.54419708251953,-144.27911376953125,138.99578857421875,62.12692642211914,-143.7818145751953,141.9499969482422,-0.743995144555691,0.6226487398181509,0.24244539937978812,-0.3497077617126949,-0.21463957487690433,0.9119398742760175,3.8493961931022267,0.7337032714982205,0.891739500284903,0.3476314429446783,0.7674472114138613,0.6279609941766772,0.12918888298041473
958,test,958:23,0,wrong_branch,4,2,D1,LAD,42.294921875,-170.09246826171875,181.99557495117188,36.732421875,-169.53872680664062,185.11134338378906,0.8226300376888156,0.5515433310595367,-0.13812955895045875,-0.6745897928780872,0.3666956892905157,0.640673772524249,6.399691303083752,0.7345427575684034,0.9299903951010772,0.4411852504132283,0.48686230086064075,0.8691825490582111,0.08652627585510249
959,train,959:0,1,positive_gap,9,9,RCA,RCA,-24.525936126708984,-205.68698120117188,196.2831268310547,-23.4434814453125,-207.18153381347656,199.95001220703125,0.18863853560879787,-0.7072520871098931,0.681329573820239,0.036535301561734866,-0.03704387387376152,0.9986455442989859,4.105051036074303,0.9158413714550665,0.9151726825901887,0.7134980659911936,0.8932618239707045,0.26368848325735933,0.36407649970021844
959,train,959:0,0,wrong_branch,11,9,R-PLA,RCA,21.561996459960938,-150.8177947998047,179.95004272460938,20.811975479125977,-152.43801879882812,176.4579620361328,0.385906357752215,-0.2287731944059067,-0.8937220533072555,-0.5285007677136083,-0.5285007677136083,-0.6643597497231852,3.922025600826068,0.8164596063583515,0.910925758103532,0.5107079621955077,0.890376821543707,0.19123306606590976,0.41310898090062986
959,train,959:1,1,positive_gap,4,4,D1,D1,50.0625,-167.93768310546875,246.95001220703125,46.3125,-167.06298828125,248.2831268310547,-0.8681235727006277,0.3314984402672949,0.3694187957073228,-0.9352813475076077,0.008068019436507683,0.3538130976472261,4.074897009287501,0.9909209870357764,0.9781929490624964,0.9453195291761258,0.32715296140859607,0.9202686574539193,0.21465446175084826
959,train,959:1,0,wrong_branch,2,1,LAD,LM,24.93752098083496,-159.93650817871094,246.6162109375,21.18752098083496,-159.05088806152344,245.28309631347656,0.8061043237473327,-0.4710489625708886,0.35820202972169934,-0.9351224919742536,-0.000608412245806935,-0.3543240816518138,4.077256135289069,0.9608388302504093,0.975784941063228,0.8804392972835802,0.3269636686508836,0.9197361842302146,0.21720983126921248
959,train,959:2,1,positive_gap,6,6,OM1,OM1,82.14976501464844,-135.1558837890625,212.44998168945312,83.8125,-135.73121643066406,208.95135498046875,0.3770103797894302,-0.14842257819122145,-0.9142395264995384,0.573856165372907,-0.29196138834724084,-0.7651455085000856,3.9161312706321696,0.998649753507837,0.9701166506640759,0.9592096602368985,0.8933885171881897,0.4245861209558361,0.14691352302617994
959,train,959:2,0,wrong_branch,10,11,R-PDA,R-PLA,23.7689266204834,-150.0692901611328,175.9493408203125,21.561996459960938,-150.8177947998047,179.95004272460938,-0.49517459694764704,-0.2370896040893111,0.8358173473735209,0.385906357752215,-0.2287731944059067,-0.8937220533072555,4.629947694583779,0.9965845790978098,0.9192212059763193,0.8838396749560308,0.8640922464366043,0.47666416687691293,0.16166589517792893
959,train,959:3,1,positive_gap,10,10,R-PDA,R-PDA,34.6875,-158.03143310546875,165.1248779296875,30.9375,-157.31300354003906,165.78309631347656,-0.9788029977893693,0.2039172912061186,-0.01903759085869623,-0.9355753327397133,0.007442422589136309,-0.35304873192659914,3.8745183547431252,0.9819234836431504,0.8469107352287735,0.9239827763094061,0.16988392453562176,0.9678622364530312,0.1854242255815351
959,train,959:3,0,wrong_branch,4,2,D1,LAD,44.4375,-166.8131866455078,248.44998168945312,39.5625,-166.7245635986328,248.2831268310547,-0.9641839985640636,0.265232988374526,-0.0008238876940855035,0.7404277706322075,-0.6110011078030072,-0.28007920797538177,4.8786596097912565,0.9683069933276165,0.7413924877651377,0.8757355044459546,0.034200963326805396,0.9992498739235851,0.018165449931603635
959,train,959:4,1,positive_gap,10,10,R-PDA,R-PDA,27.1875,-157.6815185546875,165.1168975830078,23.474567413330078,-157.14974975585938,165.49940490722656,-0.9343662678873128,-0.04554731400264489,-0.3533908878585845,-0.8193189438007695,0.5345643078445048,0.20726183707551374,3.77027297442022,0.8778790668486885,0.9032820220209233,0.6679515707211826,0.10145348276209913,0.9847914492824977,0.14104251931782172
959,train,959:4,0,wrong_branch,4,2,D1,LAD,42.937522888183594,-167.06900024414062,248.2831268310547,38.0625,-165.8123321533203,248.4579315185547,-0.8078022279920696,-0.5039456381884959,-0.30576846502188226,0.8490575351484254,-0.5254096270563661,-0.055190812679020575,5.037421912999927,0.6454317789425994,0.95467247452857,0.40421706869287855,0.034701220290658336,0.9677614804514915,0.24946651531754088
959,train,959:5,1,positive_gap,10,10,R-PDA,R-PDA,29.0625,-157.3184814453125,165.45001220703125,25.3125,-157.6815185546875,165.1168975830078,-0.9988123937015185,-0.04868885285052161,-0.0017882383350775884,-0.9343646491888025,0.04558525449126685,0.3533902756433072,3.7822296724976434,0.9951320652173673,0.8909027527161668,0.9304035520601196,0.0880736107713578,0.9914786580169892,0.09598494560359784
959,train,959:5,0,wrong_branch,5,2,D2,LAD,55.3125,-178.47525024414062,241.74168395996094,50.09956741333008,-177.93699645996094,242.609619140625,0.8261180528063987,-0.3596282547179874,-0.4338161836951896,-0.6104427341220711,0.7200137329275621,0.33006043803110885,5.312033016386784,0.9180276740821509,0.7259401422067966,0.90642060462388,0.16339039648033424,0.9813441615646679,0.10132726632520157
959,train,959:6,1,positive_gap,6,6,OM1,OM1,65.0625,-126.10540771484375,225.60891723632812,68.8125,-127.59394836425781,223.9493408203125,0.9022472653935507,-0.15720307578186785,-0.4015433538916814,0.8337119924139461,-0.41685599620697306,-0.36215382385315276,4.362619298718753,0.9819381432444954,0.9966372754945358,0.9631658710978346,0.3804082598963017,0.8595753475673039,0.3412034256235075
959,train,959:6,0,wrong_branch,2,1,LAD,LM,26.0625,-160.34310913085938,247.0260009765625,21.18752098083496,-159.05088806152344,245.28309631347656,0.9287905699945541,-0.20086758949874084,0.3114486933319141,-0.9351224919742536,-0.000608412245806935,-0.3543240816518138,5.33600715834806,0.9989164360096453,0.9699142572660582,0.978764514280746,0.32663087049259354,0.9136005395978989,0.24217004044199741
959,train,959:7,1,positive_gap,2,2,LAD,LAD,75.71327209472656,-206.68685913085938,205.45001220703125,76.35604858398438,-208.14926147460938,201.50013732910156,-0.07716809847946551,-0.4673894006468072,-0.8806771444406185,0.5746952644402991,0.09139609785049799,-0.8132478750833579,4.260668231797467,0.9652180879111473,0.8092557083776265,0.6291431081929998,0.9270552558989874,0.15086283519114593,0.34323309494882914
959,train,959:7,0,wrong_branch,11,9,R-PLA,RCA,21.068336486816406,-150.40573120117188,181.44998168945312,20.811975479125977,-152.43801879882812,176.4579620361328,0.23732809951203748,-0.3413047412459132,-0.9094979091702546,-0.5285007677136083,-0.5285007677136083,-0.6643597497231852,5.39594051718398,0.9586872098883904,0.8387878735934523,0.6591855382907468,0.9251435662462668,0.047509976597039795,0.3766326910358262
959,train,959:8,1,positive_gap,3,3,LCX,LCX,38.4375,-155.77490234375,241.49148559570312,34.6875,-156.91189575195312,242.9005889892578,-0.762159995857639,-0.6344510577496574,0.12877886485997908,-0.9654920785974122,-0.16113141928577823,0.2046013486871469,4.1642317879801904,0.9031508287562247,0.9826794759348372,0.864437767459704,0.3383825553663899,0.9005262413163825,0.2730379734108436
959,train,959:8,0,wrong_branch,2,1,LAD,LM,24.93752098083496,-159.93650817871094,246.6162109375,19.6875,-158.9371795654297,244.77578735351562,0.8061043237473327,-0.4710489625708886,0.35820202972169934,-0.910009596294665,0.02443873427549149,-0.41386626211692185,5.652303684783383,0.9486469732217143,0.9843209670661358,0.8933222457753243,0.3256059275334048,0.928828540293861,0.17680023385359697
959,train,959:9,1,positive_gap,10,10,R-PDA,R-PDA,22.275453567504883,-149.7309112548828,169.6168975830078,24.06178855895996,-149.56314086914062,173.45001220703125,0.6148113847398314,0.3658023826527685,0.6987099384149682,0.2089785762804555,-0.20851934678847223,0.9554306027497249,4.232246132366504,0.9068152133419815,0.945265767289237,0.7197743915865595,0.9056927466267449,0.4220772931408482,0.0396409803435456
959,train,959:9,0,wrong_branch,10,11,R-PDA,R-PLA,24.14342498779297,-149.901123046875,174.95001220703125,21.561996459960938,-150.8177947998047,179.95004272460938,-0.15219112372472496,-0.168678557379227,0.9738508130816899,0.385906357752215,-0.2287731944059067,-0.8937220533072555,5.701259994390433,0.9501017613030567,0.9217466492974176,0.8904943381217076,0.8770044731336125,0.4527821096340007,0.16078406419486507
959,train,959:10,1,positive_gap,2,2,LAD,LAD,71.8125,-206.05650329589844,212.94937133789062,75.02474212646484,-204.72525024414062,210.44931030273438,0.761452378976214,0.27964227077025633,-0.584799516885846,0.38212744232181484,0.08181766199794159,-0.9204805744880109,4.282643966798596,0.9994476669401483,0.8493966638888791,0.8521481220816542,0.5837657892036073,0.7500605120033105,0.310848406283225
959,train,959:10,0,wrong_branch,3,1,LCX,LM,26.4375,-158.4004364013672,242.95071411132812,21.18752098083496,-159.05088806152344,245.28309631347656,-0.987543357034078,-0.15693565189195116,0.01137185750490902,-0.9351224919742536,-0.000608412245806935,-0.3543240816518138,5.781468135410929,0.9190026397901638,0.7062825442420243,0.9195401635676397,0.4034238618151026,0.9080702161116186,0.11250631239707039
959,train,959:11,1,positive_gap,10,10,R-PDA,R-PDA,25.3125,-157.6815185546875,165.1168975830078,21.980066299438477,-155.4375,165.95001220703125,-0.9343646491888025,0.04558525449126685,0.3533902756433072,-0.6167721815934222,0.786964886313074,0.016683636376436353,4.103024935237618,0.855568041750514,0.9347288043010247,0.6180599525600242,0.20304888153822284,0.8121894829207351,0.5469180885096285
959,train,959:11,0,wrong_branch,5,2,D2,LAD,53.8125,-178.568359375,241.94998168945312,48.56199645996094,-176.0684814453125,243.73434448242188,0.9489403549773837,0.31545429771773376,-0.0008881141866096916,-0.6612107343958072,0.6340354613906966,0.40099800301104216,6.082855223020899,0.6897093585982138,0.9489337265515073,0.42779646982654873,0.29334296601630944,0.8631643114187962,0.41097113740708063
959,train,959:12,1,positive_gap,6,6,OM1,OM1,73.9002685546875,-129.56797790527344,219.45001220703125,75.5684814453125,-129.48092651367188,215.66702270507812,0.31994171460939114,0.1927138029246294,-0.9276306858955939,0.7318150826588168,-0.384169852929194,-0.562903374384477,4.135398622275093,0.9817007777317045,0.8020601380918603,0.6822697822691113,0.9147823093948583,0.40339832818999954,0.021050302414056303
959,train,959:12,0,wrong_branch,10,11,R-PDA,R-PLA,23.7689266204834,-150.0692901611328,175.9493408203125,21.068336486816406,-150.40573120117188,181.44998168945312,-0.49517459694764704,-0.2370896040893111,0.8358173473735209,0.23732809951203748,-0.3413047412459132,-0.9094979091702546,6.137053822050301,0.9800405110398266,0.9009075904766675,0.7967731699288716,0.896299923161329,0.4400466758110921,0.05482126274177964
959,train,959:13,1,positive_gap,4,4,D1,D1,65.4375,-172.0310516357422,240.3239288330078,61.6875,-171.8123321533203,241.95001220703125,-0.8242013044494773,-0.13703151570558936,0.5494675362996515,-0.9618406766915137,0.272846365460404,0.02042972140433635,4.093224322128747,0.9660510012754281,0.9038839537176275,0.7665872580752422,0.39726221825481745,0.9161481768118079,0.05343452134773948
959,train,959:13,0,wrong_branch,4,2,D1,LAD,45.9375,-167.06201171875,248.4005889892578,39.5625,-166.7245635986328,248.2831268310547,-0.9782484805354635,0.008438666905660737,0.20726480461214838,0.7404277706322075,-0.6110011078030072,-0.28007920797538177,6.385005371366602,0.9733485788905011,0.7664064820847573,0.7875289387118998,0.018396563725675334,0.9984329893579306,0.052850091815187066
959,train,959:14,1,positive_gap,9,9,RCA,RCA,-10.3125,-199.78158569335938,213.49876403808594,-6.5625,-198.18701171875,212.6168975830078,0.8747558917751065,0.4437670524375871,-0.19460969394044575,0.9307384064170092,0.09876976578513835,-0.3520945216658095,4.169275069492729,0.9976731394189182,0.9493892832114057,0.9265206796465649,0.21151553696489994,0.8994369374761014,0.38245832861380025
959,train,959:14,0,wrong_branch,5,2,D2,LAD,55.3125,-178.47525024414062,241.74168395996094,49.27543258666992,-176.81251525878906,243.15834045410156,0.8261180528063987,-0.3596282547179874,-0.4338161836951896,-0.5755770724327218,0.683863458913866,0.44837685405486793,6.420107959138599,0.9656948777740912,0.8172880116187813,0.9159443681960652,0.22065929469676723,0.940337366871956,0.2589886332027749
959,train,959:15,1,positive_gap,3,3,LCX,LCX,30.9375,-157.81263732910156,242.95001220703125,26.8125,-158.3123321533203,242.95004272460938,-0.9618665810500452,-0.2735190674506934,0.0,-0.962035934170862,-0.27292132702796423,0.0009003428745902436,4.1551558235862025,0.9877790108047768,0.9878752578099839,0.9999994017043078,7.344508706934871e-06,0.9927425528989726,0.12025898556735158
959,train,959:15,0,wrong_branch,4,2,D1,LAD,44.4375,-166.8131866455078,248.44998168945312,38.0625,-165.8123321533203,248.4579315185547,-0.9641839985640636,0.265232988374526,-0.0008238876940855035,0.8490575351484254,-0.5254096270563661,-0.055190812679020575,6.453092120395822,0.9936517175547755,0.920340050749751,0.9579581837238691,0.0012319410529467029,0.9878984959552953,0.15509688588268739
959,train,959:16,1,positive_gap,2,2,LAD,LAD,67.31298065185547,-204.10537719726562,217.45001220703125,68.4435043334961,-206.1440887451172,214.4586639404297,0.006058953834222558,-0.356423305433878,-0.9343049375990813,0.8020032239155845,-0.42186212409596024,-0.42287489530859296,3.7924389279451503,0.9303579100700419,0.7994077067702867,0.5503148958897541,0.7887663647156894,0.29809937697617045,0.537572677262912
959,train,959:16,0,wrong_branch,11,9,R-PLA,RCA,21.068336486816406,-150.40573120117188,181.44998168945312,20.0625,-153.1875,175.66635131835938,0.23732809951203748,-0.3413047412459132,-0.9094979091702546,-0.6261004119574349,-0.626105188858125,-0.4647478527456173,6.4961777190731835,0.9191431648562121,0.778821721439831,0.4877886489658885,0.8903128302836681,0.1548351246400183,0.4282162402455028
960,train,960:0,1,positive_gap,11,11,R-PLA,R-PLA,69.3593978881836,-145.46200561523438,59.78730010986328,73.01529693603516,-146.64500427246094,59.95000076293945,0.9404816257784193,0.0,0.3398445403021524,0.7653007894084235,-0.6436728219606944,0.0,3.8459790916739554,0.9083769634681405,0.925466942630166,0.7197513306323419,0.042304091935496384,0.950576943012017,0.3075936267536141
960,train,960:0,0,wrong_branch,2,4,LAD,D1,60.020137786865234,-171.39060974121094,133.82542419433594,63.671875,-170.07550048828125,132.94998168945312,0.8322289739035785,-0.2519626875678449,-0.4938721890013503,-0.8786848140284998,-0.4774021507184784,0.0004290513625537656,3.978831059531183,0.7891965532812653,0.9643379103495622,0.6111913287535164,0.22002505051972826,0.917791471539644,0.330526537380716
960,train,960:1,1,positive_gap,10,10,R-PDA,R-PDA,40.92190170288086,-165.26600646972656,53.49369812011719,43.491600036621094,-168.14100646972656,53.45000076293945,0.9611270974574574,-0.2046329984952523,-0.1853646095128335,0.3442493658716491,-0.9042905088192147,0.2524897022780401,3.856278515026068,0.7951257937219125,0.9007179041888078,0.4691124170834812,0.011331483710905924,0.6663674119302723,0.7455374368831255
960,train,960:1,0,wrong_branch,1,2,LM,LAD,46.203125,-160.4173583984375,138.4440460205078,49.17910385131836,-163.265625,138.4503936767578,-0.9973323177157468,0.04950395214255607,-0.053643329147287394,0.5265731220546858,-0.850106922057951,-0.006242451340444698,4.119358329862845,0.7548216492029322,0.9681998225096652,0.5669171787792876,0.0015409332574890001,0.7224374800668155,0.6914345326344392
960,train,960:2,1,positive_gap,9,9,RCA,RCA,8.015649795532227,-166.24200439453125,62.612701416015625,5.3396100997924805,-169.35899353027344,63.07500076293945,-0.7832562903566652,-0.5533374962830269,0.28342053352561924,-0.46459211748092794,-0.8644755295905332,0.19192765072744158,4.1340694734941135,0.9559096774101646,0.9739932615936642,0.8966376607761192,0.1118267000319888,0.6473136731004084,0.7539759928387729
960,train,960:2,0,wrong_branch,9,11,RCA,R-PLA,8.832639694213867,-165.66799926757812,62.45000076293945,11.402700424194336,-162.45799255371094,61.94960021972656,-0.7756882897111119,-0.6260596476066308,0.07973076472548936,0.5671455972558903,0.82359643433773,-0.005897869058946456,4.142433579734009,0.9760250645780734,0.9907944036544599,0.9560189334144862,0.12079868839925298,0.6204229181981225,0.7749084329490459
960,train,960:3,1,positive_gap,11,11,R-PLA,R-PLA,28.734399795532227,-157.20700073242188,63.49409866333008,31.811500549316406,-155.9530029296875,65.06939697265625,0.9692176756899765,0.1514948676901982,0.19407834035164467,0.4013319236716632,0.7971361344911739,0.45111713570919837,3.67731210282289,0.9458228879779995,0.800908300633423,0.5972920924696818,0.4283830866890231,0.8367798728375658,0.34100934804302935
960,train,960:3,0,wrong_branch,10,9,R-PDA,RCA,13.296899795532227,-166.0780029296875,60.11869812011719,8.832639694213867,-165.66799926757812,62.45000076293945,0.9070296207063014,-0.18754499932347468,-0.3769935548389928,-0.7756882897111119,-0.6260596476066308,0.07973076472548936,5.05298854813626,0.990502215868891,0.6712985879157533,0.6162158834400427,0.46137105212362717,0.8834890597495918,0.08114082551416041
960,train,960:4,1,positive_gap,4,4,D1,D1,91.29170227050781,-178.02801513671875,116.56941223144531,87.640625,-178.02316284179688,118.11234283447266,-0.7398602545658517,0.5113213213184389,0.437215404667904,-0.8132163519038003,-0.4985623461519599,0.30019119240198877,3.9637133632167587,0.8523222440796686,0.86531755203246,0.47798911320639403,0.38926392037974605,0.9211254538205997,0.00122417906574786
960,train,960:4,0,wrong_branch,2,4,LAD,D1,58.796875,-170.9795379638672,134.61233520507812,63.671875,-170.07550048828125,132.94998168945312,0.7676513955154007,-0.27425620598201805,-0.5792191886010051,-0.8786848140284998,-0.4774021507184784,0.0004290513625537656,5.229371660933519,0.8523451780649453,0.901808370943525,0.5438416359055493,0.31788781203748784,0.9322343707981432,0.1728768835345227
960,train,960:5,1,positive_gap,3,3,LCX,LCX,49.590206146240234,-146.60939025878906,133.0630645751953,52.703125,-144.07969665527344,133.4877471923828,0.492706004819486,0.743599368224078,0.4519964296225942,0.8875306480988399,0.44376532404941993,-0.12394226824036533,4.033604943856315,0.8941845951778334,0.9502083411633222,0.7112538316585594,0.10528612075268916,0.7717460924132221,0.6271545277057101
960,train,960:5,0,wrong_branch,1,2,LM,LAD,44.984375,-160.15269470214844,138.11868286132812,49.17910385131836,-163.265625,138.4503936767578,-0.9294861772215418,0.23259846964162117,-0.28627503955891836,0.5265731220546858,-0.850106922057951,-0.006242451340444698,5.23413003663817,0.9013849105120204,0.9271998095010601,0.68538894934422,0.0633745843354595,0.8014185398444155,0.5947369049032963
960,train,960:6,1,positive_gap,10,10,R-PDA,R-PDA,43.491600036621094,-168.14100646972656,53.45000076293945,45.79690170288086,-171.0760040283203,53.33100128173828,0.3442493658716491,-0.9042905088192147,0.2524897022780401,0.8844870310949137,-0.44214173720483885,0.14897441406628387,3.7340041936154105,0.9152756000276082,0.888849153813394,0.7419231815379383,0.031869134320910306,0.6173805777190843,0.7860188169076396
960,train,960:6,0,wrong_branch,1,2,LM,LAD,46.203125,-160.4173583984375,138.4440460205078,49.991912841796875,-164.48435974121094,138.44403076171875,-0.9973323177157468,0.04950395214255607,-0.053643329147287394,0.5733300416822832,-0.8181623670506686,-0.0436234391885659,5.558364258709715,0.7160402225637041,0.9894446902589317,0.6099627434434449,2.7451941528643327e-06,0.6816371985445195,0.7316903235336949
960,train,960:7,1,positive_gap,2,2,LAD,LAD,49.73200988769531,-164.078125,138.44960021972656,52.703125,-166.921875,137.90591430664062,0.5524227009737966,-0.8335416577050001,-0.006120810339787313,0.7303869344367344,-0.6671117892940689,-0.14661782493603995,4.148497733536007,0.9678258445806571,0.9996092855594458,0.9604452096991046,0.13105609500297888,0.7161906075750059,0.6854891053721526
960,train,960:7,0,wrong_branch,9,11,RCA,R-PLA,8.832639694213867,-165.66799926757812,62.45000076293945,12.484700202941895,-161.50900268554688,61.83100128173828,-0.7756882897111119,-0.6260596476066308,0.07973076472548936,0.8097515554345378,0.5705161225210049,-0.13716330564310644,5.5693768849383645,0.9850282930784215,0.972270400790985,0.9962280569965318,0.1111433996997354,0.6557395170372716,0.7467615620122066
960,train,960:8,1,positive_gap,2,2,LAD,LAD,79.109375,-198.9804229736328,114.40628814697266,76.13340759277344,-196.17185974121094,115.11312103271484,-0.7586150365487582,0.6348813452847489,0.14638614596864652,-0.5379996649168113,0.7612847938888786,0.3619417399844433,4.152592222666876,0.9979762872176722,0.962054076041082,0.9444434059345891,0.17021485564702174,0.7166529357210368,0.6763397612439201
960,train,960:8,0,wrong_branch,9,11,RCA,R-PLA,7.609690189361572,-166.55099487304688,62.78730010986328,11.402700424194336,-162.45799255371094,61.94960021972656,-0.7349323918936449,-0.6233002059717221,0.26715394921485786,0.5671455972558903,0.82359643433773,-0.005897869058946456,5.642812750177923,0.9857796728730772,0.9794958755385805,0.9317371365145539,0.14845431298607337,0.6721843170700936,0.7253478895267049
960,train,960:9,1,positive_gap,4,4,D1,D1,89.671875,-177.4895477294922,117.33058166503906,86.015625,-179.00750732421875,118.66240692138672,-0.8714353545506934,0.032911217285183376,0.48940502103668143,-0.7814011315778067,-0.39070056578890333,0.48658538763628517,4.176855744117569,0.9069093635705848,0.9811476669336667,0.9062194728009743,0.3188583321852373,0.8753594148299809,0.3634215993368612
960,train,960:9,0,wrong_branch,2,4,LAD,D1,60.020137786865234,-171.39060974121094,133.82542419433594,65.296875,-169.39036560058594,132.786865234375,0.8322289739035785,-0.2519626875678449,-0.4938721890013503,-0.921222238584972,-0.1898048598917467,0.3395934367710415,5.737903532815888,0.766897189675415,0.9748144947509734,0.8865598497315721,0.18099972472894862,0.9196280807016629,0.3486019116887063
960,train,960:10,1,positive_gap,10,10,R-PDA,R-PDA,45.79690170288086,-171.0760040283203,53.33100128173828,49.45309829711914,-171.0760040283203,54.33060073852539,0.8844870310949137,-0.44214173720483885,0.14897441406628387,0.7991957100043954,0.39935771206048964,0.44922114256608797,3.79037895331439,0.8924630639253145,0.8893722460617124,0.5972279847289741,0.2637201897485838,0.9645992232626828,0.0
960,train,960:10,0,wrong_branch,10,9,R-PDA,RCA,14.515600204467773,-166.35299682617188,59.906700134277344,8.832639694213867,-165.66799926757812,62.45000076293945,0.9645593301987011,-0.17926080099996894,-0.19362557618115075,-0.7756882897111119,-0.6260596476066308,0.07973076472548936,6.263676229191434,0.9733571182312407,0.6676807260741743,0.6514073385223398,0.4060396060717875,0.907288356280112,0.10936030751419842
960,train,960:11,1,positive_gap,6,6,OM1,OM1,66.515625,-153.24644470214844,130.95596313476562,69.765625,-153.9525604248047,128.90589904785156,0.7683283292940325,0.20170638737983174,-0.6074422702565389,0.6107347866767024,-0.4805430318020171,-0.6293499939854519,3.906899304338051,0.9214300962007852,0.9251364281704053,0.7546100284961836,0.5247291847623922,0.8318617263545394,0.18073558278612653
960,train,960:11,0,wrong_branch,10,9,R-PDA,RCA,13.296899795532227,-166.0780029296875,60.11869812011719,7.609690189361572,-166.55099487304688,62.78730010986328,0.9070296207063014,-0.18754499932347468,-0.3769935548389928,-0.7349323918936449,-0.6233002059717221,0.26715394921485786,6.299961195331242,0.9644195988591628,0.8234111186383147,0.6504239289605643,0.423590226511829,0.9027372439032347,0.0750785486916806
960,train,960:12,1,positive_gap,10,10,R-PDA,R-PDA,44.30889892578125,-169.76499938964844,53.482200622558594,47.82809829711914,-171.38999938964844,53.61309814453125,0.548004191876976,-0.822278030564546,-0.1534608944850581,0.9382727085309788,0.004616651322774873,0.34586559666509886,3.8784692053029874,0.8365801002022125,0.8610973660894042,0.4573043626054116,0.03374979019910266,0.9073681354814237,0.41897973504034935
960,train,960:12,0,wrong_branch,1,2,LM,LAD,43.359375,-160.3815460205078,138.4003448486328,49.17910385131836,-163.265625,138.4503936767578,-0.9842637508593426,-0.1116649887120885,0.1369518128402357,0.5265731220546858,-0.850106922057951,-0.006242451340444698,6.495356829921871,0.8312465912386019,0.8492182973218902,0.42421457138723084,0.00770532388527791,0.8959829311468884,0.44402163807325096
961,val,961:0,1,positive_gap,2,2,LAD,LAD,79.7080078125,-180.6298828125,167.001953125,76.17823791503906,-179.1935272216797,168.001953125,-0.9731202365625965,0.0,0.23029764478247752,-0.6278155094943806,0.7551742161222152,0.1885725042059661,3.939846813304061,0.9302869720808947,0.8856475044578166,0.6543677807062065,0.2538169749704997,0.8959155177154662,0.3645714310439766
961,val,961:0,0,wrong_branch,4,2,D1,LAD,60.41393280029297,-148.58352661132812,188.93972778320312,57.1904296875,-149.297119140625,189.28073120117188,-0.7987153820092798,-0.5995101916810713,0.05139327399860253,0.8997868090866176,-0.2592495378468913,-0.3509606463977067,3.3191067995954335,0.9098811754492877,0.854189394221744,0.5812878414817537,0.1027395135372911,0.9711959594629139,0.2149953503707247
961,val,961:1,1,positive_gap,3,3,LCX,LCX,41.4638671875,-145.8707275390625,182.9065399169922,44.3232421875,-144.72955322265625,181.28077697753906,0.6371121024887766,0.3191000335723329,-0.7016148070248137,0.8594385389396192,0.38506691710089236,-0.33628688219992653,3.481581443302675,0.9554711230905033,0.9890931332090205,0.9063774166378703,0.4669610537419755,0.8212862592947298,0.3277747009484623
961,val,961:1,0,wrong_branch,1,2,LM,LAD,37.174835205078125,-148.01461791992188,185.45838928222656,40.39227294921875,-147.00045776367188,187.4389190673828,-0.8962523528902995,-0.44017678780401737,-0.05455378462709161,0.8613122308504887,0.17704093537643364,0.4762328718057922,3.9118952810417613,0.8788812216855681,0.995415125211946,0.875862729237595,0.5062839475163106,0.8224754276356299,0.2592503335058404
961,val,961:2,1,positive_gap,11,11,R-PLA,R-PLA,17.279541015625,-151.3212890625,119.28076934814453,16.801118850708008,-155.2529296875,118.45004272460938,-0.2436398731890691,-0.9039302912706978,-0.35149628833842,-0.31261667814125454,-0.9498786267936694,-0.0011861317381196563,4.046824989431143,0.9791599849423416,0.9600438633316598,0.9352068725119648,0.20527861365507935,0.11822160982164029,0.9715371026095857
961,val,961:2,0,wrong_branch,11,9,R-PLA,RCA,1.9116789102554321,-178.1285400390625,120.44910430908203,2.383913993835449,-182.0595703125,119.78076934814453,0.273138194928089,-0.9618948749850019,-0.012400643088673896,0.2507268185569229,-0.9022615730895235,-0.35079925339479007,4.015305294103707,0.9758936887836666,0.9712016093850295,0.940713990028541,0.16644686069547923,0.1176087617231678,0.9790115534203685
961,val,961:3,1,positive_gap,2,2,LAD,LAD,83.2822265625,-179.5703887939453,166.39620971679688,79.7080078125,-180.6298828125,167.001953125,-0.8524846848091123,-0.48177904104777275,0.20287636080380791,-0.9731202365625965,0.0,0.23029764478247752,3.776836285144785,0.974439847843116,0.9578508578746818,0.8762920462225909,0.16038381398358753,0.9463525766415323,0.280524210890987
961,val,961:3,0,wrong_branch,2,5,LAD,D2,62.9091796875,-152.39419555664062,187.1192169189453,66.84078979492188,-153.46585083007812,186.4499969482422,-0.7851508462177684,0.5267412542144906,0.3257020107277013,0.9999995988147964,0.0008957512188666919,0.0,4.129631754897298,0.9369741820551329,0.9518157615238603,0.7846787021063762,0.16205318304943345,0.9520485943472827,0.2595038340081128
961,val,961:4,1,positive_gap,6,6,OM1,OM1,67.1982421875,-117.09862518310547,159.95933532714844,63.6240234375,-116.05745697021484,161.46022033691406,-0.8958482877973553,0.43955807435651273,0.06515016898321357,-0.737797001587951,0.21810430914855564,0.6388161666541167,4.013941545778237,0.9360860170230069,0.9524106705284076,0.7984426719595097,0.3739180036999339,0.8904511212325137,0.2593879858528831
961,val,961:4,0,wrong_branch,1,3,LM,LCX,37.174835205078125,-148.01461791992188,185.45838928222656,40.749053955078125,-146.23416137695312,183.6192169189453,-0.8962523528902995,-0.44017678780401737,-0.05455378462709161,0.657659320225975,0.357185281602946,-0.6632517569717646,4.396318932483099,0.8840995962835898,0.9568017041225904,0.7104704895562454,0.41834370788983255,0.8130026062465933,0.4049880298295658
961,val,961:5,1,positive_gap,5,5,D2,D2,80.0654296875,-158.58401489257812,173.95004272460938,83.9970703125,-158.11900329589844,172.9934539794922,0.940591932195768,0.31027808487349295,-0.13789244771005238,0.9572127958391086,-0.05059039622817693,-0.2849285441849464,4.072971374375452,0.9757639713231162,0.9851409852123894,0.9239390362862745,0.23486262416068918,0.9653003332494268,0.11417011167945962
961,val,961:5,0,wrong_branch,10,11,R-PDA,R-PLA,14.2998046875,-163.79200744628906,118.27992248535156,10.0107421875,-164.78903198242188,119.4935073852539,-0.9009330133751613,-0.23764600483276288,0.36310340372651145,-0.806631762185465,-0.5405331951895747,0.23910053352454236,4.5675927318258225,0.9943429668392849,0.9389601808974051,0.941994956061744,0.26569463854480574,0.9390203443741613,0.21828227573483064
961,val,961:6,1,positive_gap,5,5,D2,D2,81.8525390625,-158.1189727783203,173.45928955078125,85.7841796875,-158.6995086669922,171.9490509033203,0.9959408790553894,0.05178688484842316,-0.07361986134240124,0.7093626098447158,-0.2339809385501547,-0.6648741295534684,4.251545682980612,0.9400818744098134,0.9241137426069422,0.7433140185242247,0.35522107959620025,0.9247555873005845,0.13654701888675963
961,val,961:6,0,wrong_branch,4,2,D1,LAD,60.41393280029297,-148.58352661132812,188.93972778320312,55.7607421875,-148.94033813476562,189.449951171875,-0.7987153820092798,-0.5995101916810713,0.05139327399860253,0.9632480654814274,-0.2686106712655688,-0.0012131069813738945,4.694659226034431,0.8428107180051267,0.934455988730802,0.608388557112179,0.10868166657175236,0.9911668533870369,0.07600371108062257
961,val,961:7,1,positive_gap,5,5,D2,D2,67.9130859375,-153.46514892578125,186.449951171875,71.48727416992188,-153.23001098632812,184.77139282226562,0.9999478096322311,0.010138644330074064,-0.0012593263483670944,0.7139793194401451,-0.2065393322484204,-0.6690104899373133,3.9557135265836196,0.9046407185122181,0.9167257356290529,0.7126905303043584,0.4243376923856956,0.9035508280370212,0.059442610763627154
961,val,961:7,0,wrong_branch,10,11,R-PDA,R-PLA,17.8740234375,-161.24591064453125,117.2279281616211,13.227570533752441,-160.9716796875,118.78076934814453,-0.7689765053505311,-0.43227024138503745,0.47097512952575965,-0.6406361964841186,-0.7156602250379205,0.2782367805539638,4.906734449213847,0.8530766962200157,0.6547098263984219,0.9330354055604593,0.3164714134412211,0.946954222169494,0.055888689284007836
961,val,961:8,1,positive_gap,3,3,LCX,LCX,42.5361328125,-145.33502197265625,181.84384155273438,46.1103515625,-143.9297637939453,180.56637573242188,0.7606499706370173,0.3732458488089941,-0.5311300768331222,0.8164200049992751,0.2852451042056894,-0.5020892410355643,4.0474324137349385,0.9689443299738364,0.9784742880686766,0.994151101036338,0.31562375593411446,0.8830829979695052,0.34719744150444665
961,val,961:8,0,wrong_branch,1,2,LM,LAD,36.1025390625,-148.46194458007812,185.39710998535156,40.39227294921875,-147.00045776367188,187.4389190673828,-0.9261730498969075,-0.31429941827316077,-0.2083731204301871,0.8613122308504887,0.17704093537643364,0.4762328718057922,4.970587979390137,0.9773166722340915,0.9910135138903277,0.9526021683092579,0.4107781796635191,0.8630234299253016,0.29402694861575834
961,val,961:9,1,positive_gap,6,6,OM1,OM1,68.9853515625,-117.83792877197266,159.9499969482422,65.4111328125,-116.49871826171875,160.60992431640625,-0.9491563238185097,0.31480513489352807,0.0,-0.8968984247486568,0.1525845381925972,0.4150797205211669,3.8735034006539917,0.9846596943636454,0.9510709221919603,0.8993312078014345,0.1703696369680848,0.9227354103772153,0.3457362422936811
961,val,961:9,0,wrong_branch,4,2,D1,LAD,61.8369140625,-147.78488159179688,188.32334899902344,57.1904296875,-149.297119140625,189.28073120117188,-0.8008220422756568,-0.2119662167908586,0.560137821919585,0.8997868090866176,-0.2592495378468913,-0.3509606463977067,4.979283094200954,0.9193725830714652,0.8283927348744707,0.8622032983759585,0.19227310117463256,0.9331633263454043,0.3037058789827253
961,val,961:10,1,positive_gap,11,11,R-PLA,R-PLA,3.308985948562622,-172.7666015625,120.94999694824219,1.9110397100448608,-176.6982421875,120.45004272460938,-0.4472453352888162,-0.894411320401522,0.0,-0.26702077231349114,-0.9636900222757259,-0.0012033782936972754,4.202618935338372,0.9855113872175663,0.9905169190586036,0.9813590601238301,0.11896254010299863,0.3326369247430248,0.9355215606012219
961,val,961:10,0,wrong_branch,3,6,LCX,OM1,59.455291748046875,-129.1611328125,174.78082275390625,61.23633575439453,-124.5146484375,174.4499969482422,0.2584923634125961,0.8999758646789144,-0.35103438727966624,-0.32981090897384213,-0.944047013830269,0.0,4.9871214656712874,0.9541057570767312,0.997350370533672,0.9348731289093485,0.06633602328342969,0.3571286600110752,0.9316966524645423
961,val,961:11,1,positive_gap,2,2,LAD,LAD,86.14157104492188,-191.2633056640625,142.39620971679688,82.97056579589844,-192.86410522460938,145.0028839111328,-0.62017329410848,-0.3098216383822852,0.7206910833809124,-0.5229981252622901,-0.29730607862233743,0.7988003859452865,4.405971388672215,0.9852860083909221,0.9570124771469666,0.9921496420882584,0.5916230416379271,0.7197062734397494,0.36332500130675893
961,val,961:11,0,wrong_branch,1,2,LM,LAD,37.174835205078125,-148.01461791992188,185.45838928222656,41.4638671875,-146.67544555664062,187.949951171875,-0.8962523528902995,-0.44017678780401737,-0.05455378462709161,0.8778305962652085,0.27259817952668747,0.3938320413315863,5.13780679033014,0.8893778828673581,0.9948518043841529,0.928234156729119,0.48494659128439843,0.8347982237273416,0.2606505884576478
961,val,961:12,1,positive_gap,6,6,OM1,OM1,83.6396484375,-128.84149169921875,128.6201171875,80.94636535644531,-127.44957733154297,130.95089721679688,-0.7324145304485098,0.6139568610238095,0.29432283022164546,-0.3393778632123006,0.00127498514184949,0.9406492653345033,3.8240992281329262,0.9186939471049665,0.8128088901457995,0.5262026182239602,0.6094977902638924,0.7042921536242805,0.36398489804757705
961,val,961:12,0,wrong_branch,6,3,OM1,LCX,61.48619842529297,-115.78448486328125,163.95004272460938,58.383663177490234,-119.1527099609375,166.39715576171875,-0.5605358269553382,-0.03964912735220849,0.8271804720855681,0.17802343092627027,-0.6338934175782085,0.752653169256769,5.1922083441181845,0.7505156198769151,0.6595650453302504,0.5479248136321148,0.47130486200183075,0.5975367400881236,0.6487076161864399
961,val,961:13,1,positive_gap,6,6,OM1,OM1,71.1298828125,-117.28237915039062,145.6201171875,69.03717803955078,-116.10264587402344,148.9499969482422,-0.6596636110302971,0.36355708298638545,0.6577766852761653,-0.11928506369038104,-0.11334752566428107,0.9863688012128966,4.106005734420369,0.9741094158398337,0.8281522973987656,0.6862901205833892,0.8109778641632257,0.5096692280301063,0.28731895488541653
961,val,961:13,0,wrong_branch,6,3,OM1,LCX,60.4145393371582,-116.18025970458984,168.4499969482422,58.1350212097168,-117.60936737060547,163.9499969482422,0.04249985671732716,-0.23603048693117196,0.9708158277541836,0.20863572800525282,-0.42205042676151716,0.8822383863050505,5.242952566483756,0.787387905585525,0.7328897435819459,0.9649747455616211,0.8582950051402,0.43477756064655576,0.27257688256639556
961,val,961:14,1,positive_gap,9,9,RCA,RCA,-0.7950757145881653,-192.30984497070312,160.4499969482422,1.0301388502120972,-191.59567260742188,163.9499969482422,0.3074820551723211,-0.14507662630511625,0.9404294541574776,0.4749040273972541,0.2127168356476242,0.8539424527413598,4.0114150087012606,0.9346113752550951,0.9990282254052245,0.9182368601931173,0.8725100724826682,0.4550051692086568,0.1780350229861834
961,val,961:14,0,wrong_branch,6,3,OM1,LCX,60.41393280029297,-115.90545654296875,166.9499969482422,57.63768768310547,-116.92562866210938,162.4499969482422,-0.037328426262951825,-0.14903476901793286,0.9881271305942889,0.3108088032657736,-0.3437701466553846,0.8861263871937416,5.385005859177807,0.7782532127151117,0.8356064159405863,0.9152372252290991,0.8356536868628531,0.5155509928472729,0.18944679835434514
961,val,961:15,1,positive_gap,6,6,OM1,OM1,72.91696166992188,-119.23712158203125,159.5561065673828,68.9853515625,-117.83792877197266,159.9499969482422,-0.7689576762868979,0.3447856122245287,0.5383558058407203,-0.9491563238185097,0.31480513489352807,0.0,4.191711844656674,0.8869208173374278,0.9953417200848927,0.838401322362186,0.0939688593722112,0.9379485644829426,0.33379985598060496
961,val,961:15,0,wrong_branch,2,5,LAD,D2,61.8369140625,-151.76853942871094,187.61077880859375,66.84078979492188,-153.46585083007812,186.4499969482422,-0.8207317671968332,0.4180392210734894,0.38941311734228157,0.9999995988147964,0.0008957512188666919,0.0,5.409903221505246,0.9738448131016,0.9246659600673133,0.8203569787895814,0.21456610457230835,0.924947365514905,0.3137415461740791
961,val,961:16,1,positive_gap,6,6,OM1,OM1,62.161956787109375,-120.5830078125,173.9934539794922,61.23633575439453,-124.5146484375,174.4499969482422,0.10290109111494737,-0.9533689936820042,0.28372332884892637,-0.32981090897384213,-0.944047013830269,0.0,4.064849785990812,0.9305605230094735,0.9882120415603204,0.8660872491688437,0.11231484379163033,0.22771346579765986,0.9672290077114518
961,val,961:16,0,wrong_branch,11,9,R-PLA,RCA,1.9110397100448608,-176.6982421875,120.45004272460938,2.383913993835449,-182.0595703125,119.78076934814453,-0.26702077231349114,-0.9636900222757259,-0.0012033782936972754,0.2507268185569229,-0.9022615730895235,-0.35079925339479007,5.423594398978516,0.929493649773483,0.9570522483064542,0.8029733509453807,0.12340033697779747,0.08718835683576373,0.9885193712143661
961,val,961:17,1,positive_gap,9,9,RCA,RCA,6.4365234375,-188.2249755859375,173.32339477539062,9.6533203125,-186.0223388671875,174.449951171875,0.7576918649757746,0.37952521566601616,0.5309083239347416,0.7857239653940578,0.6185764876123556,0.0009895345363355834,4.0581424277932125,0.9539820832668977,0.9588447219778852,0.830627383684752,0.2776039571132026,0.79267717489878,0.5427696927699448
961,val,961:17,0,wrong_branch,1,3,LM,LCX,37.174835205078125,-148.01461791992188,185.45838928222656,41.4638671875,-145.8707275390625,182.9065399169922,-0.8962523528902995,-0.44017678780401737,-0.05455378462709161,0.6371121024887766,0.3191000335723329,-0.7016148070248137,5.431758140254972,0.8558062834196772,0.9586444834178343,0.6731979056028651,0.46980172889557054,0.7896213107567679,0.3946954789777769
961,val,961:18,1,positive_gap,10,10,R-PDA,R-PDA,32.8857421875,-152.07330322265625,114.3878173828125,29.3115234375,-153.19830322265625,115.90559387207031,-0.6693078091222071,0.10019329886812754,0.7361985870062188,-0.8844085236617198,-0.4504729378333325,-0.12204792318718022,4.042809684389723,0.8402374169525145,0.861433108777047,0.4569556530512472,0.3754261535284035,0.8840927545516013,0.2782718178260778
961,val,961:18,0,wrong_branch,1,3,LM,LCX,36.1025390625,-148.46194458007812,185.39710998535156,40.749053955078125,-146.23416137695312,183.6192169189453,-0.9261730498969075,-0.31429941827316077,-0.2083731204301871,0.657659320225975,0.357185281602946,-0.6632517569717646,5.451056998661049,0.8499640912452733,0.9228936512072589,0.5831656263993485,0.3261556551037636,0.8524062202467255,0.40868829727376055
961,val,961:19,1,positive_gap,11,11,R-PLA,R-PLA,18.142250061035156,-145.6025390625,120.77233123779297,17.43337631225586,-149.5341796875,119.61922454833984,-0.41504972233047477,-0.8300994446609495,-0.372382384071775,-0.11017473197748587,-0.9263219389234131,-0.36026267347986224,4.158119170144159,0.9589112305279526,0.9945569310809858,0.9488227922351717,0.2773144881783529,0.17047942104908953,0.9455334164613883
961,val,961:19,0,wrong_branch,11,9,R-PLA,RCA,1.9116789102554321,-178.1285400390625,120.44910430908203,2.5048511028289795,-183.4892578125,119.45088958740234,0.273138194928089,-0.9618948749850019,-0.012400643088673896,0.0008941058151233255,-0.9999151176879685,-0.012998384278346414,5.485032445398047,0.9718891350284747,0.9797149486469837,0.9622186298966646,0.1819888453927363,0.108143789207887,0.9773356542193571
961,val,961:20,1,positive_gap,5,5,D2,D2,78.2783203125,-158.82044982910156,174.82518005371094,81.8525390625,-158.1189727783203,173.45928955078125,0.8192081579360547,-0.04186271196420157,-0.5719663515610146,0.9959408790553894,0.05178688484842316,-0.07361986134240124,3.8900856792129703,0.9459706385846737,0.9502604439412615,0.8558230369946889,0.3511209303765335,0.9188020636921098,0.18032431895514717
961,val,961:20,0,wrong_branch,2,5,LAD,D2,62.9091796875,-152.39419555664062,187.1192169189453,68.2705078125,-153.4585418701172,186.4490966796875,-0.7851508462177684,0.5267412542144906,0.3257020107277013,0.9980993996575434,0.06022940152902739,-0.01303869605085418,5.506880557447212,0.9058387745279332,0.961664390633055,0.7561800072696093,0.12168781077911298,0.9735689868467595,0.1932757215947234
961,val,961:21,1,positive_gap,6,6,OM1,OM1,78.6357421875,-121.30452728271484,135.4416046142578,75.0615234375,-119.95196533203125,134.5037384033203,-0.9336822193932196,0.34878555499682035,-0.08115509727990929,-0.9094276573991736,0.40747398485820857,0.08310407704332869,3.934978593703762,0.9873118993669094,0.946304178824609,0.9844931540367649,0.23834086732724566,0.9083197442850127,0.34372790562260913
961,val,961:21,0,wrong_branch,10,11,R-PDA,R-PLA,15.3720703125,-163.14663696289062,117.79010772705078,10.0107421875,-164.78903198242188,119.4935073852539,-0.7416198748045587,-0.5769526544810226,0.3422361695995508,-0.806631762185465,-0.5405331951895747,0.23910053352454236,5.86027909400769,0.9396509185074352,0.9589424424550166,0.9919050590277473,0.2906686918622872,0.9148588384608026,0.280258839755712
961,val,961:22,1,positive_gap,2,2,LAD,LAD,46.4677734375,-146.70651245117188,189.45089721679688,50.3994140625,-147.42681884765625,189.94065856933594,0.9930124737633774,-0.1173012941813211,0.012908653443517265,0.9833229467620703,-0.16724550119108983,-0.07144875577992844,4.026972248651285,0.9920563064228958,0.981270136969801,0.9951477583808823,0.12162024526071505,0.9763267244557711,0.17887046446014626
961,val,961:22,0,wrong_branch,10,11,R-PDA,R-PLA,14.2998046875,-163.79200744628906,118.27992248535156,8.9384765625,-165.6248321533203,119.90648651123047,-0.9009330133751613,-0.23764600483276288,0.36310340372651145,-0.7094872000940906,-0.6725953195564112,0.21034126797529937,5.8948109554847985,0.9934791719250479,0.9124425838203231,0.875415662039653,0.27593149944282397,0.9094995862439962,0.31092171078461933
961,val,961:23,1,positive_gap,3,3,LCX,LCX,53.57176208496094,-112.79560852050781,141.95933532714844,54.64463424682617,-111.65416717529297,145.9499969482422,0.16439589636643925,0.3534566574290043,0.9208921655530525,0.1438828024386253,-0.037325024838168824,0.9888905812491278,4.287111287841949,0.9924619539437246,0.9465793967855803,0.9211225526223855,0.9308509514112879,0.2502552627704932,0.26624952528102525
961,val,961:23,0,wrong_branch,6,3,OM1,LCX,60.56664276123047,-116.44668579101562,169.4499969482422,58.1350212097168,-117.60936737060547,163.9499969482422,0.28872762808657426,-0.3222353440758479,0.9015546238624816,0.20863572800525282,-0.42205042676151716,0.8822383863050505,6.124917291303066,0.8630271077900584,0.7949371018235564,0.9916245598882207,0.897971309393777,0.3970047979205199,0.18982812735133034
961,val,961:24,1,positive_gap,9,9,RCA,RCA,2.390587568283081,-186.7060546875,119.11922454833984,1.394202470779419,-190.27960205078125,119.4602279663086,0.206065505092454,-0.9120492959826434,-0.35454631475810944,-0.6413962940841221,-0.7641840767846976,0.06806974896291201,3.7254942425412665,0.7872859444539543,0.9107886089275068,0.5406700192864469,0.09153239698369303,0.2674504462054944,0.9592143030245648
961,val,961:24,0,wrong_branch,10,11,R-PDA,R-PLA,16.8017578125,-162.04397583007812,117.449951171875,16.527528762817383,-155.9677734375,118.44999694824219,-0.7449189194253721,-0.6668461757782884,0.020297323271996404,-0.41523601869430465,-0.9097137180338125,0.0,6.164051317282475,0.6209091183651281,0.8782754413641704,0.9159562802761511,0.162238392396784,0.04448844364967352,0.9857481840785389
961,val,961:25,1,positive_gap,9,9,RCA,RCA,1.394202470779419,-190.27960205078125,119.4602279663086,-1.4267261028289795,-191.6966094970703,121.95933532714844,-0.6413962940841221,-0.7641840767846976,0.06806974896291201,-0.6017056227358354,0.0,0.798717937427275,4.026299258778817,0.760574680119634,0.9173313316645776,0.4403002860451932,0.6206958798183886,0.700625659520398,0.3519379348664816
961,val,961:25,0,wrong_branch,6,3,OM1,LCX,62.194366455078125,-115.73723602294922,162.95933532714844,58.383663177490234,-119.1527099609375,166.39715576171875,-0.5999337442778897,0.07700085392362993,0.7963355894167631,0.17802343092627027,-0.6338934175782085,0.752653169256769,6.164862612519883,0.7722530309564976,0.6608644307212292,0.4437519072316001,0.5576475342027299,0.6181327171588449,0.5540227175625911
961,val,961:26,1,positive_gap,2,2,LAD,LAD,41.1064453125,-146.78916931152344,187.78916931152344,44.6806640625,-146.4761199951172,189.3878173828125,0.8654072440951699,0.28545175117957916,0.4118101499673297,0.9526976731946004,-0.11251870359002997,0.28232372346654366,3.9279403258183825,0.9778292074706635,0.9728412201818564,0.9086165817350821,0.40699398124282493,0.909947314246765,0.07969808358558159
961,val,961:26,0,wrong_branch,10,11,R-PDA,R-PLA,18.9462890625,-160.57647705078125,116.51217651367188,13.227570533752441,-160.9716796875,118.78076934814453,-0.7532097557790399,-0.6187516532436038,0.22320720285776152,-0.6406361964841186,-0.7156602250379205,0.2782367805539638,6.164936348716893,0.8204939753030153,0.7425307582541417,0.9874538340195179,0.3679831722747337,0.9276200442747141,0.06410490139139936
961,val,961:27,1,positive_gap,10,10,R-PDA,R-PDA,13.9423828125,-172.0517578125,115.7900619506836,10.7255859375,-174.56101989746094,117.27992248535156,-0.6720521842318358,-0.6720234934794351,0.3110149287106881,-0.6995030621065509,-0.6566650693387978,0.2819334191149226,4.34325485768374,0.9926903780043865,0.9941727209840647,0.9990824169557275,0.3430285772966388,0.7406419794383237,0.5777377029859878
961,val,961:27,0,wrong_branch,1,2,LM,LAD,36.1025390625,-148.46194458007812,185.39710998535156,41.4638671875,-146.67544555664062,187.949951171875,-0.9261730498969075,-0.31429941827316077,-0.2083731204301871,0.8778305962652085,0.27259817952668747,0.3938320413315863,6.201001221437514,0.9770932938850959,0.9996329109743889,0.9807645012609826,0.41168209702942754,0.8645907222958324,0.28809847952640044
961,val,961:28,1,positive_gap,6,6,OM1,OM1,85.42672729492188,-130.3543701171875,128.4499969482422,82.20999145507812,-127.88418579101562,129.34300231933594,-0.810484669265096,0.585759846855097,5.194748553166876e-05,-0.7540009645061112,0.3773146224720084,0.5376952865635517,4.152909662080643,0.9762062253055845,0.9240806286308043,0.8321499097368106,0.21503125368885265,0.7745739978923929,0.594808104959907
961,val,961:28,0,wrong_branch,4,2,D1,LAD,62.9091796875,-147.51731872558594,187.39630126953125,57.1904296875,-149.297119140625,189.28073120117188,-0.6455992817655783,-0.14650285955536765,0.7494921477413019,0.8997868090866176,-0.2592495378468913,-0.3509606463977067,6.2787631940642825,0.8544886968572544,0.8513785217061275,0.8059631676967776,0.30012756866226414,0.9108083587873327,0.28346353573608607
961,val,961:29,1,positive_gap,2,2,LAD,LAD,81.4951171875,-180.50221252441406,166.50283813476562,77.9208984375,-180.47047424316406,167.501953125,-0.9286921422534016,-0.30722487236687196,0.2077108151155042,-0.8920214195342416,0.39966550537960494,0.21110488128364363,3.711371411629305,0.9476618417678847,0.919305036415332,0.7494748661297721,0.26920371997901443,0.9630452880033652,0.008551631655767587
961,val,961:29,0,wrong_branch,4,2,D1,LAD,61.8369140625,-147.78488159179688,188.32334899902344,55.7607421875,-148.94033813476562,189.449951171875,-0.8008220422756568,-0.2119662167908586,0.560137821919585,0.9632480654814274,-0.2686106712655688,-0.0012131069813738945,6.286825664284335,0.9133230212069697,0.8818217382672697,0.7151334023413989,0.1792004793853004,0.9664928215711363,0.18379013586028586
961,val,961:30,1,positive_gap,5,5,D2,D2,89.36571502685547,-151.6787109375,166.9397735595703,91.49625396728516,-148.8193359375,164.95838928222656,0.5140397748226603,0.8562394798539374,-0.051157238390351155,0.4975527531058347,0.5258321706690311,-0.6898853427681294,4.079351078519385,0.8934885959946891,0.9635196319445044,0.7412927984150344,0.4857106532892238,0.5222739841266554,0.7009386897481303
961,val,961:30,0,wrong_branch,6,3,OM1,LCX,61.48619842529297,-115.78448486328125,163.95004272460938,58.61344528198242,-120.1046142578125,167.501953125,-0.5605358269553382,-0.03964912735220849,0.8271804720855681,0.03793983617478794,-0.5273383906328255,0.8488078643578957,6.287471359799317,0.7506422011467121,0.8245075775774973,0.7017591595126318,0.5649187403223408,0.4569011895113013,0.6871012442542783
961,val,961:31,1,positive_gap,6,6,OM1,OM1,73.94413757324219,-119.61833190917969,158.44061279296875,71.1298828125,-118.52230834960938,159.949951171875,-0.49816784092685856,0.17856396850125789,0.848494968411336,-0.9128744108542008,0.40823888628331917,0.0011496667998718805,3.376299726554589,0.8525154126094605,0.8939478348118803,0.5286369164189393,0.4470392148645179,0.833532265695513,0.32462270779756014
961,val,961:31,0,wrong_branch,1,3,LM,LCX,36.1025390625,-148.46194458007812,185.39710998535156,41.4638671875,-145.8707275390625,182.9065399169922,-0.9261730498969075,-0.31429941827316077,-0.2083731204301871,0.6371121024887766,0.3191000335723329,-0.7016148070248137,6.4545475660942655,0.815079247456758,0.9280348862857084,0.5441713473312076,0.38586284210567107,0.8306280293235506,0.40145602995123725
961,val,961:32,1,positive_gap,2,2,LAD,LAD,84.70520782470703,-179.41236877441406,165.39620971679688,81.4951171875,-180.50221252441406,166.50283813476562,-0.6259194437286105,0.14004310080110702,0.7672110399886576,-0.9286921422534016,-0.30722487236687196,0.2077108151155042,3.566099795849006,0.7587142094005795,0.9943276832977826,0.6976197757865574,0.310318970674035,0.9001684812476715,0.30561224093296396
961,val,961:32,0,wrong_branch,4,2,D1,LAD,60.41393280029297,-148.58352661132812,188.93972778320312,53.9736328125,-148.69772338867188,189.4499969482422,-0.7987153820092798,-0.5995101916810713,0.05139327399860253,0.9611172313632343,-0.2761406662856287,0.0,6.4614920457670975,0.8107497715365678,0.9530846553107173,0.602109972828151,0.0789707952009843,0.9967202531823882,0.0176734377346421
961,val,961:33,1,positive_gap,11,11,R-PLA,R-PLA,17.159147262573242,-153.1083984375,118.8971939086914,15.997047424316406,-157.0400390625,118.44999694824219,-0.0009163135828553049,-0.9756240620364846,-0.21944669043949488,-0.45319066844278993,-0.8914136066026687,0.0,4.124107074223701,0.9541468897440004,0.9775135997535991,0.8700998285934058,0.10843485690375694,0.28178216941071615,0.9533313646421437
961,val,961:33,0,wrong_branch,3,6,LCX,OM1,59.091835021972656,-130.5908203125,175.11917114257812,61.23633575439453,-124.5146484375,174.4499969482422,0.29522134720421767,0.8900957105094325,-0.34723764526277295,-0.32981090897384213,-0.944047013830269,0.0,6.4781588548185605,0.9684602569458163,0.9946455149329329,0.9376594183994666,0.10329697207690343,0.3310355272975068,0.9379473413932177
961,val,961:34,1,positive_gap,11,11,R-PLA,R-PLA,16.801118850708008,-155.2529296875,118.45004272460938,14.89367961883545,-158.8271484375,118.44999694824219,-0.31261667814125454,-0.9498786267936694,-0.0011861317381196563,-0.5753497912967366,-0.8179074610929592,5.2376246227776586e-05,4.051341024677337,0.9851975789051673,0.9924676595436871,0.9567766943865986,1.1299065398017385e-05,0.47081675431765796,0.8822310262771974
961,val,961:34,0,wrong_branch,3,6,LCX,OM1,59.455291748046875,-129.1611328125,174.78082275390625,61.715946197509766,-123.0849609375,174.4499969482422,0.2584923634125961,0.8999758646789144,-0.35103438727966624,-0.2842785469033626,-0.9587417295607754,6.139483411634063e-05,6.491522849694874,0.9503010811891754,0.9964003139555242,0.9363498022197417,0.05096274222921553,0.34824716816165097,0.9360164041147299
963,train,963:0,1,positive_gap,2,2,LAD,LAD,69.880859375,-222.3938751220703,191.4019775390625,72.9057846069336,-220.33311462402344,189.94166564941406,0.8801289534963855,0.43330788649356405,-0.19395179999122966,0.5752383317531197,0.3048036500105297,-0.7590754880920252,3.94073816741832,0.9740556239049115,0.8822375601718127,0.785581793563136,0.370568108716831,0.7676037086004374,0.5229376859099808
963,train,963:0,0,wrong_branch,1,2,LM,LAD,30.475067138671875,-163.16378784179688,246.33169555664062,32.74806594848633,-165.47415161132812,247.6086883544922,-0.7283113104910488,0.5329469438648521,-0.4307321557951361,0.09085273555727687,-0.9455452842422408,0.31255382878637006,3.4835348344383363,0.9865823297891353,0.8009653549812934,0.7047215288933192,0.36657959760504505,0.6524977983120808,0.6632239605273701
963,train,963:1,1,positive_gap,2,2,LAD,LAD,65.95986938476562,-218.14256286621094,215.0677032470703,63.06639862060547,-220.66932678222656,213.9006805419922,-0.5495075741496546,-0.8241160745069362,0.13738312011102272,-0.588439197144269,-0.43753459789249244,-0.6799285160303714,4.014803973358605,0.8747629181897875,0.8970974143005284,0.5905203900487394,0.2906798719992912,0.7207003837200072,0.6293617154866586
963,train,963:1,0,wrong_branch,7,3,OM2,LCX,48.25263595581055,-153.3801727294922,241.90196228027344,45.630859375,-155.7490997314453,241.2836456298828,-0.40458507573266084,-0.5681496876495664,-0.7166008993282782,-0.7795062439772665,-0.5449335322430341,0.3088971690345904,3.5871775897520806,0.794419291814924,0.8763443214976305,0.4036244197571325,0.17236856412045062,0.7308744870341769,0.660387433485513
963,train,963:2,1,positive_gap,10,10,R-PDA,R-PDA,48.66210174560547,-170.7429962158203,164.78399658203125,52.07229995727539,-172.04200744628906,164.4499969482422,0.7382573318852375,-0.6147232701333526,-0.2776534045788881,0.962031066451716,0.2729399699233771,0.0,3.6644832889688415,0.9302464034130749,0.798520365754944,0.5424439374479562,0.09114508307201137,0.9306082038730012,0.35448687523808636
963,train,963:2,0,wrong_branch,3,1,LCX,LM,34.263671875,-162.443359375,247.1080322265625,30.475067138671875,-163.16378784179688,246.33169555664062,0.8347779862623608,0.489627496701981,0.2518146701943897,-0.7283113104910488,0.5329469438648521,-0.4307321557951361,3.9338583666630123,0.9433177394565585,0.6888216213416831,0.45549744689797067,0.1973473871100298,0.9630760396546503,0.18313533423115977
963,train,963:3,1,positive_gap,9,9,RCA,RCA,14.471400260925293,-159.0330047607422,175.9980010986328,11.944600105285645,-162.4429931640625,175.95700073242188,-0.47921764900846436,-0.8605657764374286,0.172560103452235,-0.6426716799025781,-0.765060522823162,-0.04068793763203351,4.2443398741558145,0.9750235945546157,0.9976624769366943,0.9593433996451315,0.009660010137405016,0.595334075629893,0.8034202030059028
963,train,963:3,0,wrong_branch,10,9,R-PDA,RCA,17.30739974975586,-154.86500549316406,176.0749969482422,14.982199668884277,-158.27000427246094,175.9429931640625,0.4378734393282708,0.875993751706925,0.2022419296319569,-0.6422262414025577,-0.7645869069884239,0.05433522352782596,4.125287517511498,0.9763192734338612,0.9913368512932301,0.9399983058553382,0.0319986870295325,0.5636455813082855,0.8253967183724631
963,train,963:4,1,positive_gap,9,9,RCA,RCA,7.361330032348633,-196.55099487304688,229.4499969482422,11.150400161743164,-195.8179931640625,228.79100036621094,0.9988091736093871,0.048770132617912076,0.0013072406681089836,0.8994741971883898,0.18634909438447428,-0.39524699064558094,3.9151782138202567,0.9755482176086868,0.9719178094730366,0.9069746666829416,0.1683184126089194,0.9677899504087517,0.18722052201785844
963,train,963:4,0,wrong_branch,2,5,LAD,D2,53.587890625,-180.75692749023438,250.7759552001953,57.755859375,-181.76759338378906,249.94229125976562,-0.770881339367647,0.5394143661191413,0.3387832673539643,0.9979446134393509,-0.0006028177030279584,-0.06407952183187199,4.369027879854283,0.9248300856622707,0.9643866125089278,0.7913311185287011,0.1908122271944605,0.9539808086871286,0.23132511884735227
963,train,963:5,1,positive_gap,9,9,RCA,RCA,-7.080329895019531,-187.07200622558594,179.9510040283203,-9.689929962158203,-190.10299682617188,179.4499969482422,-0.19385232853444848,-0.9016512948283963,-0.38658274309137053,-0.8271164937489242,-0.5620294288467373,0.0011076455643311135,4.030871447409217,0.8515415054281755,0.9579551930185585,0.6666648238731702,0.12429249769305839,0.6474034464224737,0.7519442483173365
963,train,963:5,0,wrong_branch,3,6,LCX,OM1,35.400390625,-161.90145874023438,246.89303588867188,38.81056594848633,-159.1660614013672,247.2753143310547,0.6848570697472166,0.38059451536520694,-0.6213844292313571,0.8725670932453456,0.29077072333467197,0.3925290489082303,4.388374544852274,0.7153031264934383,0.8935052342575875,0.4643380461552357,0.08711162606465286,0.7770930417702359,0.6233281391343202
963,train,963:6,1,positive_gap,3,3,LCX,LCX,58.512699127197266,-142.361328125,237.95770263671875,56.6186637878418,-139.2098388671875,238.4493865966797,-0.0006028477917236409,0.9979944242720966,0.06329901813098229,-0.8299106761580163,0.5578317281498781,-0.008487206151890919,3.70958320102378,0.8565473429714219,0.8965179225621345,0.5566760323780062,0.13254425991179852,0.5105790156782972,0.8495534638346282
963,train,963:6,0,wrong_branch,3,2,LCX,LAD,35.400390625,-161.90145874023438,246.89303588867188,32.74806594848633,-165.47415161132812,247.6086883544922,0.6848570697472166,0.38059451536520694,-0.6213844292313571,0.09085273555727687,-0.9455452842422408,0.31255382878637006,4.506785882715325,0.803434201453171,0.7457314258091341,0.4918642934642509,0.15879442344155345,0.5885180138435275,0.7927363234175246
963,train,963:7,1,positive_gap,10,10,R-PDA,R-PDA,28.58009910583496,-161.93299865722656,169.28399658203125,31.984399795532227,-160.34500122070312,168.55499267578125,0.9326843422005497,-0.0073994061152417735,-0.36061775691592013,0.9058137817239947,0.4162038966139672,0.07921937441197946,3.826544882737696,0.895397694246791,0.963491108124562,0.8131907564009131,0.1905123103452102,0.889653929071822,0.4149951157471612
963,train,963:7,0,wrong_branch,2,4,LAD,D1,35.40037155151367,-168.7276153564453,248.6650390625,39.947265625,-167.74853515625,249.95001220703125,0.79003349859159,-0.40134016904566167,0.4634362305792803,-0.9999655912525126,-0.008295461976402126,4.026923289515595e-05,4.825349700911439,0.7864212472158267,0.9439332028900851,0.7866583501950081,0.2662963772943828,0.9422931715451598,0.2029034703972602
963,train,963:8,1,positive_gap,6,6,OM1,OM1,70.974853515625,-159.02732849121094,243.7836456298828,73.291015625,-156.46099853515625,241.4571075439453,0.5351446710202609,0.6412988351450252,-0.5498690617958519,0.7701172459025523,0.04295443787868251,-0.6364545104168831,4.166945623063232,0.9994268974770124,0.8098707324575155,0.7896374157001288,0.5583317605731558,0.5558416929070286,0.6158779567101983
963,train,963:8,0,wrong_branch,10,11,R-PDA,R-PLA,17.881500244140625,-153.72900390625,176.3249969482422,20.213600158691406,-150.0659942626953,178.4499969482422,0.4668105533604953,0.8618789364327607,0.19812270491995976,0.46465454329393413,0.4186462961993729,0.7802765112925368,4.834454949652794,0.9653064314154688,0.8843217843475517,0.7323185619891266,0.43955317034293917,0.4823914875281381,0.7576882361511635
963,train,963:9,1,positive_gap,11,11,R-PLA,R-PLA,37.16889953613281,-138.1929931640625,183.1580047607422,39.82120132446289,-135.16200256347656,184.23500061035156,0.5704262624179715,0.7986490171044586,0.1917645082436939,0.5766650407228124,0.805720784777741,0.1351719193667763,4.169116076255859,0.9930569846669814,0.9875478074896585,0.9983541733157232,0.2583271441500828,0.636178446418316,0.7270103650623148
963,train,963:9,0,wrong_branch,1,2,LM,LAD,30.475067138671875,-163.16378784179688,246.33169555664062,33.25935745239258,-166.98976135253906,247.88038635253906,-0.7283113104910488,0.5329469438648521,-0.4307321557951361,0.5260684676244053,-0.7925542354907892,0.3083986886757475,4.978834104213592,0.9508133517046623,0.9991562193213168,0.9383682047332066,0.3110549103429212,0.5592253638988203,0.7684476788459897
963,train,963:10,1,positive_gap,5,5,D2,D2,70.76522064208984,-203.744140625,231.07542419433594,73.669921875,-205.79063415527344,229.28302001953125,0.5106710848753534,-0.7108389164303981,-0.48365594998954303,0.878776000843386,-0.15238440156377336,-0.4522518485332656,3.9797157873117133,0.9560936812251697,0.9234462265138642,0.7758205540384873,0.4503849698310872,0.7298765510268445,0.5142310756959452
963,train,963:10,0,wrong_branch,1,2,LM,LAD,29.337890625,-162.31773376464844,245.7836456298828,32.74806594848633,-165.47415161132812,247.6086883544922,-0.7550628118055581,0.5336249523107942,-0.38095217613184335,0.09085273555727687,-0.9455452842422408,0.31255382878637006,4.992299100254584,0.9924272943962387,0.7741491005562876,0.6922341404160737,0.3655715909562202,0.683087141816568,0.6322573594436128
963,train,963:11,1,positive_gap,10,10,R-PDA,R-PDA,26.68549919128418,-161.6479949951172,170.0679931640625,30.474599838256836,-161.38999938964844,168.77499389648438,0.7872047149936345,-0.39988045367662195,-0.46947242672937634,0.890591312816101,0.4512918703131591,-0.05641596693972815,4.011943737303323,0.8690695152603749,0.888326825149496,0.5471006236452868,0.32228748762245363,0.9444550808979058,0.06430688523118844
963,train,963:11,0,wrong_branch,3,1,LCX,LM,34.263671875,-162.443359375,247.1080322265625,29.337890625,-162.31773376464844,245.7836456298828,0.8347779862623608,0.489627496701981,0.2518146701943897,-0.7550628118055581,0.5336249523107942,-0.38095217613184335,5.1022644555425165,0.8592114367604705,0.8409676124648655,0.4649617105554667,0.2595683952134283,0.9654108078716294,0.02462154038587655
963,train,963:12,1,positive_gap,10,10,R-PDA,R-PDA,41.84230041503906,-161.3070068359375,166.95799255371094,44.82350158691406,-164.33799743652344,166.9499969482422,0.7040459869215914,-0.7087317220373571,-0.044928771155741426,0.15662055287520765,-0.9876588492070855,0.0,4.251414867751204,0.999060612513663,0.8139648027655133,0.810253228705203,0.0018806928322615795,0.701225654190722,0.7129369150908548
963,train,963:12,0,wrong_branch,7,3,OM2,LCX,49.07790756225586,-152.21290588378906,243.059326171875,45.630859375,-155.7490997314453,241.2836456298828,-0.5743801842518038,-0.683138847034264,-0.45100855824647107,-0.7795062439772665,-0.5449335322430341,0.3088971690345904,5.247842368123826,0.9902116560536923,0.7746961916232513,0.680682938115202,0.3383639251014731,0.656850557896659,0.6738376650060255
963,train,963:13,1,positive_gap,7,7,OM2,OM2,53.08292770385742,-147.666015625,242.90902709960938,50.5561637878418,-150.697265625,243.4493865966797,-0.5674989941132674,-0.7943482439514477,0.2166927756333403,-0.7043516082379615,-0.7098148558346674,-0.007189047851257202,3.983089358256063,0.9939260052583252,0.9860365877079785,0.9620011987069735,0.13566341311180147,0.6343728921818443,0.7610298758969314
963,train,963:13,0,wrong_branch,10,9,R-PDA,RCA,17.881500244140625,-153.72900390625,176.3249969482422,14.982199668884277,-158.27000427246094,175.9429931640625,0.4668105533604953,0.8618789364327607,0.19812270491995976,-0.6422262414025577,-0.7645869069884239,0.05433522352782596,5.401162378853024,0.9892130471386461,0.9837215958510221,0.9480142958795924,0.07072621731857814,0.5367919665973893,0.8407450188852222
963,train,963:14,1,positive_gap,11,11,R-PLA,R-PLA,38.432098388671875,-136.67799377441406,183.78399658203125,41.08449935913086,-133.7729949951172,183.9010009765625,0.677787700313075,0.6836606837214558,0.2705769813524879,0.7821934355026527,0.5637544554725611,-0.2652439318653559,3.935471870582703,0.9695043001417687,0.935430882952487,0.8438089439225217,0.0297307154971294,0.6739727935258393,0.7381576783743465
963,train,963:14,0,wrong_branch,10,9,R-PDA,RCA,17.30739974975586,-154.86500549316406,176.0749969482422,14.27079963684082,-159.41200256347656,176.10899353027344,0.4378734393282708,0.875993751706925,0.2022419296319569,-0.46840286782174917,-0.8429427473409667,0.26466257408561594,5.46784037539282,0.9703853183896374,0.9627581760650996,0.889987884757255,0.006217552031007786,0.5553563938297822,0.8315892122190629
963,train,963:15,1,positive_gap,6,6,OM1,OM1,39.568359375,-159.0759735107422,247.4422607421875,43.357421875,-160.4591827392578,246.49867248535156,0.9919685429321737,-0.10971494858099289,0.06293679282335855,0.8949875751490295,-0.4044599938918496,-0.1881737326777176,4.142538013971111,0.9296240867237348,0.9965328418367453,0.9203317770675594,0.22778022884849689,0.9146717512841207,0.3339038106230088
963,train,963:15,0,wrong_branch,2,5,LAD,D2,53.587890625,-180.75692749023438,250.7759552001953,58.892578125,-181.8044891357422,249.57476806640625,-0.770881339367647,0.5394143661191413,0.3387832673539643,0.8741884880093606,-0.1392674636986562,-0.46518712470021306,5.538948041295899,0.9137649369632995,0.9644367030692402,0.9066160771853994,0.2168619609415999,0.9577066729008183,0.18912646186562238
963,train,963:16,1,positive_gap,9,9,RCA,RCA,-8.137430191040039,-188.58700561523438,179.45799255371094,-11.583999633789062,-190.86099243164062,179.78399658203125,-0.6421748579460703,-0.765002083150846,-0.04881869105998844,-0.9294609724166328,-0.0833953336782605,0.35937100477781825,4.141996570660316,0.9505053267913371,0.8474772999999389,0.6431300498588308,0.07870697687910953,0.8321034032627342,0.5490074116704862
963,train,963:16,0,wrong_branch,3,6,LCX,OM1,35.400390625,-161.90145874023438,246.89303588867188,40.326171875,-159.29190063476562,247.44229125976562,0.6848570697472166,0.38059451536520694,-0.6213844292313571,0.9471096999076961,-0.31538539419042927,-0.05928970797787184,5.6013209059421465,0.7186413611866781,0.6801384107708338,0.565442523903903,0.09805818668790675,0.8793963660918799,0.4658826282744142
963,train,963:17,1,positive_gap,3,3,LCX,LCX,48.28322219848633,-124.96805572509766,203.9506378173828,51.693359375,-127.29376220703125,204.07476806640625,0.7678756836586942,-0.6405519929989959,-0.00775104578152542,0.8935010291055892,-0.40378819863977616,-0.19649682345141842,4.129570743003586,0.9946155313198838,0.9593400753808644,0.9462681048368805,0.03005887457764026,0.8257849032593049,0.5631835913875212
963,train,963:17,0,wrong_branch,3,6,LCX,OM1,34.263671875,-162.443359375,247.1080322265625,38.81056594848633,-159.1660614013672,247.2753143310547,0.8347779862623608,0.489627496701981,0.2518146701943897,0.8725670932453456,0.29077072333467197,0.3925290489082303,5.607397883685994,0.9705796667284222,0.8891959579424452,0.9696137153512745,0.029832394269519086,0.8108741644167848,0.584459680160684
963,train,963:18,1,positive_gap,9,9,RCA,RCA,-2.8691399097442627,-169.427001953125,180.27699279785156,-6.658180236816406,-171.1959991455078,181.45700073242188,-0.8454359661051528,-0.3759688433772933,0.37932236425682453,-0.7670402127490161,-0.6390871667497287,0.056717769012441764,4.344950677796716,0.9933558554591315,0.9445025787512483,0.9102745644443051,0.2715814337318746,0.8720560043258144,0.40713861297036735
963,train,963:18,0,wrong_branch,2,5,LAD,D2,52.45700454711914,-179.99331665039062,250.9570770263672,57.755859375,-181.76759338378906,249.94229125976562,-0.8176047846413844,0.5723017320741861,0.06319132532556963,0.9979446134393509,-0.0006028177030279584,-0.06407952183187199,5.6794111108223575,0.952900971598761,0.9427139681416964,0.8203185542814627,0.17867799086913172,0.9329937073552693,0.31240505375944316
963,train,963:19,1,positive_gap,10,10,R-PDA,R-PDA,44.82350158691406,-164.33799743652344,166.9499969482422,43.905601501464844,-167.7480010986328,165.83200073242188,0.15662055287520765,-0.9876588492070855,0.0,0.39331891833958094,-0.7866378366791619,-0.47592136155137055,3.704130273229543,0.8704224840970749,0.7703532289191429,0.8385316469639161,0.3018242160380494,0.24780448249432746,0.9205949603754822
963,train,963:19,0,wrong_branch,7,3,OM2,LCX,52.793663024902344,-148.044921875,242.99099731445312,50.177734375,-151.833984375,239.4916229248047,-0.6267212671449575,-0.7517733728191284,0.2050786415704243,0.6933682917179933,0.6933648015095895,-0.19617763396381255,5.78322560939944,0.6519419649428425,0.6492061373573094,0.9960336924883634,0.6050904159714825,0.4523303821401488,0.6551815121723179
963,train,963:20,1,positive_gap,6,6,OM1,OM1,69.501953125,-159.86871337890625,244.82460021972656,71.818115234375,-157.51806640625,242.5753631591797,0.831975623260041,-0.1251083605236544,-0.5405223958617714,0.552509638922038,0.6906756150791037,-0.4665836405547682,3.993646887432587,0.7132998762088509,0.9897454036379835,0.6254641646057004,0.5632037894048394,0.5799616677838038,0.5885965982754726
963,train,963:20,0,wrong_branch,7,3,OM2,LCX,55.861328125,-145.01414489746094,241.9987030029297,53.208984375,-148.802734375,238.45001220703125,-0.8166554134168442,-0.5512062281158593,0.17101353695906854,0.7042862561806363,0.7042720751590477,-0.08934043600873891,5.829369087849735,0.6257059345402203,0.7237773722189077,0.9786367617760664,0.6087606981851674,0.45499670891114624,0.6499141537350399
963,train,963:21,1,positive_gap,6,6,OM1,OM1,64.58248138427734,-157.6868896484375,245.94171142578125,67.986328125,-159.0331573486328,245.44229125976562,0.8829361736561329,0.46692400244164367,0.0490478255720183,0.9174691693629774,-0.39341219858960147,-0.05896749332729188,3.6943240054359743,0.6367279202856434,0.9966673544504707,0.6234808921428582,0.13518580538164993,0.9213720116898523,0.3644151672171583
963,train,963:21,0,wrong_branch,7,3,OM2,LCX,62.6811637878418,-140.087890625,238.4493865966797,58.223453521728516,-143.876953125,237.94232177734375,-0.5159353060510683,-0.5199134611207556,0.680808896031351,0.41114967020571297,0.9097397988927068,0.057701360472616516,5.8724177454031805,0.668321062890276,0.9040748840809814,0.6458289989691186,0.08634685768614783,0.759092840355694,0.6452304083724302
963,train,963:22,1,positive_gap,3,3,LCX,LCX,49.20418930053711,-120.2951431274414,211.45001220703125,46.899959564208984,-120.10674285888672,207.94232177734375,-0.1858205664402066,0.3179800489524014,-0.9297093123961216,-0.44216555302360827,-0.3078285725090373,-0.8424554550042246,4.20105480677074,0.8924456907515773,0.9321299404550965,0.767518790764162,0.8349546937674411,0.5484883778746359,0.04484594398793543
963,train,963:22,0,wrong_branch,7,3,OM2,LCX,53.62478256225586,-146.90821838378906,242.6163787841797,56.6186637878418,-146.02383422851562,237.61700439453125,-0.6186865026618913,-0.7349093172972184,0.27773243738125697,0.7798858635737107,0.5559496217810453,-0.28757270009408087,5.893997320570086,0.6601130410533531,0.7234890078447768,0.9709456813260612,0.8482145677604215,0.5079542902297011,0.15004827915121907
963,train,963:23,1,positive_gap,3,3,LCX,LCX,51.693359375,-127.29376220703125,204.07476806640625,55.482421875,-127.58348846435547,203.4083709716797,0.8935010291055892,-0.40378819863977616,-0.19649682345141842,0.9139213141959143,0.31221903143735863,-0.25935903274559474,3.8581110690270894,0.9417728349189987,0.9189167887106728,0.7414825005383769,0.17272625976903502,0.982103011605495,0.07509536458142452
963,train,963:23,0,wrong_branch,2,4,LAD,D1,34.2641487121582,-168.00038146972656,248.40138244628906,39.947265625,-167.74853515625,249.95001220703125,0.8004277239567688,-0.5700895993117652,0.18523851510400802,-0.9999655912525126,-0.008295461976402126,4.026923289515595e-05,5.8957186624275595,0.7958682422919277,0.9642502481539825,0.7956635662341942,0.2626702272296928,0.9639396379375023,0.042716813317693975
963,train,963:24,1,positive_gap,3,3,LCX,LCX,53.5883674621582,-136.93057250976562,237.0670623779297,51.69919204711914,-134.404296875,234.45004272460938,-0.6981772216421797,0.5030735003497239,-0.5093776795521013,-0.26294325149847525,0.7171429002674579,-0.6454199463042559,4.098761300376401,0.9571020803008801,0.9753003293039437,0.873119092454373,0.6384903783199046,0.4609137435901852,0.6163510020780254
963,train,963:24,0,wrong_branch,10,11,R-PDA,R-PLA,17.881500244140625,-153.72900390625,176.3249969482422,20.749099731445312,-149.56100463867188,179.44900512695312,0.4668105533604953,0.8618789364327607,0.19812270491995976,0.43557489890606144,0.41601986560069837,0.7982493212452807,5.94598787543119,0.9333812221124915,0.9210853393694521,0.7200410336127472,0.5253976705232335,0.48227469469852147,0.7009767518699944
963,train,963:25,1,positive_gap,5,5,D2,D2,65.96574401855469,-190.861328125,243.9576873779297,67.48763275146484,-194.271484375,242.60806274414062,0.28761408113197157,-0.9557755587379214,-0.061410273194521324,0.4450215282679066,-0.6756300857438995,-0.5877753198423591,3.9707427034376335,0.9519482183841861,0.9505912979165557,0.8098406236072614,0.3398922404669125,0.38327558509207743,0.8588207558872271
963,train,963:25,0,wrong_branch,10,11,R-PDA,R-PLA,17.30739974975586,-154.86500549316406,176.0749969482422,20.213600158691406,-150.0659942626953,178.4499969482422,0.4378734393282708,0.875993751706925,0.2022419296319569,0.46465454329393413,0.4186462961993729,0.7802765112925368,6.092383327324564,0.9777415641033875,0.8555968879585255,0.7279960499078131,0.3898310188966668,0.4770219227508438,0.7877067105979704
963,train,963:26,1,positive_gap,3,3,LCX,LCX,53.587890625,-127.61548614501953,203.94232177734375,56.998046875,-127.10472869873047,202.4006805419922,0.9911138695637408,-0.11721382314921536,-0.06288256690953904,0.6438082839006931,0.2909616368004008,-0.7077091348084156,3.777128077903909,0.90463643578687,0.9094558563362021,0.6484851606969612,0.4081516971505731,0.9028436896141585,0.1352237561858119
963,train,963:26,0,wrong_branch,2,4,LAD,D1,35.40037155151367,-168.7276153564453,248.6650390625,41.462890625,-167.78494262695312,249.9013214111328,0.79003349859159,-0.40134016904566167,0.4634362305792803,-0.9671670323798144,0.15349570210248262,0.20255123034355768,6.258687037778358,0.7963649121280949,0.8737234862213255,0.7318287666534494,0.19753062282399325,0.9686566905953387,0.15061828843686795
963,train,963:27,1,positive_gap,9,9,RCA,RCA,-0.9804409742355347,-201.0919952392578,226.99000549316406,2.0566399097442627,-198.48199462890625,228.60899353027344,0.8794144342864123,0.39741482582255144,0.26209103186706056,0.7431488996898958,0.5834822207605563,0.32753352644580747,4.319384880532679,0.9567167698525604,0.9978654946927552,0.9712639542627104,0.374819119362597,0.7031280999449291,0.6042528467687023
963,train,963:27,0,wrong_branch,7,3,OM2,LCX,49.7993049621582,-151.455078125,243.4006805419922,45.630859375,-155.7490997314453,241.2836456298828,-0.6959078552861051,-0.701305609580202,-0.15454028252347238,-0.7795062439772665,-0.5449335322430341,0.3088971690345904,6.34794431204369,0.9829075895146695,0.7774705307253343,0.8768924056654342,0.3334992885953352,0.6566607049859567,0.6764428601395328
963,train,963:28,1,positive_gap,9,9,RCA,RCA,-4.726779937744141,-204.5019989013672,223.90899658203125,-2.111330032348633,-201.8560028076172,226.44200134277344,0.5024909945914314,0.5974026739699138,0.6249902763148486,0.6228923904566525,0.5885443571664093,0.5153839438309804,4.500887318486902,0.994930153642452,0.9980031889792769,0.9867057429882753,0.5627789770115211,0.5810965083824324,0.5878832120239625
963,train,963:28,0,wrong_branch,1,2,LM,LAD,29.337890625,-162.31773376464844,245.7836456298828,33.25935745239258,-166.98976135253906,247.88038635253906,-0.7550628118055581,0.5336249523107942,-0.38095217613184335,0.5260684676244053,-0.7925542354907892,0.3083986886757475,6.4499663191676095,0.9694348620665684,0.994179980156339,0.9376266040514478,0.3250777785343291,0.6079825278682474,0.7243491448950026
963,train,963:29,1,positive_gap,10,10,R-PDA,R-PDA,50.17770004272461,-171.87899780273438,164.4510040283203,53.92359924316406,-172.33799743652344,164.4499969482422,0.805210942915632,-0.5929276157788427,-0.008495872864865014,0.7069956830492221,-0.7072178618712651,0.0,3.7739160692683287,0.8713498343434344,0.7877619027263114,0.9886096612608856,0.0002668528021398866,0.9925761812624764,0.1216242294116656
963,train,963:29,0,wrong_branch,3,6,LCX,OM1,35.400390625,-161.90145874023438,246.89303588867188,41.462890625,-159.7013702392578,247.11575317382812,0.6848570697472166,0.38059451536520694,-0.6213844292313571,0.859597987966045,-0.38848415028789224,-0.3319207195398044,6.453208399799023,0.7517027575254722,0.6636526427341893,0.6470971891544469,0.0345126441543692,0.9394551708865947,0.3409294051382381
963,train,963:30,1,positive_gap,10,10,R-PDA,R-PDA,31.611299514770508,-158.36399841308594,173.5749969482422,35.02149963378906,-157.76499938964844,171.3249969482422,0.7810989678935011,-0.3525261905360352,-0.5153733475276524,0.7321402488968624,0.48693378211270694,-0.4763046795724931,4.12925715859805,0.8747653252412247,0.9348178146016151,0.6456918186694954,0.5448921957585009,0.8258628581457429,0.14506217472802538
963,train,963:30,0,wrong_branch,3,1,LCX,LM,34.263671875,-162.443359375,247.1080322265625,28.201171875,-161.43223571777344,245.0676727294922,0.8347779862623608,0.489627496701981,0.2518146701943897,-0.7055275617892504,0.49908574220320445,-0.5031344566665972,6.476059309293595,0.784359717508269,0.8969147955301935,0.47128941195735113,0.315061891749857,0.9361402838451296,0.15613255051193398
963,train,963:31,1,positive_gap,1,1,LM,LM,29.716796875,-162.56895446777344,245.95001220703125,26.685546875,-160.17529296875,243.79071044921875,-0.7689357414796321,0.5429357263319471,-0.3375775800428246,-0.6146083005014307,0.5799697568258607,-0.5346884308848424,4.42500576448204,0.9851676822437047,0.9956679361782422,0.9679794170134157,0.4879771626840474,0.6850273561970867,0.5409397470702781
963,train,963:31,0,wrong_branch,1,2,LM,LAD,30.475067138671875,-163.16378784179688,246.33169555664062,34.2641487121582,-168.00038146972656,248.40138244628906,-0.7283113104910488,0.5329469438648521,-0.4307321557951361,0.8004277239567688,-0.5700895993117652,0.18523851510400802,6.483315580275752,0.960736736896422,0.9522231816206913,0.9665762592177042,0.3192327851423836,0.5844357761966553,0.7460062013091109
964,train,964:0,1,positive_gap,4,4,D1,D1,88.4921875,-178.54959106445312,129.11480712890625,86.18517303466797,-178.84158325195312,131.78466796875,-0.6308862236026764,-0.5215654701690251,0.574414513392304,-0.6005131961056969,0.46807771802670584,0.6482955739397213,3.54058357971443,0.8872445546919072,0.8415495614364226,0.5071127140754228,0.7540736660308103,0.651591584661336,0.08247007334410984
964,train,964:0,0,wrong_branch,2,4,LAD,D1,50.95585250854492,-161.92822265625,156.6212158203125,53.72697830200195,-162.31382751464844,154.62168884277344,-0.7456921176742908,0.5418404045646202,0.3877528099442742,0.6844011805528014,0.44887398168054754,-0.5745495388808376,3.438886070210794,0.8871085274583321,0.8352417092743174,0.4899177039861151,0.5814461243307479,0.8058207619792327,0.1121307454000071
964,train,964:1,1,positive_gap,11,11,R-PLA,R-PLA,11.924699783325195,-155.92999267578125,86.32479858398438,10.716099739074707,-158.56100463867188,88.943603515625,-0.044327049079819186,-0.838233331369604,0.5435071249771165,-0.5232860695193932,-0.3029159416765244,0.7965008610950582,3.9039822343116675,0.9432201568221511,0.9004393988461789,0.7100138592584183,0.6708034961389523,0.3095813381598503,0.6739303114053523
964,train,964:1,0,wrong_branch,3,1,LCX,LM,30.8505916595459,-157.8824005126953,155.62118530273438,29.507797241210938,-160.5804443359375,158.28466796875,-0.2833747703580824,-0.6893944723233083,0.6666588340782499,-0.763522953392357,-0.5774843949884881,0.2890406081985581,4.02202402208298,0.9985432171528039,0.8337064115738928,0.8071691662016367,0.662224454998711,0.3338603675568145,0.6708174313302306
964,train,964:2,1,positive_gap,8,8,IM,IM,39.2734375,-155.5390625,157.0682830810547,42.7890625,-154.4031219482422,155.83119201660156,0.852109172585226,0.5037096917473525,0.1420792188742202,0.855959886371089,0.14106620158592284,-0.4974263761540114,3.8961999922363595,0.8706215414210244,0.9714179269781884,0.7297537324872319,0.3175122085411877,0.9023214945344951,0.2915508839436653
964,train,964:2,0,wrong_branch,9,11,RCA,R-PLA,-9.55469036102295,-174.94700622558594,82.78520202636719,-6.039050102233887,-173.37399291992188,83.94950103759766,-0.8325912267141823,-0.5531344526254935,0.028881248540685498,0.7324719869231763,0.24576777948534947,0.6348881688452345,4.023641320566093,0.9353598843903755,0.9197896545122572,0.7274560133047937,0.2893645130045194,0.8737459377453756,0.39094272583987494
964,train,964:3,1,positive_gap,11,11,R-PLA,R-PLA,14.27340030670166,-150.9810028076172,81.00340270996094,12.321100234985352,-152.80499267578125,83.61430358886719,-0.926317322313684,-0.2738794498885688,0.2587011119232799,-0.06895884294654571,-0.7408197541422247,0.6681547499285829,3.7356683483229727,0.7986377265835212,0.8647346612033509,0.4396254542224968,0.6989113153147932,0.5226106521454831,0.48826333017032775
964,train,964:3,0,wrong_branch,3,6,LCX,OM1,40.579463958740234,-129.36221313476562,136.43670654296875,42.00283432006836,-126.93101501464844,133.3311767578125,0.19989583655323578,-0.6203181178674864,0.7584504513638457,0.762299987116117,0.3953083398554187,-0.5124744345657846,4.1929730181890426,0.8535664037620482,0.8675497566333685,0.4815227979361878,0.7406510301126472,0.33946566199056605,0.579826798209932
964,train,964:4,1,positive_gap,9,9,RCA,RCA,-14.632800102233887,-179.01300048828125,83.90399932861328,-17.36720085144043,-181.71099853515625,84.94950103759766,-0.7550732152171309,-0.6359978369683298,0.1592833670954702,-0.6247040877721955,-0.6253431704577646,0.4676437980798421,3.9811072255958977,0.9914640566540086,0.9756804195760801,0.9439021066469636,0.26261581257155986,0.686844285837404,0.6777004220154256
964,train,964:4,0,wrong_branch,1,8,LM,IM,29.507797241210938,-160.5804443359375,158.28466796875,32.62783432006836,-157.80116271972656,156.9569091796875,-0.763522953392357,-0.5774843949884881,0.2890406081985581,0.8864362609658295,0.4601155104427921,-0.05024412696911617,4.384287978404926,0.996966421285338,0.9377159263251745,0.9570465521571423,0.3028447938644669,0.7116405432821367,0.633918581512085
964,train,964:5,1,positive_gap,10,10,R-PDA,R-PDA,42.0078010559082,-165.30999755859375,70.95690155029297,45.52299880981445,-167.25799560546875,70.95050048828125,0.9975383381257679,0.03830634508548413,-0.05873574631749334,0.7052267576295839,-0.7089540435013116,0.006275709235188065,4.018874545602443,0.8540450248977851,0.9604709954179917,0.6759646811019279,0.0015927498952966717,0.8746721784965075,0.4847123304723583
964,train,964:5,0,wrong_branch,2,1,LAD,LM,32.62783432006836,-159.7381134033203,158.23178100585938,28.3359375,-161.13116455078125,158.45639038085938,-0.8865149483894251,0.4204609706370279,-0.1931419645055499,-0.9422343494768203,-0.32882506555569974,0.06378484873606756,4.517899864416322,0.7029207485110128,0.9996612483038261,0.6847271984732795,0.0497154389739928,0.949976083771135,0.30834042127246414
964,train,964:6,1,positive_gap,9,9,RCA,RCA,0.2109380066394806,-193.78399658203125,138.9029998779297,-2.914060115814209,-196.03500366210938,137.62100219726562,-0.7558697728501629,-0.6366283392813056,-0.15285694003011474,-0.8612787252265172,-0.3406592864172304,-0.3770281263379283,4.059084156940943,0.9832535144274255,0.9710737437241587,0.9255192758675046,0.3158342205031337,0.7698776378188692,0.55456033751578
964,train,964:6,0,wrong_branch,9,10,RCA,R-PDA,-9.55469036102295,-174.94700622558594,82.78520202636719,-6.039050102233887,-172.21299743652344,81.33219909667969,-0.8325912267141823,-0.5531344526254935,0.028881248540685498,0.749205788359293,0.498929121056095,-0.43561498924063974,4.684628907562463,0.9566030347186516,0.9885445743347838,0.9123381574380185,0.31016393365585404,0.7504629135327484,0.5836126709308715
964,train,964:7,1,positive_gap,10,10,R-PDA,R-PDA,40.0546989440918,-165.69000244140625,71.44309997558594,43.960899353027344,-165.8300018310547,70.94999694824219,0.996903697720688,0.05232129453091239,-0.058698378252115886,0.8354196944113645,-0.5496125309612422,0.0,3.93968933539762,0.9939172094713026,0.8478491288153985,0.8040765433970731,0.12516292158198375,0.9914996022246781,0.035535641957999166
964,train,964:7,0,wrong_branch,2,1,LAD,LM,34.1953125,-160.22113037109375,157.95687866210938,29.507797241210938,-160.5804443359375,158.28466796875,-0.9972596831024017,0.045870049877073354,0.05804362999306947,-0.763522953392357,-0.5774843949884881,0.2890406081985581,4.712679880520208,0.9924744374410555,0.8235798358926573,0.751718386655367,0.06955475757976627,0.9946602310428163,0.07624408488447706
964,train,964:8,1,positive_gap,4,4,D1,D1,86.5390625,-162.0984649658203,129.57521057128906,83.54281616210938,-162.48370361328125,132.4965057373047,-0.7838602446597268,0.3554622492287019,0.5091264147687347,-0.5136334135000192,-0.361062330624509,0.7783409984963635,4.202364379704212,0.8802209402837641,0.9403828029814798,0.6705467470479611,0.6951551322213624,0.7129906088965847,0.091671881029996
964,train,964:8,0,wrong_branch,2,4,LAD,D1,50.95585250854492,-161.92822265625,156.6212158203125,54.8984375,-161.7894744873047,153.9499969482422,-0.7456921176742908,0.5418404045646202,0.3877528099442742,0.8826421242088451,0.2853071710089138,-0.37355414432580986,4.764308735980185,0.8187017313885397,0.948159023625929,0.6484349909138327,0.5606729160722095,0.8275250849468617,0.02912241347784258
964,train,964:9,1,positive_gap,11,11,R-PLA,R-PLA,16.226600646972656,-150.8520050048828,80.44999694824219,12.753100395202637,-151.6750030517578,82.443603515625,-0.9271108731143062,0.005920813336214881,0.37474040737911707,-0.4780619186598402,-0.4817879681704216,0.7343957758957285,4.0886424311399905,0.9691559086715095,0.8612039455210813,0.7155715984209217,0.4875962134030286,0.8495485507157793,0.2012888289293453
964,train,964:9,0,wrong_branch,2,4,LAD,D1,49.82029724121094,-161.56790161132812,157.3247833251953,53.72697830200195,-162.31382751464844,154.62168884277344,-0.8369315467115601,0.14421648663668768,0.5279651419375768,0.6844011805528014,0.44887398168054754,-0.5745495388808376,4.808875351356804,0.999056691397035,0.8093310397649037,0.811404038876075,0.5621053333518425,0.8123897533939536,0.15511441840759144
964,train,964:10,1,positive_gap,8,8,IM,IM,37.3203125,-156.28936767578125,156.9499969482422,41.2265625,-154.78875732421875,156.60838317871094,0.9797364431949578,0.20029104201018794,1.913547740615152e-05,0.9005928316900009,0.18411142908787576,-0.3937455183082162,4.198490259277718,0.9831266718154915,0.9357480697217283,0.9192119531563628,0.08136585973407,0.9303939651564196,0.3574166566771208
964,train,964:10,0,wrong_branch,2,8,LAD,IM,38.4921875,-159.57406616210938,157.9499969482422,34.1953125,-157.3584442138672,156.9499969482422,-0.9607647569446771,-0.2773645287577983,0.0,0.9463098704476312,0.3232609303540834,0.0,4.936812269385732,0.7117449349262438,0.678565647118437,0.998842288288435,0.20255985956792844,0.8703743965809425,0.4487960706915575
964,train,964:11,1,positive_gap,13,13,L-PLA,L-PLA,15.091035842895508,-132.8828125,99.95055389404297,17.3984375,-130.67361450195312,101.4436264038086,0.6438785657652076,0.7650978172244025,0.00676185082605551,0.5870619809793581,0.3865321570467801,0.7113024125204096,3.526176927098341,0.9035380343062271,0.9275030723483275,0.6785412567774786,0.4234252961873529,0.654363551463435,0.6265136559284347
964,train,964:11,0,wrong_branch,3,1,LCX,LM,30.8505916595459,-157.8824005126953,155.62118530273438,28.3359375,-161.13116455078125,158.45639038085938,-0.2833747703580824,-0.6893944723233083,0.6666588340782499,-0.9422343494768203,-0.32882506555569974,0.06378484873606756,4.99162710469319,0.9701013166494722,0.7249162698109564,0.5362183578521843,0.5679921634088622,0.5037744420414716,0.6508426951667541
964,train,964:12,1,positive_gap,6,6,OM1,OM1,45.9140625,-122.76290893554688,120.94999694824219,45.303714752197266,-122.72696685791016,116.99703979492188,-0.460641298188513,0.10901949344519583,-0.8808656790068247,0.4238490116511614,-0.005836373198708337,-0.905714056460547,3.9999608075803623,0.9417827409200953,0.8303440851234946,0.6019337899175559,0.9882489712971755,0.15258843202814856,0.008985607451104168
964,train,964:12,0,wrong_branch,3,13,LCX,L-PLA,25.60697364807129,-125.58969116210938,107.95001220703125,25.6015625,-125.98573303222656,112.94257354736328,0.42875752706156406,0.20785965991619174,0.8791822022581993,0.5863661183747996,0.38981510519977053,0.7100837689879711,5.008247915228172,0.8595281120394378,0.6764003726717492,0.9567287338707331,0.9968678517594058,0.0010804473266660432,0.07907792841344279
964,train,964:13,1,positive_gap,13,13,L-PLA,L-PLA,17.3984375,-130.67361450195312,101.4436264038086,20.003652572631836,-129.5009307861328,104.45001220703125,0.5870619809793581,0.3865321570467801,0.7113024125204096,0.46966104316383944,0.2277416729783634,0.8529667255662851,4.147371248132601,0.9936781435424101,0.977723910340417,0.9704669121892974,0.724889483808886,0.6281605664804814,0.2827534950839827
964,train,964:13,0,wrong_branch,3,13,LCX,L-PLA,29.122180938720703,-124.64376068115234,116.44999694824219,25.6015625,-125.98573303222656,112.94257354736328,-0.5921155482479322,-0.09506011693999021,-0.8002266876894358,0.5863661183747996,0.38981510519977053,0.7100837689879711,5.147588065797497,0.9750031882689933,0.9864924746161797,0.9524803475800458,0.6813721991826698,0.683935542960986,0.26069925058510135
964,train,964:14,1,positive_gap,9,9,RCA,RCA,-21.921199798583984,-187.17999267578125,88.44999694824219,-23.354900360107422,-190.30499267578125,90.99649810791016,-0.3456375725055442,-0.8313639695776488,0.43516504749413054,-0.19715787325410603,-0.6668756189355953,0.7186137223037036,4.27852666887831,0.9820440095345411,0.9808522102929471,0.935277105080978,0.5951817896078647,0.3350921175628214,0.7303916141813539
964,train,964:14,0,wrong_branch,3,1,LCX,LM,31.33759117126465,-157.1015625,154.90353393554688,29.507797241210938,-160.5804443359375,158.28466796875,-0.40432031125935425,-0.6220518090995674,0.6705047596394036,-0.763522953392357,-0.5774843949884881,0.2890406081985581,5.184865668979449,0.9973130228246815,0.8454172113696229,0.8617361543248186,0.6521160332913009,0.3529105760639454,0.6709685569582476
964,train,964:15,1,positive_gap,2,2,LAD,LAD,50.210533142089844,-161.6254119873047,157.07521057128906,46.6953125,-160.49343872070312,158.10789489746094,-0.8308670362051591,0.17721132814091056,0.5274998704513485,-0.9077744191330632,0.3105226792323529,-0.28199515891233146,3.8346546854177372,0.9560235774836889,0.8478778492783308,0.6605155677784251,0.2693030822563824,0.9166980942136397,0.295195619805398
964,train,964:15,0,wrong_branch,2,8,LAD,IM,40.0546875,-159.44532775878906,157.943115234375,35.7578125,-156.71133422851562,156.9499969482422,-0.9983103611702594,-0.0005069544802817724,0.05810478273998775,0.951671295921091,0.3071184535645349,0.0,5.188847590694237,0.8153108810172914,0.6262571173637316,0.950219010222365,0.19139476902614888,0.8280981325614738,0.5268980216679761
964,train,964:16,1,positive_gap,10,10,R-PDA,R-PDA,-3.695310115814209,-170.38299560546875,80.45050048828125,-0.5703120231628418,-168.03900146484375,79.99700164794922,0.6854684275563226,0.6756014308549748,-0.27146959581171004,0.8175581841888067,0.553592300173373,0.15853763166723395,3.9326305202169083,0.9786844838609191,0.9613382753802254,0.8913799262694814,0.1153169203159767,0.7946330265674195,0.5960372144230103
964,train,964:16,0,wrong_branch,2,8,LAD,IM,41.2265625,-159.4453125,157.66131591796875,36.9296875,-156.35125732421875,156.9499969482422,-0.9862760094693407,0.0,0.16510491556956483,0.9797401982178353,0.200272674112263,0.0,5.342498186531897,0.7712613698468382,0.6720014373356733,0.9662942530149875,0.13314351168518,0.8042819763293796,0.5791401452566085
964,train,964:17,1,positive_gap,2,2,LAD,LAD,56.01423645019531,-175.8515625,145.49012756347656,58.419456481933594,-179.3671875,144.2856903076172,0.2807215086480283,-0.9264945284050117,-0.25060591257580095,0.6656957147470977,-0.6977878216418464,-0.2644643101359381,4.4266659739585235,0.9565310427573056,0.9878395325758348,0.8996480238685021,0.2720867720638775,0.5433479837620152,0.7941925188577467
964,train,964:17,0,wrong_branch,2,8,LAD,IM,35.3671875,-160.1902313232422,157.9499969482422,38.4921875,-155.92428588867188,156.95639038085938,-0.9877665626386042,-0.15593978761343433,1.929231567653524e-05,0.9392967300338433,0.33987131290248007,0.04700152778020911,5.380629095326823,0.6973200039960549,0.806313472538391,0.980804455904811,0.18466364244392508,0.5807871058635358,0.7928339528690737
964,train,964:18,1,positive_gap,10,10,R-PDA,R-PDA,28.726600646972656,-163.64999389648438,72.61479949951172,32.6328010559082,-164.91400146484375,71.99009704589844,0.8651311007817757,-0.3864617062484954,-0.31968035295215574,0.9457384195280468,-0.2990348710674022,0.12711014009233965,4.152874898571888,0.9794590931443076,0.9614592836199666,0.8931186319899059,0.15042650425807605,0.9406015120462289,0.3043692861525996
964,train,964:18,0,wrong_branch,9,11,RCA,R-PLA,-10.72659969329834,-175.8520050048828,82.910400390625,-6.039050102233887,-173.37399291992188,83.94950103759766,-0.7363362721627958,-0.6681971336984335,0.10640246620541717,0.7324719869231763,0.24576777948534947,0.6348881688452345,5.403091264863103,0.9248132684571051,0.8702845772767306,0.6360133511924527,0.19231595322663567,0.867568094129393,0.45862858195191386
964,train,964:19,1,positive_gap,4,4,D1,D1,61.1484375,-161.4351806640625,149.83168029785156,64.6640625,-162.86312866210938,148.27830505371094,0.8527403482159158,-0.14050229643651302,-0.5030834952775382,0.8370430299573438,-0.41275049565103633,-0.3591601235377517,4.100198687241878,0.9706902056473837,0.9975189991314423,0.9524602876454947,0.3788536514033054,0.8574279609764206,0.3482631225872196
964,train,964:19,0,wrong_branch,9,11,RCA,R-PLA,-9.55469036102295,-174.94700622558594,82.78520202636719,-4.867189884185791,-172.82400512695312,84.82430267333984,-0.8325912267141823,-0.5531344526254935,0.028881248540685498,0.7764312469952414,0.3875938719131128,0.49691599807695447,5.535135574999859,0.9066056255115638,0.9892523345439949,0.8464898141323421,0.3683921774531617,0.8468628118178076,0.38354997269111457
964,train,964:20,1,positive_gap,4,4,D1,D1,87.32032775878906,-179.19586181640625,130.4499969482422,85.26976776123047,-177.41404724121094,133.06829833984375,-0.6170327856727429,-0.1091218445159765,0.7793349501044889,-0.38091390444169715,0.7606535479249765,0.5256527156137661,3.7729513197533615,0.8246492931262142,0.9310344429116683,0.5616919822670898,0.6939663859147596,0.543489651409719,0.4722601550321063
964,train,964:20,0,wrong_branch,3,6,LCX,OM1,40.579463958740234,-129.36221313476562,136.43670654296875,43.1796875,-126.3759536743164,132.44947814941406,0.19989583655323578,-0.6203181178674864,0.7584504513638457,0.7315425390499576,0.25026981670804443,-0.6342007035673037,5.61933254862289,0.775318443079915,0.921505845569659,0.4900244037175955,0.709555513765033,0.4627281832425086,0.5314260073789459
964,train,964:21,1,positive_gap,9,9,RCA,RCA,-13.070300102233887,-177.8000030517578,83.410400390625,-16.19529914855957,-180.53900146484375,84.2926025390625,-0.7133027473612699,-0.6756743355004398,0.18618104885541853,-0.6752359905614023,-0.6759259430657756,0.2952634019671314,4.2480597897312435,0.9990421202407687,0.9938546368264296,0.9933259494799923,0.20767178243819237,0.7356297229807561,0.6447645628027335
964,train,964:21,0,wrong_branch,1,8,LM,IM,28.3359375,-161.13116455078125,158.45639038085938,32.62783432006836,-157.80116271972656,156.9569091796875,-0.9422343494768203,-0.32882506555569974,0.06378484873606756,0.8864362609658295,0.4601155104427921,-0.05024412696911617,5.635400108387009,0.9288790076297706,0.9603610181482262,0.9897330206269495,0.2660824737076324,0.7615957585124876,0.5909077912850834
964,train,964:22,1,positive_gap,2,2,LAD,LAD,59.5859375,-180.5390625,143.91038513183594,61.89873504638672,-183.6640625,142.4901123046875,0.6952934087005381,-0.6953205696602905,-0.18192410842127446,0.20614413492165684,-0.9447350257777327,-0.25491239025623785,4.139061777034579,0.9759051097173481,0.9159350477017429,0.8465990638780068,0.3431388328216712,0.5587733817405637,0.7550020193800777
964,train,964:22,0,wrong_branch,2,8,LAD,IM,38.4921875,-159.57406616210938,157.9499969482422,41.2265625,-154.78875732421875,156.60838317871094,-0.9607647569446771,-0.2773645287577983,0.0,0.9005928316900009,0.18411142908787576,-0.3937455183082162,5.672381759121557,0.6971262215724083,0.6825779974612213,0.9163238328126456,0.2365168330523326,0.48205059463830124,0.8436154407618173
964,train,964:23,1,positive_gap,9,9,RCA,RCA,4.471059799194336,-189.5229949951172,139.40499877929688,1.3828099966049194,-192.6479949951172,138.9499969482422,-0.6333259204414677,-0.7585210106672614,-0.15344104689842186,-0.7072040406061718,-0.706981205438378,-0.006326144734502523,4.417005604417623,0.9952585887630226,0.9952936009019918,0.9851214386995991,0.10301137734568913,0.6991727154479349,0.7074928763673207
964,train,964:23,0,wrong_branch,1,8,LM,IM,29.507797241210938,-160.5804443359375,158.28466796875,34.1953125,-157.3584442138672,156.9499969482422,-0.763522953392357,-0.5774843949884881,0.2890406081985581,0.9463098704476312,0.3232609303540834,0.0,5.842553450417443,0.9970733615976282,0.93749911931675,0.9092074498974577,0.2284396765617013,0.8023059264360082,0.5514712273347033
964,train,964:24,1,positive_gap,10,10,R-PDA,R-PDA,8.02344036102295,-164.78500366210938,81.94950103759766,11.929699897766113,-165.17599487304688,81.06829833984375,0.9609049948961873,-0.2767483145141407,0.008482994585676903,0.822927690752987,0.016845370456310807,-0.5678963367430239,4.023463171194195,0.9579496709985442,0.9216971485642574,0.7812759390519631,0.2190159721264103,0.9708699621534639,0.09717777802386364
964,train,964:24,0,wrong_branch,2,1,LAD,LM,35.3671875,-160.1902313232422,157.9499969482422,29.507797241210938,-160.5804443359375,158.28466796875,-0.9877665626386042,-0.15593978761343433,1.929231567653524e-05,-0.763522953392357,-0.5774843949884881,0.2890406081985581,5.881898085825412,0.9943331014318552,0.8153582952913444,0.8442408133352778,0.056898473184077245,0.9961733735083594,0.06634134202965429
964,train,964:25,1,positive_gap,11,11,R-PLA,R-PLA,31.07029914855957,-139.8780059814453,80.44999694824219,27.164100646972656,-141.05499267578125,79.94999694824219,-0.9876368677557262,-0.15675910643295396,0.0,-0.9098494334933508,-0.19215748520086998,-0.3677628437636217,4.110192746385952,0.9835083863114292,0.9644561614409228,0.9287232802991868,0.12164879626135407,0.9503686913519062,0.28635802916319414
964,train,964:25,0,wrong_branch,2,1,LAD,LM,34.1953125,-160.22113037109375,157.95687866210938,28.3359375,-161.13116455078125,158.45639038085938,-0.9972596831024017,0.045870049877073354,0.05804362999306947,-0.9422343494768203,-0.32882506555569974,0.06378484873606756,5.950625980179991,0.9798244143164909,0.98342724600291,0.9282714107687797,0.08394271802895115,0.9846653141225941,0.1529308315996654
964,train,964:26,1,positive_gap,11,11,R-PLA,R-PLA,-5.257810115814209,-173.0189971923828,84.56829833984375,-2.132810115814209,-170.7729949951172,86.56189727783203,0.762711875595112,0.37585904947539595,0.5263084359514278,0.644403881228148,0.6442026033127806,0.41200320841364235,4.334119010326091,0.9867986529663585,0.987977427454567,0.950464635270162,0.4599778947551988,0.7210231173981724,0.5182142419057939
964,train,964:26,0,wrong_branch,3,13,LCX,L-PLA,25.60697364807129,-125.58969116210938,107.95001220703125,21.03740882873535,-129.10533142089844,106.44999694824219,0.42875752706156406,0.20785965991619174,0.8791822022581993,0.4444255057879331,0.19743430141287582,0.8737881130060934,5.957406721378953,0.672907190392522,0.6774146580511862,0.9998083650719238,0.25178996985484586,0.767039256013433,0.5901293000816473
964,train,964:27,1,positive_gap,10,10,R-PDA,R-PDA,-2.523439884185791,-169.33999633789062,80.11479949951172,0.9921879768371582,-167.12399291992188,80.44309997558594,0.8173498348236246,0.575417476488624,-0.02887862990617064,0.8343724895471304,0.5489598553049886,0.049655069735626084,4.168703828318886,0.9929091268373482,0.9993854303437626,0.9964213407640199,0.07875361013752145,0.8433383626681622,0.531580920408634
964,train,964:27,0,wrong_branch,3,13,LCX,L-PLA,26.80437469482422,-125.0703125,110.44999694824219,22.128068923950195,-128.70887756347656,109.40347290039062,0.51030730660621,0.20601168156593175,0.8349524776193508,0.5725129424451544,0.2481578941528133,0.781438794981688,6.016826735630129,0.6664206786798258,0.7309465445257793,0.9957452207025047,0.173932887522639,0.7772046589246323,0.6047315675437185
964,train,964:28,1,positive_gap,10,10,R-PDA,R-PDA,19.351600646972656,-163.08999633789062,75.33809661865234,23.25779914855957,-162.92999267578125,73.49649810791016,0.8173243317787108,0.24165346637400176,-0.523053093740887,0.9742709221749615,0.10848993517286454,-0.19755025732845233,4.321512811557557,0.9706208221667413,0.968841895311422,0.9258415726042476,0.4261467201524828,0.9038960826727351,0.037024919070344386
964,train,964:28,0,wrong_branch,2,4,LAD,D1,49.82029724121094,-161.56790161132812,157.3247833251953,54.8984375,-161.7894744873047,153.9499969482422,-0.8369315467115601,0.14421648663668768,0.5279651419375768,0.8826421242088451,0.2853071710089138,-0.37355414432580986,6.101293806838937,0.9938514687875001,0.9308893804769214,0.8947886072220739,0.5531263505406556,0.8323054780769576,0.03631571974590071
964,train,964:29,1,positive_gap,4,4,D1,D1,94.3515625,-178.9711456298828,121.44999694824219,91.8736572265625,-178.5855255126953,124.94999694824219,-0.641277747146288,-0.18219512695788714,0.7453641973745324,-0.39135043468553554,0.5291379095758457,0.7528996678981512,4.305661089648031,0.9586314412711213,0.8846317178492153,0.7157424331529161,0.8128833011067552,0.5754993767147748,0.08956118680929966
964,train,964:29,0,wrong_branch,2,4,LAD,D1,48.6484375,-161.269287109375,157.9098663330078,53.72697830200195,-162.31382751464844,154.62168884277344,-0.9081362390626716,0.3399125563554109,0.24443409200239602,0.6844011805528014,0.44887398168054754,-0.5745495388808376,6.139605243265358,0.9399304668207522,0.7974638395159934,0.6093911063695396,0.5355682262864108,0.8271770905096374,0.17013152538092127
964,train,964:30,1,positive_gap,4,4,D1,D1,69.3515625,-165.01226806640625,145.6549072265625,72.4765625,-167.2214813232422,143.4499969482422,0.7762394870002054,-0.3881349044275832,-0.4967932716801315,0.6387787413045575,-0.5291009304684566,-0.5585820665173369,4.416772299951878,0.9913587268588447,0.9954562738426126,0.978707633863803,0.4992130290131405,0.7075302478314419,0.5001872649989241
964,train,964:30,0,wrong_branch,9,10,RCA,R-PDA,-10.72659969329834,-175.8520050048828,82.910400390625,-6.039050102233887,-172.21299743652344,81.33219909667969,-0.7363362721627958,-0.6681971336984335,0.10640246620541717,0.749205788359293,0.498929121056095,-0.43561498924063974,6.140538785438619,0.9854366106018184,0.9795613193405865,0.9314009150628823,0.25701348840720356,0.7633775723687772,0.592620239935418
964,train,964:31,1,positive_gap,2,2,LAD,LAD,66.2319564819336,-194.1746063232422,135.60789489746094,68.56990814208984,-196.5546875,133.06829833984375,0.6230495749601811,-0.5499781034504022,-0.5561774113239734,0.32126703765372455,-0.7727585004267244,-0.5473863265879415,4.192893398197155,0.9964762187391547,0.9493385158521346,0.9296094558645567,0.6056907048266846,0.5575986408720799,0.5676464795840483
964,train,964:31,0,wrong_branch,3,1,LCX,LM,31.33759117126465,-157.1015625,154.90353393554688,28.3359375,-161.13116455078125,158.45639038085938,-0.40432031125935425,-0.6220518090995674,0.6705047596394036,-0.9422343494768203,-0.32882506555569974,0.06378484873606756,6.153893594373856,0.9916417720928734,0.711730499818814,0.6282787570363427,0.5773347216404048,0.48776496135859165,0.6548052853018581
964,train,964:32,1,positive_gap,11,11,R-PLA,R-PLA,-3.695310115814209,-172.20199584960938,85.4563980102539,-0.9609379768371582,-169.6020050048828,87.11479949951172,0.7750665705800767,0.5148894387722684,0.36627950667491277,0.6685312859584982,0.6683241035604449,0.3262036362378637,4.121533560053637,0.9863966126730586,0.9963831203187886,0.9817509806903261,0.40237486001114364,0.6634356118020949,0.6308309290323301
964,train,964:32,0,wrong_branch,9,10,RCA,R-PDA,-9.55469036102295,-174.94700622558594,82.78520202636719,-4.867189884185791,-171.42599487304688,80.910400390625,-0.8325912267141823,-0.5531344526254935,0.028881248540685498,0.7995198544831441,0.5628494850584072,-0.20968657433593085,6.155084307987919,0.959290039902724,0.9947337115113528,0.9830606683238294,0.3045939814843991,0.7615656004506444,0.5720492484513298
964,train,964:33,1,positive_gap,11,11,R-PLA,R-PLA,17.00779914855957,-142.25799560546875,82.74559783935547,13.107000350952148,-143.16799926757812,83.4573974609375,-0.9484119844587313,-0.29986243805003715,-0.10294282870476656,-0.8414954608161848,-0.3434220668089306,0.4170691470900708,4.068291610215804,0.9584282427198471,0.9566397530325954,0.8581294803722648,0.17496278285328556,0.9588296934792494,0.2236820142942269
964,train,964:33,0,wrong_branch,2,8,LAD,IM,41.2265625,-159.4453125,157.66131591796875,35.7578125,-156.71133422851562,156.9499969482422,-0.9862760094693407,0.0,0.16510491556956483,0.951671295921091,0.3071184535645349,0.0,6.155309775156856,0.8571875114459643,0.7091108945268181,0.9386105680675697,0.11556184752837008,0.8884605649048166,0.4441658293980346
964,train,964:34,1,positive_gap,13,13,L-PLA,L-PLA,13.924541473388672,-134.8359375,100.28520965576172,16.226577758789062,-131.71133422851562,100.16875457763672,0.18874352978984157,0.9209524069559725,-0.34091427673899505,0.6458690755198137,0.641734860923166,0.4135571369993585,3.8827926095391687,0.8632463522166292,0.8869441175332389,0.5719233416400716,0.029992608371329298,0.5928815975761346,0.8047309206801082
964,train,964:34,0,wrong_branch,2,8,LAD,IM,34.1953125,-160.22113037109375,157.95687866210938,38.4921875,-155.92428588867188,156.95639038085938,-0.9972596831024017,0.045870049877073354,0.05804362999306947,0.9392967300338433,0.33987131290248007,0.04700152778020911,6.158488781565076,0.6732293990902644,0.8848583683403015,0.9184047059704661,0.16245678391830126,0.6977158118501958,0.6977108564822139
964,train,964:35,1,positive_gap,10,10,R-PDA,R-PDA,4.117189884185791,-165.21299743652344,80.9563980102539,8.02344036102295,-164.78500366210938,81.94950103759766,0.908693586086931,0.41290539609985255,0.061523170237702075,0.9609049948961873,-0.2767483145141407,0.008482994585676903,4.053174691725863,0.9344291395211987,0.8989283224970872,0.7594192339966529,0.24501856023404744,0.9637508308761932,0.10559470216957773
964,train,964:35,0,wrong_branch,2,8,LAD,IM,38.4921875,-159.57406616210938,157.9499969482422,32.62783432006836,-157.80116271972656,156.9569091796875,-0.9607647569446771,-0.2773645287577983,0.0,0.8864362609658295,0.4601155104427921,-0.05024412696911617,6.206452138785902,0.8285769735640228,0.6981022343558668,0.9792764405419024,0.16000893044008133,0.9448801100525069,0.2856548963462442
964,train,964:36,1,positive_gap,2,2,LAD,LAD,75.1185302734375,-208.4888153076172,119.4574203491211,78.3359375,-207.36383056640625,117.3311996459961,0.4133063971304653,-0.08880083042824304,-0.9062517501259176,0.7643895095328583,0.46733759408021613,-0.4441894312964135,4.017227203917076,0.7858073449160056,0.9781733916653338,0.6769745572444995,0.5292756907181617,0.8009024790595125,0.2800401082901159
964,train,964:36,0,wrong_branch,2,1,LAD,LM,32.62783432006836,-159.7381134033203,158.23178100585938,26.7734375,-161.69664001464844,158.90989685058594,-0.8865149483894251,0.4204609706370279,-0.1931419645055499,-0.8853150358024972,-0.40759074265500905,0.2238014161795258,6.210445210528483,0.6820048361723471,0.9875340534955559,0.5702435688134029,0.10918957043159515,0.9426694257190259,0.31536009817909055
964,train,964:37,1,positive_gap,10,10,R-PDA,R-PDA,32.6328010559082,-164.91400146484375,71.99009704589844,36.539100646972656,-165.82400512695312,71.61479949951172,0.9457384195280468,-0.2990348710674022,0.12711014009233965,0.9038913387902447,-0.2672488753730577,-0.33400372194305683,4.0284154960141185,0.9727785799170778,0.9679782543669183,0.8923062392751221,0.0931625714274145,0.9696863679850075,0.22589617754419086
964,train,964:37,0,wrong_branch,2,8,LAD,IM,40.0546875,-159.44532775878906,157.943115234375,34.1953125,-157.3584442138672,156.9499969482422,-0.9983103611702594,-0.0005069544802817724,0.05810478273998775,0.9463098704476312,0.3232609303540834,0.0,6.298701632157382,0.9193500872789904,0.7732032354124895,0.9448748271224992,0.1576703174925048,0.9302512394118743,0.33131963804532394
964,train,964:38,1,positive_gap,13,13,L-PLA,L-PLA,16.226577758789062,-131.71133422851562,100.16875457763672,18.960535049438477,-130.0196990966797,102.99650573730469,0.6458690755198137,0.641734860923166,0.4135571369993585,0.6557776248169801,0.25172327344681644,0.7117521340990973,4.281626852886671,0.939081455664907,0.9882575056765206,0.8794362629948451,0.6604384867778705,0.6385323580466106,0.3950916765891072
964,train,964:38,0,wrong_branch,3,1,LCX,LM,30.8505916595459,-157.8824005126953,155.62118530273438,26.7734375,-161.69664001464844,158.90989685058594,-0.2833747703580824,-0.6893944723233083,0.6666588340782499,-0.8853150358024972,-0.40759074265500905,0.2238014161795258,6.479755602176232,0.9224617756482082,0.9105641101385621,0.6810659410969092,0.5075363562704504,0.629214187982118,0.5886394080468265
965,val,965:0,1,positive_gap,11,11,R-PLA,R-PLA,35.873046875,-121.01530456542969,96.44999694824219,32.005859375,-121.17414855957031,96.95056915283203,-0.9399838661194588,0.34121889079462675,0.0,-0.8529293369192054,-0.3805604853962427,0.3573307475960343,3.9026840900383846,0.9175462843403174,0.9064933712548489,0.6718853889368503,0.12826357272102965,0.9909045699781364,0.04070121754053188
965,val,965:0,0,wrong_branch,10,9,R-PDA,RCA,18.083999633789062,-150.35748291015625,94.3324203491211,14.603515625,-150.79222106933594,95.48346710205078,-0.8493727849714241,0.17453898994359393,0.4980983970455608,0.7178338410708806,0.6792147355435485,-0.15291147646247197,3.691568071959842,0.9355602041291189,0.8044543590182149,0.5673240361563595,0.311804287633954,0.9428199456014053,0.11776517477270476
965,val,965:1,1,positive_gap,5,5,D2,D2,76.865234375,-166.63702392578125,158.0752410888672,73.771484375,-165.34942626953125,159.94998168945312,-0.8356087753891493,0.03944941207990519,0.5479066694056536,-0.7902993147658445,0.5201618872162662,0.32381878291453253,3.8397720122900285,0.9539999995147148,0.969282535410113,0.8583235940771208,0.4882426859160963,0.8057118990653033,0.3353317989007583
965,val,965:1,0,wrong_branch,3,6,LCX,OM1,59.07572937011719,-120.58140563964844,158.78521728515625,62.169921875,-119.45692443847656,156.78465270996094,-0.6361584990748622,-0.5044797481778228,0.5837829628665595,0.8958573525301663,0.048233170537905656,-0.44171615906315065,3.852368602378064,0.9613748709767829,0.9630111970616639,0.8521062945814736,0.5193076731962682,0.8031922238626827,0.2918934601631146
965,val,965:2,1,positive_gap,9,9,RCA,RCA,17.051698684692383,-174.382080078125,147.10816955566406,14.216796875,-177.0470428466797,145.9977569580078,-0.5651277772700202,-0.7499805738877663,-0.3437437041588154,-0.7594889742383663,-0.633521806340206,0.14773834607777564,4.046197099180107,0.9842450347538276,0.9088381222401172,0.853553237434786,0.2744336398939281,0.7006336419614426,0.6586339476874957
965,val,965:2,0,wrong_branch,5,2,D2,LAD,72.99803161621094,-164.7404022216797,160.28411865234375,70.29100036621094,-162.0023651123047,161.4093780517578,-0.7530396062209072,0.5922456419940275,0.28666435251307965,-0.29065481475907673,0.9232085727337891,0.25140745790092833,4.011368110353482,0.9928443213765028,0.89682360343709,0.8377103972416275,0.28051761106384837,0.6748398988896226,0.6825693962885206
965,val,965:3,1,positive_gap,9,9,RCA,RCA,4.167222023010254,-165.095703125,98.61532592773438,6.8636016845703125,-162.001953125,97.94285583496094,0.6612470533784013,0.6988711108094648,-0.2726380473711008,0.6889222264733527,0.7234878325432733,-0.04417603459835525,4.158601732247205,0.9927487179305157,0.9920626425665251,0.9732166052625353,0.1617058175008385,0.6483861247523219,0.7439399584745073
965,val,965:3,0,wrong_branch,9,10,RCA,R-PDA,14.603515625,-150.79222106933594,95.48346710205078,17.697708129882812,-147.72988891601562,95.9499740600586,0.7178338410708806,0.6792147355435485,-0.15291147646247197,0.7629036310078762,0.6463680802387743,0.01365117736459607,4.3783026638644,0.966073675453591,0.9926981195486784,0.9845733468102044,0.10654972801630433,0.7067105091706476,0.6994336363711826
965,val,965:4,1,positive_gap,1,1,LM,LM,32.779296875,-141.0885772705078,166.11532592773438,36.646484375,-142.05184936523438,167.44284057617188,0.916205737179932,-0.18115163151075755,0.35742290575670727,0.9249012696179344,-0.3760878327828134,0.0558174120849365,4.200634170033292,0.9979735580841882,0.955365264582252,0.9354791956681238,0.3160271984425101,0.9206199215318364,0.2293158736836462
965,val,965:4,0,wrong_branch,4,2,D1,LAD,63.330078125,-151.5665283203125,166.49667358398438,59.076171875,-153.13839721679688,167.94944763183594,-0.9765305096773709,-0.05311607740013241,0.20872672562678074,-0.9043591263582645,0.1976718835386433,0.37823325743620356,4.7620418567705896,0.9535391865630867,0.8580000423651455,0.9515821128759594,0.30507376699892574,0.8932945946184553,0.3300829651989553
965,val,965:5,1,positive_gap,10,10,R-PDA,R-PDA,46.701171875,-143.02687072753906,92.45660400390625,42.833984375,-142.31582641601562,93.56809997558594,-0.984207554556441,0.1632384965111269,0.06847395717217664,-0.8584542778492902,0.1357762773342361,0.4945918068018416,4.086091833055916,0.9785128792183069,0.9706300213469505,0.9009277590711428,0.2720193321862811,0.9464269668916859,0.17401574427945735
965,val,965:5,0,wrong_branch,10,9,R-PDA,RCA,19.244140625,-150.30307006835938,93.9099349975586,14.603515625,-150.79222106933594,95.48346710205078,-0.9516444808004166,-0.17368337854886076,0.2533907381455734,0.7178338410708806,0.6792147355435485,-0.15291147646247197,4.9244971698894275,0.9950053497030751,0.7927809112611134,0.8398372749079966,0.31953152783059047,0.9423550953333574,0.09933014155586278
965,val,965:6,1,positive_gap,10,10,R-PDA,R-PDA,26.205078125,-148.20240783691406,92.23744201660156,22.337890625,-149.2346954345703,92.94338989257812,-0.8482196858476977,0.2042066135258731,0.4886952256086893,-0.9376430216189718,-0.34142355685806036,0.06523433782629624,4.06437193770784,0.8400850169991952,0.9901999078505312,0.7574860303524428,0.17369175036049772,0.9514846473871078,0.25398453032288754
965,val,965:6,0,wrong_branch,10,9,R-PDA,RCA,18.083999633789062,-150.35748291015625,94.3324203491211,13.448914527893066,-151.81939697265625,95.73289489746094,-0.8493727849714241,0.17453898994359393,0.4980983970455608,0.790173429299012,0.5909335737896834,-0.16255295444252027,5.057918111790842,0.8658361349393161,0.9399255514075673,0.6489782232039524,0.2768875488662235,0.916401769156928,0.28903474318653694
965,val,965:7,1,positive_gap,3,3,LCX,LCX,54.04881286621094,-124.07210540771484,161.11532592773438,50.60488510131836,-126.17008972167969,162.278076171875,-0.7537898446018773,-0.5943348728356709,0.28029792918693575,-0.727802905914827,-0.5694910735243734,0.38207701752132406,4.196923249439952,0.9933037258473844,0.9877579057952375,0.994174240915638,0.2770482505954297,0.8205839278457485,0.4998862712690312
965,val,965:7,0,wrong_branch,11,10,R-PLA,R-PDA,21.564468383789062,-144.2184295654297,97.44999694824219,17.697708129882812,-147.72988891601562,95.9499740600586,-0.6910535697835011,-0.6591602587004985,-0.29656823336185484,0.7629036310078762,0.6463680802387743,0.01365117736459607,5.434358315116992,0.9994946512358205,0.9642606268963844,0.9573159341490504,0.2760257607620231,0.7115394366157113,0.6461589661502367
965,val,965:8,1,positive_gap,10,10,R-PDA,R-PDA,42.44769287109375,-149.62098693847656,89.78120422363281,39.353515625,-146.96202087402344,90.44336700439453,-0.7239170301397276,0.6898544078893823,0.006710394121531274,-0.9784601728723199,0.20045239282471186,0.04934093952811667,4.133097253922745,0.9868314693223859,0.8693715211958383,0.8469380463683962,0.16020982330702632,0.7486340281872268,0.643334986112288
965,val,965:8,0,wrong_branch,5,2,D2,LAD,74.158203125,-165.5733642578125,159.791259765625,70.29100036621094,-162.0023651123047,161.4093780517578,-0.8180888953845987,0.44723096770650317,0.36154532326212113,-0.29065481475907673,0.9232085727337891,0.25140745790092833,5.506868335335488,0.9707513980722645,0.8766516351539073,0.7415641303604396,0.2938363853281111,0.7022508117680402,0.6484627792159228
965,val,965:9,1,positive_gap,1,1,LM,LM,23.884765625,-139.74221801757812,162.11585998535156,27.365234375,-140.350830078125,164.32473754882812,0.777025854122821,0.13713844087323934,0.6143483295814822,0.8809840599516131,-0.04788334685066868,0.47071676325105627,4.166918699758831,0.9546551353974252,0.9923725100850367,0.9671648013308879,0.5300985506639249,0.8352619767218974,0.14605805977978395
965,val,965:9,0,wrong_branch,3,6,LCX,OM1,57.916015625,-121.13761901855469,159.90936279296875,62.169921875,-119.45692443847656,156.78465270996094,-0.6752594867416498,-0.2671769775163186,0.6874889731847692,0.8958573525301663,0.048233170537905656,-0.44171615906315065,5.539338025264728,0.9874351683495903,0.9517731778319699,0.9214979574170458,0.5640944944605508,0.7679448754703326,0.3034107274935264
965,val,965:10,1,positive_gap,9,9,RCA,RCA,3.0023794174194336,-166.642578125,99.2846450805664,5.450137138366699,-163.548828125,98.11534881591797,0.5332737958115749,0.788277997603309,-0.30698022280797266,0.5553316400655476,0.7793537538416327,-0.2901973396071452,4.114615495702817,0.9971796728752045,0.9988222848793464,0.9995760721058086,0.28418117461269854,0.5948934289251648,0.7518928568735088
965,val,965:10,0,wrong_branch,5,2,D2,LAD,72.99803161621094,-164.7404022216797,160.28411865234375,69.7449951171875,-160.45509338378906,161.95001220703125,-0.7530396062209072,0.5922456419940275,0.28666435251307965,-0.42008028358442095,0.8396633326646978,0.34423544721897176,5.632168289001272,0.9703497525045334,0.983318062241369,0.912304072433505,0.2957819207818639,0.5775815515626725,0.7608630669398055
965,val,965:11,1,positive_gap,1,1,LM,LM,25.431640625,-139.989990234375,163.32420349121094,29.298828125,-140.89437866210938,165.07470703125,0.827704956090423,-0.16909100418869025,0.5350819918160311,0.8711553824993119,-0.17843148636970993,0.45743907158699665,4.340198178892917,0.9885440598204859,0.997890214415332,0.9959981963879098,0.40332341240822667,0.8910163408682017,0.20837491525906848
965,val,965:11,0,wrong_branch,3,6,LCX,OM1,59.07572937011719,-120.58140563964844,158.78521728515625,63.716796875,-118.81178283691406,155.83189392089844,-0.6361584990748622,-0.5044797481778228,0.5837829628665595,0.7502368240070324,0.48799140008506664,-0.44610436149723715,5.778684222442659,0.9637649425737004,0.9799723725529506,0.9838794364414147,0.5110719413924711,0.803135683873902,0.3062328264731435
965,val,965:12,1,positive_gap,11,11,R-PLA,R-PLA,37.806640625,-121.90553283691406,96.44999694824219,33.939453125,-120.7513427734375,96.45054626464844,-0.9443209797820333,0.3290256633509014,0.0,-0.9628452353976864,-0.26990743272107254,0.00888990629273432,4.035751994923969,0.9989772526508234,0.8454393306432636,0.8204284839748162,0.0001361125279603185,0.9582321968406423,0.2859913257624015
965,val,965:12,0,wrong_branch,4,2,D1,LAD,63.330078125,-151.5665283203125,166.49667358398438,57.916015625,-152.72027587890625,168.4027557373047,-0.9765305096773709,-0.05311607740013241,0.20872672562678074,-0.8505906958381736,0.49601009681945896,0.17455501140523758,5.8546012125569655,0.981472492351229,0.7456693947987206,0.8407159510121323,0.3255699379203048,0.924753421016602,0.1970668055271107
965,val,965:13,1,positive_gap,8,8,IM,IM,48.248046875,-142.02597045898438,166.9505615234375,44.380859375,-142.31582641601562,168.40277099609375,-0.9009139623545529,0.21643050267501954,0.3761806347307866,-0.9681723703071907,-0.15314879389841887,0.1979588550714908,4.141022577631676,0.9581118069547893,0.9842913982331081,0.9135622236795161,0.35068861505381943,0.9338725948728618,0.06999622716305588
965,val,965:13,0,wrong_branch,1,8,LM,IM,37.80705261230469,-142.493408203125,167.45054626464844,43.607421875,-142.53858947753906,168.4488983154297,0.9784957505714481,-0.20607077164089707,0.00899461999996098,-0.9590947968919087,-0.28308509422940037,0.0,5.8858331397073576,0.9673952484797915,0.9429954439472747,0.8801346193460301,0.16961949601426993,0.9854797315888071,0.007676275106961137
965,val,965:14,1,positive_gap,3,3,LCX,LCX,55.467830657958984,-122.9123764038086,160.9499969482422,52.115234375,-125.263671875,161.4977569580078,-0.667387925921681,-0.7447090615332673,0.0013304150469671918,-0.8181122048745234,-0.5476462823089269,0.1754308117422849,4.131408144646817,0.9655889546529555,0.9988294545562048,0.9540687523245288,0.13258433700755837,0.811489972808191,0.5691268906070311
965,val,965:14,0,wrong_branch,9,10,RCA,R-PDA,13.448914527893066,-151.81939697265625,95.73289489746094,17.697708129882812,-147.72988891601562,95.9499740600586,0.790173429299012,0.5909335737896834,-0.16255295444252027,0.7629036310078762,0.6463680802387743,0.01365117736459607,5.901139430692321,0.9724604256501824,0.9977244214195503,0.9825677387650033,0.036785974157568506,0.719995460519271,0.6930031233240738
965,val,965:15,1,positive_gap,1,1,LM,LM,30.845703125,-141.07791137695312,165.49667358398438,34.712890625,-141.62818908691406,166.909912109375,0.9722000402102949,0.1078496059442568,0.2078353779142747,0.9197269058650065,-0.30731957474423166,0.24424802477605848,4.153936428002284,0.9615105192522053,0.9800458660156235,0.9117776203634747,0.34021669562966356,0.9309693508862417,0.13247138455259838
965,val,965:15,0,wrong_branch,10,9,R-PDA,RCA,20.404296875,-149.9822540283203,93.44999694824219,14.603515625,-150.79222106933594,95.48346710205078,-0.8485822509237397,-0.39929638704983655,0.34708868997152054,0.7178338410708806,0.6792147355435485,-0.15291147646247197,6.200008918083386,0.9599423958521758,0.8104955372510192,0.9334228906256813,0.327978585301326,0.9356085332524329,0.13063965741294625
965,val,965:16,1,positive_gap,10,10,R-PDA,R-PDA,24.271484375,-148.2139129638672,92.45716094970703,20.404296875,-149.9822540283203,93.44999694824219,-0.9448722718874555,-0.32243244331670845,0.05704129482275122,-0.8485822509237397,-0.39929638704983655,0.34708868997152054,4.366679814272483,0.9803332513366229,0.9921315969927763,0.9503463372920057,0.2273663379875195,0.8856127915218576,0.40496238324442896
965,val,965:16,0,wrong_branch,10,9,R-PDA,RCA,19.244140625,-150.30307006835938,93.9099349975586,13.448914527893066,-151.81939697265625,95.73289489746094,-0.9516444808004166,-0.17368337854886076,0.2533907381455734,0.790173429299012,0.5909335737896834,-0.16255295444252027,6.261555365397304,0.9966017228173548,0.9217533561642259,0.8957889355752217,0.29113531599136067,0.9255250107876701,0.24216457666036498
965,val,965:17,1,positive_gap,11,11,R-PLA,R-PLA,46.701171875,-125.96405792236328,94.95660400390625,42.833984375,-124.74908447265625,95.95660400390625,-0.9975885717132782,0.0,0.06940491039589007,-0.9322214107362395,0.35602920177828074,0.06485714182767813,4.175080794864844,0.9406445427112907,0.982615273262762,0.934474829773986,0.23951632294875677,0.9262545301533953,0.2910059731541944
965,val,965:17,0,wrong_branch,4,2,D1,LAD,64.876953125,-151.560546875,166.10813903808594,59.076171875,-153.13839721679688,167.94944763183594,-0.9177589566322782,1.810604002194362e-05,0.3971378818413114,-0.9043591263582645,0.1976718835386433,0.37823325743620356,6.287216566086911,0.9630563398164046,0.8955532074671382,0.9801980219826274,0.2928654634996944,0.9226310544620444,0.25096166566104317
965,val,965:18,1,positive_gap,11,11,R-PLA,R-PLA,68.744140625,-120.87635803222656,99.65538787841797,65.263671875,-119.11824035644531,98.9033203125,-0.8182343464720288,0.5439075929219646,-0.18616413353631375,-0.9721454490266804,0.10839974112016253,-0.20780452849203132,3.9711769169009337,0.9931817986160452,0.9393649491562909,0.8930879884177757,0.1893815313836168,0.8764325596241939,0.4427195545730728
965,val,965:18,0,wrong_branch,4,2,D1,LAD,68.357421875,-151.98336791992188,163.83905029296875,62.943359375,-154.43751525878906,166.10813903808594,-0.8349887836738359,0.13802815298301513,0.5326743471606131,-0.8272298701340283,0.4199880339737819,0.3732302148498647,6.362678339189609,0.8472258247017536,0.6750072773976203,0.9475079967220135,0.35662477720132446,0.8509093515938398,0.38570979201500283
965,val,965:19,1,positive_gap,2,2,LAD,LAD,58.302734375,-152.9434356689453,168.28411865234375,54.435546875,-151.2647705078125,168.56809997558594,-0.8604660591049204,0.3900854161176603,0.32776749268461575,-0.9004084026015468,0.4081929585578627,-0.15047663309733472,4.225364040565935,0.9645290188037884,0.9761371623851947,0.884679641128916,0.06720872344153138,0.915231791361115,0.3972829666311961
965,val,965:19,0,wrong_branch,1,2,LM,LAD,37.80705261230469,-142.493408203125,167.45054626464844,43.220703125,-145.85067749023438,168.28466796875,0.9784957505714481,-0.20607077164089707,0.00899461999996098,-0.8340247053414154,0.4564124386284487,-0.30998463953137734,6.42453328709778,0.9333863541740981,0.981547198855589,0.9129310875012566,0.12983382089041504,0.8426527298982798,0.5225701443327705
966,val,966:0,1,positive_gap,9,9,RCA,RCA,1.1679000854492188,-193.40187072753906,132.4485321044922,4.4677734375,-194.13658142089844,134.43817138671875,0.5495287203541791,-0.08374243047501345,0.8312673401764535,0.9623615324997359,-0.258719188806038,0.08321455466627015,3.9227067715915886,0.899588982598489,0.9002258091577671,0.6196846166752066,0.5072108108196146,0.8412235591884171,0.18729686824418829
966,val,966:0,0,wrong_branch,10,9,R-PDA,RCA,18.3310546875,-167.9541015625,79.32523345947266,15.038082122802734,-168.72056579589844,80.45008087158203,0.7625748365039078,-0.2912610080513651,-0.5776215403877706,-0.7901664709766084,-0.6128898009044873,-0.001743585854134652,3.5632032545810657,0.8244359793362741,0.8615263106013069,0.42304303343315186,0.3156843243963713,0.9241607422937843,0.2151053921532614
966,val,966:1,1,positive_gap,5,5,D2,D2,68.13436889648438,-188.74212646484375,137.02037048339844,67.61905670166016,-186.75982666015625,140.06430053710938,-0.31646003415015167,0.6083750464298863,0.7278274861992494,0.22366945214189163,0.7345862500118077,0.6405895858286614,3.6688648579204064,0.9770088429142451,0.8969587606695263,0.8423602094336138,0.8296653519792779,0.14045548549212825,0.5403033040064363
966,val,966:1,0,wrong_branch,14,3,Other,LCX,47.03907775878906,-133.1748809814453,107.94853210449219,46.63541030883789,-135.12725830078125,111.45008087158203,-0.04222882459780428,-0.43328569823855556,0.9002667549537833,0.31194915139443846,-0.10873670557547058,0.9438559507704993,4.029338453830339,0.9965187992626462,0.8416590065284907,0.8836629473457336,0.8690133150173147,0.1001820657600606,0.4845404131985943
966,val,966:2,1,positive_gap,10,10,R-PDA,R-PDA,45.02878952026367,-185.8845672607422,73.12277221679688,48.142578125,-188.41119384765625,71.78759002685547,0.7166977925383938,-0.6035131595075662,-0.3494511989846199,0.5017056530281493,-0.7699931096580225,-0.3942106655061059,4.226373488586112,0.9992204527955187,0.9544905291727278,0.9620296981517106,0.3159167531093134,0.7367518779742329,0.5978237829045532
966,val,966:2,0,wrong_branch,11,9,R-PLA,RCA,18.001033782958984,-166.0053253173828,81.77713775634766,15.038082122802734,-168.72056579589844,80.45008087158203,0.7037593213669356,0.5810149119141017,0.408833082960025,-0.7901664709766084,-0.6128898009044873,-0.001743585854134652,4.232338995401513,0.9936219237344107,0.9469189720463077,0.9128979686471277,0.31355165222055426,0.7000742765112938,0.6415460768775295
966,val,966:3,1,positive_gap,10,10,R-PDA,R-PDA,23.6123046875,-171.1408233642578,77.44999694824219,26.91399383544922,-173.8121795654297,77.77851104736328,0.8297120977605424,-0.5581915753841149,0.0,0.8117391726653347,-0.46835049233981524,0.34889444232554156,4.259720260362928,0.9931591036172812,0.9497943304973043,0.9349391109376493,0.07712104998488899,0.7750952987856331,0.6271201012961061
966,val,966:3,0,wrong_branch,5,2,D2,LAD,66.18451690673828,-182.51612854003906,142.9499053955078,62.60786819458008,-179.8299560546875,143.00845336914062,-0.7693868813702744,0.6387808213013929,0.0016997390508566763,0.6004224952699605,-0.7773421826929431,-0.1877017799062259,4.473406587429677,0.9987470384619606,0.9492911058218378,0.9588275130783507,0.01308800630761643,0.7995357994528435,0.6004758192335429
966,val,966:4,1,positive_gap,9,9,RCA,RCA,-12.3662109375,-204.38751220703125,116.44999694824219,-8.7353515625,-203.47970581054688,117.77584838867188,0.9764235005577316,0.2130509856986175,0.03473362997777249,0.8703648419782548,0.3231680108528727,0.3715204955444116,3.970533250913889,0.953201210701642,0.9938532354103691,0.9316002044466488,0.33392276468772025,0.9144513206542958,0.2286358882085743
966,val,966:4,0,wrong_branch,2,4,LAD,D1,57.2802734375,-169.60357666015625,146.4499969482422,61.5712890625,-170.9556427001953,145.43954467773438,0.7260742219129557,-0.676037605467937,-0.12565580076810587,-0.9818951035849701,0.15939000814712567,0.10235639139164698,4.611064027054433,0.9014432426184733,0.982909643028592,0.8335440371029471,0.21913646494154054,0.9305912040742402,0.29322213530458563
966,val,966:5,1,positive_gap,9,9,RCA,RCA,2.4873046875,-193.79869079589844,133.87962341308594,6.4482421875,-194.56849670410156,134.27713012695312,0.8974180900594793,-0.29234954145012715,0.330412646924867,0.8987962263480276,-0.24156810558373856,-0.3658007570621318,4.054582420272176,0.9645902365453644,0.8880391622673165,0.756353121310277,0.09803887864745975,0.9769039297847373,0.1898607127467024
966,val,966:5,0,wrong_branch,11,10,R-PLA,R-PDA,19.3212890625,-165.3066864013672,82.46173858642578,23.9423828125,-166.4732666015625,82.9382553100586,0.832205653455666,0.2778763607114587,0.47981087786145826,-0.9078492955993954,0.41151609966715386,0.08039997633342001,4.789831416415253,0.7829447145091611,0.9680948875518858,0.6025899369092995,0.09948507206323377,0.9647716899102187,0.2435534988136159
966,val,966:6,1,positive_gap,10,10,R-PDA,R-PDA,34.05379104614258,-169.9267578125,76.46053314208984,31.5341796875,-167.54261779785156,78.27704620361328,-0.5500831357019144,0.8304271606332371,0.08831350235931776,-0.8641874465498014,0.005713272801549765,0.5031375713854306,3.9156461421754907,0.9005596630379574,0.7929709698087523,0.524553238440468,0.46391144540813956,0.6434726906253866,0.6088752476810468
966,val,966:6,0,wrong_branch,10,11,R-PDA,R-PLA,23.9423828125,-166.4732666015625,82.9382553100586,20.519678115844727,-164.9842987060547,85.95008087158203,-0.9078492955993954,0.41151609966715386,0.08039997633342001,-0.4055538266550619,-0.027393064189009556,0.9136606118903086,4.796147000187234,0.8261183430166786,0.8546631242516406,0.4303673604962029,0.6279677335590133,0.7136363202632564,0.3104508463668202
966,val,966:7,1,positive_gap,2,2,LAD,LAD,62.276939392089844,-217.12884521484375,117.00846099853516,61.178977966308594,-219.7685546875,114.12422943115234,-0.4315271609370347,-0.5538075458277335,-0.7120965605575449,0.10943931378734637,-0.7326265864679514,-0.671774754957398,4.061080783094846,0.9823844423947186,0.9237233509984472,0.8368765879609658,0.7102128032983409,0.27036187764394126,0.650001714726934
966,val,966:7,0,wrong_branch,7,3,OM2,LCX,50.51824951171875,-133.2880859375,115.2291259765625,49.27512741088867,-136.69607543945312,118.43962860107422,-0.377357370896638,-0.7375311390708414,0.5600439567845049,-0.20780682715380414,0.4299655310342357,-0.8786045553664724,4.8442824138350495,0.9868587030423832,0.8314442972682692,0.7307527015520773,0.6627405981415678,0.25661635607366284,0.7035076015015274
966,val,966:8,1,positive_gap,8,8,IM,IM,47.0478515625,-159.03509521484375,146.9499969482422,51.0087890625,-159.03411865234375,146.46173095703125,0.9999310714433882,0.011741054555594519,0.0,0.9961015822778235,0.0012893326693684847,-0.08820416886340472,3.9909185046494957,0.9924221553395847,0.999410151186945,0.9960480605587297,0.12234426502122214,0.9924876930925632,0.00024469617679796925
966,val,966:8,0,wrong_branch,8,1,IM,LM,42.0966796875,-159.2510528564453,146.9514617919922,37.1455078125,-159.36517333984375,147.46173095703125,0.9626774574399963,0.269975391119146,-0.019115468263381667,0.9960210634368754,0.011787231519963023,-0.08833517059003539,4.978704755386864,0.9655011783823255,0.9998366239953901,0.9637178554958605,0.1024903443987035,0.994469870831952,0.022921721412574488
966,val,966:9,1,positive_gap,2,2,LAD,LAD,63.58351135253906,-229.4163360595703,93.94999694824219,63.599124908447266,-230.75962829589844,89.9619140625,-0.14212522970318456,-0.3360485989003526,-0.9310594815901543,0.46689951674696245,-0.1774800168915368,-0.8663173118815256,4.208263646547974,0.9890860286911657,0.8793752118345872,0.7998766572362332,0.947678952817892,0.0037102133372776866,0.3192034409322295
966,val,966:9,0,wrong_branch,14,3,Other,LCX,47.0468864440918,-132.65968322753906,106.94999694824219,46.63541030883789,-135.12725830078125,111.45008087158203,0.00605205352756729,-0.45253983611642,0.8917236507886415,0.31194915139443846,-0.10873670557547058,0.9438559507704993,5.148688635863641,0.9957908452488858,0.8521368552883979,0.8927542981227351,0.8740252599456327,0.07991862867521901,0.4792628274419388
966,val,966:10,1,positive_gap,7,7,OM2,OM2,74.7744140625,-142.32127380371094,96.50708770751953,71.58865356445312,-139.8896484375,96.02037811279297,-0.8149805896369793,0.5388057000135568,-0.21329570119405317,-0.5638735840110555,0.7836408135543004,0.260679221623975,4.037172042669874,0.9933487100999057,0.8855238156749129,0.8261744057213589,0.12055706063115665,0.7891069452517211,0.6023090768762107
966,val,966:10,0,wrong_branch,5,2,D2,LAD,67.52135467529297,-187.0830078125,139.7653045654297,63.26027297973633,-190.0615234375,138.83432006835938,0.1782344318681922,0.6675302867168145,0.7229355459599357,-0.12207831679998295,-0.7585230932119004,-0.6401090544833229,5.281581645526486,0.6476776995136316,0.6390870006171396,0.9908532861081343,0.1762700190119865,0.8067813737511355,0.5639438760778811
966,val,966:11,1,positive_gap,9,9,RCA,RCA,-5.4345703125,-184.15090942382812,83.12285614013672,-9.057621002197266,-185.7783660888672,84.43817138671875,-0.9073515767351621,-0.2004126217474392,0.369523879120867,-0.7061270167382293,-0.7050991690751757,0.0649599723049912,4.183917505710055,0.9798434121843714,0.9061591568304816,0.80602049603275,0.3143740871532333,0.8659469706925771,0.38897914760938046
966,val,966:11,0,wrong_branch,2,1,LAD,LM,42.09577178955078,-160.98385620117188,148.77842712402344,37.1455078125,-159.36517333984375,147.46173095703125,0.7428579945987235,-0.5875827809144649,0.32079350902658066,0.9960210634368754,0.011787231519963023,-0.08833517059003539,5.3720514186124415,0.9402071085983522,0.8926155851619827,0.7046388861429836,0.24510118470390213,0.9214848465336163,0.30131559346582315
966,val,966:12,1,positive_gap,3,3,LCX,LCX,41.107295989990234,-137.87838745117188,89.44999694824219,41.00104522705078,-136.58892822265625,93.44999694824219,-0.007700448314533513,0.45733199998773133,0.889262697341442,0.19869151073237537,0.20470227261306184,0.958445962561236,4.204044995790284,0.9865688735270498,0.9696918002165053,0.9443971279504537,0.9514646023069201,0.025273459976248403,0.3067187030126518
966,val,966:12,0,wrong_branch,14,3,Other,LCX,47.03907775878906,-133.1748809814453,107.94853210449219,47.162025451660156,-135.30799865722656,112.94999694824219,-0.04222882459780428,-0.43328569823855556,0.9002667549537833,0.3716909485446388,-0.15988417946557312,0.9144850397500263,5.438745971010223,0.9968676600849056,0.9120696419296287,0.8768599356558939,0.9195989057788261,0.022605889947137345,0.39220763152963234
966,val,966:13,1,positive_gap,10,10,R-PDA,R-PDA,33.1845703125,-177.4877166748047,77.27567291259766,35.93925094604492,-179.16990661621094,74.7772216796875,0.8395319236307773,-0.20400330790334603,-0.5035561533427023,0.5372915745786474,-0.7264267496230875,-0.42851130827416195,4.081701477941043,0.9588954893315526,0.9242883374262945,0.8150463950875926,0.6121102306017894,0.6748853752368196,0.4121295862760662
966,val,966:13,0,wrong_branch,6,1,OM1,LM,41.1064453125,-157.2064208984375,144.12139892578125,37.1455078125,-159.36517333984375,147.46173095703125,-0.8556805005468575,-0.3700806667837496,0.3617335774527639,0.9960210634368754,0.011787231519963023,-0.08833517059003539,5.6131146488539185,0.9614127126759238,0.7599509296424105,0.8885918258897548,0.5950942106504142,0.7056576870042627,0.38459083351290935
966,val,966:14,1,positive_gap,7,7,OM2,OM2,67.8427734375,-135.63717651367188,101.22904205322266,64.5419921875,-133.32667541503906,102.50846099853516,-0.662952571382935,0.5552289079023961,0.502209864425488,-0.7948330461493283,0.5738950327203383,0.19719259663562813,4.227349645435015,0.9731050372122075,0.9939672408594772,0.9446117912548403,0.3026527381509843,0.7808157656332999,0.5465602073222998
966,val,966:14,0,wrong_branch,11,9,R-PLA,RCA,18.001033782958984,-166.0053253173828,81.77713775634766,14.040096282958984,-169.92681884765625,80.44999694824219,0.7037593213669356,0.5810149119141017,0.408833082960025,-0.5608944337839382,-0.8278873317971445,0.0,5.729610816750254,0.9788748577379467,0.9543794136536833,0.8757495712371945,0.23162843874589764,0.6913100429823926,0.6844258110531926
966,val,966:15,1,positive_gap,9,9,RCA,RCA,-7.0849609375,-202.79656982421875,118.2889633178711,-3.7851452827453613,-200.62396240234375,120.27851104736328,0.8330209252482359,0.3700304211681906,0.4112829020378362,0.5885218412595583,0.5955162697179183,0.5468111327155976,4.423494832468739,0.9881357294839996,0.9774496554644053,0.9355042143609311,0.44976829516986844,0.745974795886225,0.49115179380970914
966,val,966:15,0,wrong_branch,11,9,R-PLA,RCA,19.3212890625,-165.3066864013672,82.46173858642578,15.038082122802734,-168.72056579589844,80.45008087158203,0.832205653455666,0.2778763607114587,0.47981087786145826,-0.7901664709766084,-0.6128898009044873,-0.001743585854134652,5.8349979409050565,0.9388796228886079,0.9392095640592842,0.8287251831696545,0.34475722788887997,0.7340545760386172,0.5850695114387185
966,val,966:16,1,positive_gap,5,5,D2,D2,67.61905670166016,-186.75982666015625,140.06430053710938,67.09832763671875,-183.7900390625,142.76393127441406,0.22366945214189163,0.7345862500118077,0.6405895858286614,-0.40676871099798956,0.8133306111609636,0.4159717931561794,4.047073418171196,0.9375785645220781,0.9266463203171235,0.7729469476294827,0.667057514989339,0.12866805494640987,0.7338111496376676
966,val,966:16,0,wrong_branch,7,3,OM2,LCX,50.51824951171875,-133.2880859375,115.2291259765625,49.46024703979492,-137.24896240234375,119.44991302490234,-0.377357370896638,-0.7375311390708414,0.5600439567845049,-0.06483940227295215,0.5038032714315019,-0.861381515710549,5.88412737011899,0.9660465662599187,0.9453585668930579,0.8295144866338313,0.717317417324107,0.17980618116742653,0.6731459425841172
966,val,966:17,1,positive_gap,11,11,R-PLA,R-PLA,70.4833984375,-165.42764282226562,77.56301879882812,73.4541015625,-168.2299041748047,77.39153289794922,0.8204698933998972,-0.5520686729559081,-0.14849018272284567,0.7742217341245333,-0.6041449182702535,0.18865212465654657,4.087438459355575,0.9810244717057972,0.9689696225746364,0.9407421185062502,0.04195436887530356,0.7267884653285669,0.6855788485634758
966,val,966:17,0,wrong_branch,5,2,D2,LAD,66.18451690673828,-182.51612854003906,142.9499053955078,61.901424407958984,-178.5087890625,143.43826293945312,-0.7693868813702744,0.6387808213013929,0.0016997390508566763,0.48873120473051784,-0.8690340241445532,-0.07695241647785186,5.885757736440638,0.9949435783066573,0.9537218237062837,0.9312764441452076,0.08297275657843209,0.7277045183598502,0.6808536227592791
966,val,966:18,1,positive_gap,5,5,D2,D2,85.6669921875,-204.2557373046875,116.83431243896484,87.90196228027344,-202.2744140625,114.72248840332031,0.7403185650008454,0.24825586494619695,-0.6247379033121848,0.4138453696248883,0.9101652613102527,-0.018199097342426456,3.6579412055348905,0.9474732623033358,0.7563535733211058,0.5437009402793818,0.5773258554426998,0.6109912563361236,0.5416498327500529
966,val,966:18,0,wrong_branch,5,2,D2,LAD,67.56000518798828,-187.86509704589844,138.44871520996094,63.626426696777344,-184.7802734375,141.62277221679688,-0.25698576788453764,0.4247410189289717,0.8680745255702262,-0.08967138467358547,-0.9217802878569651,-0.3772004025568535,5.921470621736967,0.8572942713676945,0.6228276690062242,0.695911689539836,0.5360251210542829,0.6642908058635417,0.5209556553526486
966,val,966:19,1,positive_gap,9,9,RCA,RCA,12.388797760009766,-172.5595703125,80.77713775634766,9.741214752197266,-175.8681640625,80.94999694824219,-0.40097717182063025,-0.8410861364332782,0.3630308785468112,-0.6860673983304464,-0.7275379886631986,0.0,4.241033917103113,0.9212814567196428,0.9958769749941997,0.887019481054048,0.04075873838156067,0.6242777255648457,0.7801384791234994
966,val,966:19,0,wrong_branch,5,2,D2,LAD,67.09832763671875,-183.7900390625,142.76393127441406,62.60786819458008,-179.8299560546875,143.00845336914062,-0.40676871099798956,0.8133306111609636,0.4159717931561794,0.6004224952699605,-0.7773421826929431,-0.1877017799062259,5.992184450187353,0.8593109022384158,0.9713335283462865,0.9545479229522065,0.040806837099101184,0.7493860510248933,0.660874684471484
966,val,966:20,1,positive_gap,9,9,RCA,RCA,-14.3466796875,-204.58489990234375,115.90335845947266,-10.3857421875,-203.74053955078125,116.99671936035156,0.9495111863658827,0.0011412394066897629,0.31373110228134926,0.9358667892708794,0.16530820089700585,0.3111696506023854,4.194926500162754,0.9785485878042367,0.9980413913329703,0.9864282390741237,0.2606388695574252,0.9442209535366888,0.2012813219801922
966,val,966:20,0,wrong_branch,2,4,LAD,D1,57.2802734375,-169.60357666015625,146.4499969482422,62.8916015625,-171.36215209960938,144.9485321044922,0.7260742219129557,-0.676037605467937,-0.12565580076810587,-0.8407276318759164,0.332975868440131,0.4269708655597641,6.069101052024178,0.8982832139248291,0.9794273457253317,0.8891862359504642,0.247394932277364,0.9245731908069811,0.2897588002537215
966,val,966:21,1,positive_gap,7,7,OM2,OM2,84.3080825805664,-153.4228515625,94.49809265136719,81.59980773925781,-150.4521484375,94.13477325439453,-0.6207243344596032,0.7399503376976351,-0.25918101464196475,-0.5163151251111453,0.7673470937568433,0.380259292173628,4.036313993876893,0.984420531931442,0.8769704491654388,0.7897321143901213,0.0900126693621491,0.6709772444406108,0.7359940603002072
966,val,966:21,0,wrong_branch,5,2,D2,LAD,67.52135467529297,-187.0830078125,139.7653045654297,63.228694915771484,-191.0517578125,137.94862365722656,0.1782344318681922,0.6675302867168145,0.7229355459599357,0.031841485155910544,-0.7035699763969938,-0.709912253828457,6.121946904028553,0.7722549504545471,0.6444506595192449,0.9771998218581485,0.29674888343243494,0.7011919291061959,0.6482823294969057
966,val,966:22,1,positive_gap,10,10,R-PDA,R-PDA,39.4560546875,-174.2949676513672,75.39153289794922,36.1562385559082,-173.22747802734375,75.89153289794922,-0.9715135890025989,8.982189247435271e-05,0.23698383555702032,-0.6925654628004828,0.700748786398034,0.1711847484375744,3.5040434643010854,0.9487336697266794,0.8901068582207741,0.7134677192402863,0.14269229394382804,0.9417166668193645,0.30464508642627763
966,val,966:22,0,wrong_branch,11,10,R-PLA,R-PDA,19.3212890625,-165.3066864013672,82.46173858642578,25.2626953125,-166.8805389404297,82.50836944580078,0.832205653455666,0.2778763607114587,0.47981087786145826,-0.8952781236181552,0.38725579709204316,0.220249923925893,6.146502621759677,0.7369246752474427,0.9628929620059026,0.5317679749820552,0.007586567881695638,0.966632020779817,0.25605659606990017
966,val,966:23,1,positive_gap,2,2,LAD,LAD,68.5029296875,-230.3388671875,87.89153289794922,72.08636474609375,-230.33201599121094,85.94853210449219,0.9700190496784002,0.05544695612644887,-0.2366192686940874,0.449006328132193,-0.18239423839448804,-0.874714615802057,4.076310322022115,0.9656113651741515,0.8113480894019214,0.6324058190875139,0.47665674101405914,0.8790878945683736,0.0016807347203300904
966,val,966:23,0,wrong_branch,10,11,R-PDA,R-PLA,25.2626953125,-166.8805389404297,82.50836944580078,20.519678115844727,-164.9842987060547,85.95008087158203,-0.8952781236181552,0.38725579709204316,0.220249923925893,-0.4055538266550619,-0.027393064189009556,0.9136606118903086,6.159327616922435,0.9317066076315736,0.814400762996242,0.5537090263095232,0.5587803799111651,0.7700543779525671,0.30786481127666887
966,val,966:24,1,positive_gap,11,11,R-PLA,R-PLA,19.759546279907227,-164.63673400878906,90.2159194946289,22.037376403808594,-161.3447265625,90.43817138671875,0.46236402341406835,0.6621421065268899,0.5897349748967647,0.4125517504678438,0.9072253906381328,-0.08211664732199815,4.009391350730516,0.8390383640944107,0.9747277390059937,0.7430341595175978,0.05543282574532147,0.5681236688172991,0.8210741128299324
966,val,966:24,0,wrong_branch,5,2,D2,LAD,67.48100280761719,-184.7802734375,141.94862365722656,63.51316452026367,-189.0712890625,139.77584838867188,-0.16004880281839798,0.6962996033118981,0.699679385964808,-0.11798080917026443,-0.7326689960085149,-0.6702810387855265,6.235183087626659,0.6211575059042584,0.8128699469525729,0.9602562696577197,0.3484701632685699,0.6363627549650385,0.6881940056443987
966,val,966:25,1,positive_gap,2,2,LAD,LAD,63.37181091308594,-192.3720703125,136.4966278076172,63.44551086425781,-195.3427734375,133.8238525390625,-0.007575725965561098,-0.645189386169361,-0.7639851205033367,0.46264664545640577,-0.7127296978306101,-0.5272328321322773,3.996778249526121,0.9903147194045051,0.890862596823085,0.859138790833035,0.6687324394020573,0.018439839933729937,0.7432744424467937
966,val,966:25,0,wrong_branch,7,3,OM2,LCX,50.8314208984375,-132.2978515625,114.28750610351562,49.27512741088867,-136.69607543945312,118.43962860107422,-0.3067518363108354,-0.6725269945094374,0.6735063122020709,-0.20780682715380414,0.4299655310342357,-0.8786045553664724,6.245521909810235,0.9978030613653578,0.8351183566734179,0.8171640144705641,0.6648159365251114,0.24918549802927756,0.7042203902998975
966,val,966:26,1,positive_gap,5,5,D2,D2,70.48333740234375,-191.7119140625,135.00845336914062,68.13436889648438,-188.74212646484375,137.02037048339844,-0.693181009981918,0.69413563901579,0.194102555492165,-0.31646003415015167,0.6083750464298863,0.7278274861992494,4.28778519650362,0.9515901192509811,0.9362474361304056,0.7829320627346972,0.46922059339595323,0.5478279340520112,0.6926157588486237
966,val,966:26,0,wrong_branch,5,2,D2,LAD,67.7655258178711,-186.1005859375,140.62286376953125,63.26027297973633,-190.0615234375,138.83432006835938,0.0008781149532125743,0.7305240937687686,0.6828863575569865,-0.12207831679998295,-0.7585230932119004,-0.6401090544833229,6.259809708404018,0.6579894106752797,0.7507127986505849,0.9913483347221147,0.2857185416947565,0.7197108295618481,0.6327568543628891
966,val,966:27,1,positive_gap,2,2,LAD,LAD,49.6884765625,-164.97650146484375,148.45127868652344,53.3193359375,-167.02467346191406,147.7785186767578,0.8754489999308875,-0.4831117065770604,-0.01386100603163503,0.8357117135503945,-0.4189182676536475,-0.35509634870092693,4.222647790350058,0.9892970987779957,0.9783584146591736,0.9389292956918357,0.15932183861108937,0.8598537115261042,0.4850444789051466
966,val,966:27,0,wrong_branch,2,4,LAD,D1,55.9599609375,-168.57565307617188,146.9033660888672,61.5712890625,-170.9556427001953,145.43954467773438,0.762409456319562,-0.5960553219894801,-0.2518925843341305,-0.9818951035849701,0.15939000814712567,0.10235639139164698,6.2685027766258585,0.9676091853323797,0.963374169014127,0.8693941906658557,0.23352010253407632,0.8951624215472398,0.3796743351375705
966,val,966:28,1,positive_gap,2,2,LAD,LAD,63.2612419128418,-230.11424255371094,91.94999694824219,64.8720703125,-230.87625122070312,88.63477325439453,-0.09033432046461447,-0.36883279309632183,-0.92509571466036,0.8825373458864434,0.03561974586032663,-0.468891316640176,3.763792433432736,0.850854552980836,0.7835058177016941,0.3409082058849391,0.8808200113267228,0.42798013656376377,0.2024576754614504
966,val,966:28,0,wrong_branch,10,11,R-PDA,R-PLA,23.9423828125,-166.4732666015625,82.9382553100586,19.69098472595215,-165.19149780273438,87.44999694824219,-0.9078492955993954,0.41151609966715386,0.08039997633342001,-0.46179257754680275,-0.15407858446870312,0.8735029508426407,6.330334079151874,0.7503302537427422,0.9014991186029876,0.42606186469101814,0.7127177778882829,0.6715914252534119,0.20248043512418445
966,val,966:29,1,positive_gap,8,8,IM,IM,51.0087890625,-159.03411865234375,146.46173095703125,54.9697265625,-158.88153076171875,145.46044921875,0.9961015822778235,0.0012893326693684847,-0.08820416886340472,0.9891071590413567,-0.10502862168629791,-0.10313106496014146,4.088382817531543,0.9867006714319209,0.9796119817222076,0.9942123791990665,0.24490899775520467,0.9688274500653314,0.03732230992916865
966,val,966:29,0,wrong_branch,8,1,IM,LM,42.0966796875,-159.2510528564453,146.9514617919922,35.8251953125,-159.58021545410156,147.89144897460938,0.9626774574399963,0.269975391119146,-0.019115468263381667,0.9404358842753525,0.2526725850318209,-0.22745749567902387,6.350074029887333,0.9675872595787713,0.9755644453496516,0.9778997624685032,0.14802775183297592,0.9876238206802879,0.05183602523482553
966,val,966:30,1,positive_gap,10,10,R-PDA,R-PDA,31.5341796875,-176.67413330078125,77.94999694824219,34.83405303955078,-178.17967224121094,75.63468170166016,0.884375993101341,-0.4409615135720721,-0.15307529642056655,0.6740081236071476,-0.306532134987861,-0.672124318509125,4.303079865837981,0.9148403453239443,0.9857630642165488,0.8341311071634241,0.5380600218376721,0.7668631433611944,0.3498747379480718
966,val,966:30,0,wrong_branch,3,14,LCX,Other,42.725990295410156,-134.86302185058594,101.44999694824219,46.933738708496094,-132.09060668945312,105.44999694824219,0.13809025342726244,0.27110037279775495,0.9525941789541402,0.1705249887640555,-0.21595357632498105,0.9613975666078364,6.433617375435557,0.7993991939756643,0.6162013245188018,0.8808244694766989,0.6217342074573092,0.654025281197434,0.43092633573738437
966,val,966:31,1,positive_gap,11,11,R-PLA,R-PLA,26.14668083190918,-148.14251708984375,83.11111450195312,29.2236328125,-146.4981689453125,81.43954467773438,0.5198536670451388,0.763629327716629,-0.38291306416831944,0.8597726322305533,0.040242224026138834,-0.5090889748096847,3.8685475295676333,0.9035182158731231,0.9209216303828844,0.6726229174476918,0.4320923580343273,0.7953765481937131,0.42505569130619675
966,val,966:31,0,wrong_branch,2,1,LAD,LM,42.09577178955078,-160.98385620117188,148.77842712402344,35.8251953125,-159.58021545410156,147.89144897460938,0.7428579945987235,-0.5875827809144649,0.32079350902658066,0.9404358842753525,0.2526725850318209,-0.22745749567902387,6.486683816783171,0.8891199257078772,0.8233272840719389,0.4771773666743493,0.13673830488225125,0.9666844653082598,0.21638803226983797
967,train,967:0,1,positive_gap,10,10,R-PDA,R-PDA,27.663610458374023,-158.58416748046875,76.906982421875,24.1728515625,-157.7868194580078,77.94999694824219,-0.628606865423675,0.7333894385949035,0.2588307170713592,-0.9874945703320135,-0.15765300773396018,5.212703601837064e-05,3.729482650483706,0.8175519527949998,0.8905941715232484,0.5051383077226103,0.27966734909784624,0.9359901152566776,0.21379587926425214
967,train,967:0,0,wrong_branch,2,4,LAD,D1,48.743133544921875,-162.8753204345703,149.7812957763672,52.3564453125,-162.20396423339844,148.55764770507812,0.6218624363384191,-0.5894506663845509,-0.5155919143761415,-0.9512432828594439,-0.21001266396913737,0.22590019430574676,3.8735068969784896,0.6408029252275358,0.995107093300585,0.5842226743437693,0.31590186976136875,0.9328269869344163,0.1733199963308606
967,train,967:1,1,positive_gap,10,10,R-PDA,R-PDA,28.624765396118164,-159.9912109375,76.40690612792969,25.9794921875,-157.7927703857422,77.77227783203125,-0.534935234262422,0.8108102697407883,0.2375521029742269,-0.8943310342462675,0.18140380167013886,0.40898002631378283,3.7006554957476703,0.9517002985060024,0.8979396103344333,0.7226473120021448,0.3689540152198649,0.714812068201912,0.594067876429996
967,train,967:1,0,wrong_branch,5,2,D2,LAD,61.389617919921875,-175.52896118164062,144.78045654296875,58.25248718261719,-173.7216796875,146.66465759277344,-0.7647536700393758,0.007502686447527778,0.6442790807230789,-0.5398981734975484,0.8173941497257684,0.20093970799247005,4.081429805606132,0.888571702594082,0.8696960264227108,0.5484830119853943,0.4616522002207668,0.7686352299862212,0.44280597247028386
967,train,967:2,1,positive_gap,9,9,RCA,RCA,-20.954927444458008,-178.4189453125,90.95901489257812,-18.4638671875,-176.13560485839844,88.33415985107422,0.44985932490234043,0.5411549398782667,-0.7104772472386149,0.7020334197662182,0.46945520278708047,-0.5355005976723927,4.2788887368148405,0.9865102122466997,0.9877202494456352,0.9503252728436089,0.6134431631559134,0.5821745808731467,0.5336293123156217
967,train,967:2,0,wrong_branch,7,3,OM2,LCX,49.4658203125,-134.215576171875,135.33251953125,46.84629821777344,-136.86624145507812,137.7812957763672,-0.6924469590998277,-0.49229267844782504,0.527413620965621,0.35567333718290983,0.7107158348319649,-0.6069427315128464,4.459195840842738,0.9890350916418382,0.9647100175644625,0.9162749864558587,0.5491519844650726,0.5874427112471253,0.5944267481874442
967,train,967:3,1,positive_gap,9,9,RCA,RCA,-0.0361328125,-191.4332733154297,137.1186981201172,-3.1285407543182373,-193.31649780273438,135.39707946777344,-0.8763508763377676,-0.340548174157945,-0.34064069430958543,-0.4145717235955319,-0.32497941771531,-0.8500109787858319,4.009175991684877,0.9822009439658567,0.837436134145677,0.7635297706040401,0.4294195754724728,0.7713325501878596,0.4697285654734385
967,train,967:3,0,wrong_branch,2,1,LAD,LM,42.2392578125,-157.69541931152344,152.66465759277344,38.264678955078125,-156.1696319580078,154.4499969482422,0.8173694374335627,-0.5399249991814296,-0.20096815172677066,-0.7894690016819501,-0.053916296837813446,0.611417801767827,4.616572403439457,0.9598693540463916,0.898313705608101,0.739052582804115,0.3867240020190368,0.860937186745023,0.33050220383825824
967,train,967:4,1,positive_gap,9,9,RCA,RCA,-1.4814453125,-192.38291931152344,136.77227783203125,-3.9796292781829834,-193.47662353515625,133.4499969482422,-0.7795710477440627,-0.5136717426438533,-0.35834386045870986,-0.4867693635229766,-0.005691630454988681,-0.8735119873694923,4.298216179530533,0.8607840203850723,0.9595414433192888,0.69541259017656,0.7729441110037267,0.5812141272884614,0.25445537821977837
967,train,967:4,0,wrong_branch,14,2,Other,LAD,61.0283203125,-185.6896514892578,137.07484436035156,58.89152145385742,-183.4775390625,140.89788818359375,-0.8100478791558139,0.17226217726631618,0.5604892289407853,-0.07058459922499925,-0.6507827217166386,-0.7559759675196892,4.906629680885119,0.8671425903381975,0.8516861837347315,0.47864473079980835,0.7791588262989799,0.4354921805016098,0.45084152883507694
967,train,967:5,1,positive_gap,10,10,R-PDA,R-PDA,24.1728515625,-157.7868194580078,77.94999694824219,20.198848724365234,-156.7327117919922,78.49392700195312,-0.9874945703320135,-0.15765300773396018,5.212703601837064e-05,-0.7053444458119082,0.6747026162424485,0.21740651415697557,4.147252274987147,0.9061786178880216,0.8758820842445254,0.5901662464337027,0.1311543204138994,0.9582254887417192,0.2541701338915757
967,train,967:5,0,wrong_branch,2,4,LAD,D1,47.6591796875,-161.83547973632812,150.40606689453125,52.3564453125,-162.20396423339844,148.55764770507812,0.7454915832328295,-0.6264112659364538,-0.22770864111161554,-0.9512432828594439,-0.21001266396913737,0.22590019430574676,5.061298121660721,0.8206384508340958,0.9500357618145878,0.6290289885510982,0.3652065428713807,0.9280752708276994,0.07280434548862433
967,train,967:6,1,positive_gap,4,4,D1,D1,59.5830078125,-163.00375366210938,146.8333282470703,55.6083984375,-162.1656951904297,147.949951171875,-0.8306779952784159,0.23334755171419014,0.5054928172281238,-0.9986899216263225,0.051157553840064575,0.0011597961505373255,4.212684232409469,0.9641416456028912,0.9527346888931855,0.8421135005651232,0.26506209893781396,0.9434861849891606,0.1989369308129594
967,train,967:6,0,wrong_branch,2,4,LAD,D1,48.743133544921875,-162.8753204345703,149.7812957763672,53.8017578125,-162.1591796875,148.00210571289062,0.6218624363384191,-0.5894506663845509,-0.5155919143761415,-0.9762151813539179,-4.122530326663504e-05,0.2168038698792337,5.409995779306901,0.6730088026620252,0.984117333560855,0.7188295731000066,0.3288708782882826,0.9350514259044779,0.13237362398867908
967,train,967:7,1,positive_gap,11,11,R-PLA,R-PLA,52.36296081542969,-136.98809814453125,84.28213500976562,49.4658203125,-134.3369140625,85.44999694824219,-0.7819011202246645,0.5933112770507728,-0.19134358289682946,-0.7069490601502904,0.6344927523384342,0.3124771568972995,4.097084529012527,0.8822839521277589,0.9995444297079424,0.8694254684685179,0.28504706949701103,0.7071224629158315,0.6470904037389325
967,train,967:7,0,wrong_branch,5,2,D2,LAD,61.389617919921875,-175.52896118164062,144.78045654296875,57.4150390625,-172.6376953125,147.07481384277344,-0.7647536700393758,0.007502686447527778,0.6442790807230789,-0.6183360864044415,0.6889554775761807,0.3781545109711321,5.424091706367945,0.8369092351381054,0.9802932627292794,0.7216808490199085,0.42299382532767393,0.7327639488019118,0.5330414796907371
967,train,967:8,1,positive_gap,11,11,R-PLA,R-PLA,36.8193359375,-131.71678161621094,86.33340454101562,33.5673828125,-130.3688507080078,87.99301147460938,-0.7877672108935027,0.3868143262104815,0.4793719834110072,-0.958453957692317,0.04990598521261093,0.28084765198216066,3.8918391583567553,0.9966367927573214,0.9379148841579815,0.9089734470320147,0.4264325595342648,0.8355826108633602,0.3463480512314542
967,train,967:8,0,wrong_branch,5,2,D2,LAD,62.4736328125,-175.68789672851562,143.78045654296875,58.25248718261719,-173.7216796875,146.66465759277344,-0.6798689614073652,0.29897869212903705,0.6696192477577694,-0.5398981734975484,0.8173941497257684,0.20093970799247005,5.477471640889934,0.9838479841365579,0.8152874047691006,0.7459965404310319,0.5265570027371399,0.7706376055644891,0.3589643488681158
967,train,967:9,1,positive_gap,11,11,R-PLA,R-PLA,63.9189453125,-144.48521423339844,83.4491958618164,60.3056640625,-142.32376098632812,83.11869812011719,-0.9780701885337876,0.20798447780244456,-0.011007419984976959,-0.7350510846416781,0.6164278701164174,0.28234125435513274,4.223376645308898,0.9440856595575459,0.9222509625678739,0.8440311328407152,0.07825438492830566,0.8555432189580914,0.5117832077494532
967,train,967:9,0,wrong_branch,9,10,RCA,R-PDA,3.5771484375,-151.9259796142578,87.95083618164062,8.6357421875,-149.87466430664062,88.78129577636719,0.7801886406109199,0.5153636751739274,0.35455037353373015,-0.9327623103462328,-0.007622023101857942,0.3604113998771302,5.521496930840138,0.9595713993810597,0.8031868380057732,0.6038746763079113,0.1504047915137031,0.9161634631625696,0.37151434353963575
967,train,967:10,1,positive_gap,9,9,RCA,RCA,-21.62438201904297,-179.5029296875,92.44915771484375,-19.5478515625,-176.9801483154297,89.406982421875,0.2825951714370424,0.5651903428740848,-0.7750482858521417,0.5688780735166555,0.5397348311245508,-0.6205352927456513,4.4644411857885435,0.9789583316781872,0.9924428557028295,0.9467599259298588,0.6814235346302178,0.46512662394413334,0.5650833479677075
967,train,967:10,0,wrong_branch,7,3,OM2,LCX,50.1884765625,-133.64537048339844,134.7812957763672,46.84629821777344,-136.86624145507812,137.7812957763672,-0.6516964275149859,-0.5142154518540437,0.5575609701537102,0.35567333718290983,0.7107158348319649,-0.6069427315128464,5.526677655171146,0.9964377449715199,0.9587452447915881,0.9356596855624236,0.5428215986494147,0.604735530685309,0.5827861099635538
967,train,967:11,1,positive_gap,10,10,R-PDA,R-PDA,38.6259765625,-167.66339111328125,72.00206756591797,35.0126953125,-166.4509735107422,73.45083618164062,-0.8629229463651628,0.4671554354277113,0.19269091256935766,-0.8912399617253689,0.20401039748869773,0.4050568951891407,4.077338388759396,0.9720888835036763,0.9943938350760771,0.9424267625375494,0.3553221434150993,0.8861862581632343,0.2973551584243079
967,train,967:11,0,wrong_branch,2,1,LAD,LM,42.2392578125,-157.69541931152344,152.66465759277344,37.1806640625,-156.137939453125,154.99221801757812,0.8173694374335627,-0.5399249991814296,-0.20096815172677066,-0.9417967937900291,0.17573180461829574,0.28659576419134075,5.78209752321533,0.9414278700182974,0.9866549391033593,0.9222745310038288,0.4025460337636037,0.8748717450180603,0.26936243329433646
967,train,967:12,1,positive_gap,3,3,LCX,LCX,44.045928955078125,-141.5634765625,140.84153747558594,46.091922760009766,-138.3115234375,138.8251495361328,0.478213756330761,0.7226036053226399,-0.4991549186682889,0.45272272472822833,0.7332369489639347,-0.5073516642218779,4.339021790609945,0.9990236515182711,0.9987822287206638,0.9995849763365874,0.464710258846079,0.471533424736277,0.7494668803087219
967,train,967:12,0,wrong_branch,7,3,OM2,LCX,49.4658203125,-134.215576171875,135.33251953125,46.298152923583984,-137.9501953125,138.57481384277344,-0.6924469590998277,-0.49229267844782504,0.527413620965621,0.40761527179220974,0.7505407749340637,-0.5201329977641661,5.873156665274805,0.9776680277646783,0.9842403560648948,0.926062911546264,0.5520530944957741,0.5393466528221413,0.6358793666625709
967,train,967:13,1,positive_gap,9,9,RCA,RCA,-15.5732421875,-174.4443359375,86.61052703857422,-11.966477394104004,-172.59942626953125,85.45079803466797,0.8451395829994061,0.35793517220865895,-0.3970157399191467,0.7523942434901657,0.658624923021142,-0.010775580645888967,4.2139548313130755,0.9893339128350149,0.9352993725378571,0.8759012575601054,0.2752115412553856,0.8559096947586697,0.4378095498935078
967,train,967:13,0,wrong_branch,2,1,LAD,LM,43.3232421875,-158.31297302246094,152.28048706054688,38.264678955078125,-156.1696319580078,154.4499969482422,0.76372944494008,-0.510711814215632,-0.39483006186471536,-0.7894690016819501,-0.053916296837813446,0.611417801767827,5.906754273523593,0.984396971182587,0.8811090791039373,0.816811161175306,0.36729306607859297,0.8564031950840336,0.36286274410642516
967,train,967:14,1,positive_gap,7,7,OM2,OM2,52.7177734375,-131.77650451660156,131.95079040527344,50.1884765625,-133.64537048339844,134.7812957763672,-0.5345184118313302,-0.4217571480516254,0.7324008297924517,-0.6516964275149859,-0.5142154518540437,0.5575609701537102,4.231047546356216,0.995788339715405,0.9897106496645325,0.973575899089963,0.6689845339912064,0.5977944816947837,0.44170289894433945
967,train,967:14,0,wrong_branch,9,11,RCA,R-PLA,3.5771484375,-151.9259796142578,87.95083618164062,7.55178689956665,-148.91847229003906,91.3979263305664,0.7801886406109199,0.5153636751739274,0.35455037353373015,-0.5980692363197777,-0.39975477388347785,-0.6946289004391102,6.060138752882655,0.9691353854685143,0.9857567761171465,0.9189068500304606,0.5688137333961351,0.6558659172904275,0.4962769743164964
967,train,967:15,1,positive_gap,2,2,LAD,LAD,62.8667106628418,-210.86007690429688,68.94999694824219,63.56413269042969,-212.02188110351562,72.94999694824219,-0.14725702423986137,-0.33614543814626213,0.9302266461596755,0.5638760579427752,-0.05618613280742609,0.823945938614338,4.223290953970271,0.9491985083421158,0.8889561870228718,0.7023084689916411,0.9471286831989736,0.16513710165581927,0.27509452033527315
967,train,967:15,0,wrong_branch,14,2,Other,LAD,61.0283203125,-185.6896514892578,137.07484436035156,58.98226547241211,-182.3935546875,141.94915771484375,-0.8100478791558139,0.17226217726631618,0.5604892289407853,-0.02939654275911471,-0.7321694793960939,-0.6804878373010529,6.2297291444320475,0.7957320798620472,0.910162442420435,0.483718604764632,0.7824278137114048,0.32843399651116384,0.5290915102952379
967,train,967:16,1,positive_gap,14,14,Other,Other,67.8935546875,-196.28817749023438,124.44999694824219,65.53034973144531,-194.6715850830078,127.94097900390625,-0.5716067086707858,0.218199798964282,0.790983323676611,-0.3006565374948708,0.5551512892495003,0.7755080222062264,4.514982213518952,0.9889014669924028,0.955762562068452,0.9064051064893567,0.7731995145432059,0.5234140123473087,0.3580506701413115
967,train,967:16,0,wrong_branch,14,2,Other,LAD,62.111698150634766,-186.25340270996094,136.3243408203125,58.89152145385742,-183.4775390625,140.89788818359375,-0.7167233232196654,0.4771181639220166,0.5085921112331991,-0.07058459922499925,-0.6507827217166386,-0.7559759675196892,6.244380868584159,0.9542116256131683,0.8065941551270029,0.6443940421353448,0.7324260738628278,0.5156919099823393,0.44453785024972897
967,train,967:17,1,positive_gap,11,11,R-PLA,R-PLA,35.3740234375,-130.99476623535156,87.11865997314453,31.7607421875,-130.3623046875,88.45817565917969,-0.8086222802738797,0.4036281821299518,0.4280353939046881,-0.9965469190828707,0.0,0.08303154862122061,3.9051390851346883,0.9603804297424893,0.9505490786260413,0.8413704837293009,0.343013566695783,0.9252631394754479,0.16195621565928142
967,train,967:17,0,wrong_branch,2,4,LAD,D1,46.5751953125,-161.03759765625,150.78208923339844,52.3564453125,-162.20396423339844,148.55764770507812,0.7323177034250427,-0.6147541160276482,-0.2928961557913251,-0.9512432828594439,-0.21001266396913737,0.22590019430574676,6.303285069525649,0.8887858771512464,0.9133214168437124,0.6336714452138342,0.3529019398273402,0.9171804759315868,0.18504106418848862
969,train,969:0,1,positive_gap,6,6,OM1,OM1,64.037109375,-131.40841674804688,-196.22154235839844,67.435546875,-132.1980743408203,-197.54022216796875,0.8378084850444273,0.27516922899155827,-0.4715494012335856,0.7492852221119807,-0.6583664311296877,-0.07159118860696367,3.7298596482172606,0.871821806645809,0.8474015650051958,0.48035411567715014,0.353546764206153,0.911143533678092,0.2117124147421648
969,train,969:0,0,wrong_branch,2,5,LAD,D2,56.906982421875,-179.775390625,-183.56094360351562,60.298828125,-180.76402282714844,-184.23138427734375,-0.6813032671313416,0.7294913626322206,0.06056574973651135,0.9291699388282583,0.19958463484888594,-0.31114176561517376,3.596039710856306,0.8544621863378681,0.8795473956720709,0.506295782116378,0.1864386179618902,0.9432169764102293,0.2749224929757574
969,train,969:1,1,positive_gap,2,2,LAD,LAD,64.90088653564453,-194.76681518554688,-205.54873657226562,62.677734375,-197.1000213623047,-207.71066284179688,-0.25683452302650145,-0.48277622952301713,-0.8372354149158339,-0.6926887525467209,-0.6394396946288481,-0.333615300950411,3.8807450041877996,0.9038058256888574,0.9671207000312375,0.7659272150599122,0.5570905244220546,0.5728673639328216,0.6012263558260069
969,train,969:1,0,wrong_branch,9,11,RCA,R-PLA,-8.69020938873291,-156.01727294921875,-246.5596923828125,-6.302299976348877,-153.64572143554688,-244.66163635253906,0.7817176034718646,0.618896088698244,0.07671518634677295,-0.4924313626079332,-0.5423863209111911,-0.6806823282622494,3.863804425408846,0.9006730460498099,0.9716205507834201,0.7728417088832187,0.49124019264318636,0.6180202591727603,0.6137866342499804
969,train,969:2,1,positive_gap,3,3,LCX,LCX,60.298828125,-121.93108367919922,-221.7336883544922,56.900390625,-120.25627136230469,-221.99343872070312,-0.8140803245873106,0.41490845397401355,0.40635477103230006,-0.9240815225463246,0.31355581385880077,0.2185316711230016,3.7976103000406183,0.8836989123307196,0.9502862251878891,0.9711749309648599,0.0683983731053603,0.8948884249559917,0.44101742532050164
969,train,969:2,0,wrong_branch,14,2,Other,LAD,66.75505828857422,-194.98924255371094,-208.5055694580078,63.35661697387695,-196.46603393554688,-207.3880615234375,-0.8362375241965562,-0.46931784932440596,-0.2836327897672064,-0.7120191699796325,-0.6032462626059646,-0.35933639981701093,3.8702894127873413,0.8314692959788336,0.7516396469653027,0.9804509720084751,0.2887401471523276,0.8780845441348388,0.3815713049666661
969,train,969:3,1,positive_gap,10,10,R-PDA,R-PDA,24.955078125,-148.92787170410156,-257.0390930175781,28.353515625,-151.1052703857422,-257.9935607910156,0.8674570051760769,-0.49205361327639946,-0.0734954817154839,0.9240785170148119,-0.31356516668190737,-0.21853096035906133,4.147463223555734,0.9860351142926417,0.9721027065343489,0.9719502943820048,0.23013290823570187,0.8194014791254559,0.5249952957446314
969,train,969:3,0,wrong_branch,9,10,RCA,R-PDA,-8.69020938873291,-156.01727294921875,-246.5596923828125,-5.291015625,-154.03211975097656,-247.04873657226562,0.7817176034718646,0.618896088698244,0.07671518634677295,0.8947515135673997,0.44628157243913763,-0.015889841726654568,3.9666756463227184,0.9701564684328382,0.9920503316848688,0.9744259363603345,0.12328817202548192,0.8569376643850655,0.5004576565473688
969,train,969:4,1,positive_gap,6,6,OM1,OM1,76.90462493896484,-136.59878540039062,-208.55123901367188,77.38251495361328,-135.610595703125,-212.54998779296875,0.4457616104183959,-0.31439102763809385,-0.8381258070348756,-0.07001212618733278,0.3459775420113831,-0.935626978346868,4.146672104689598,0.7846778124091208,0.9766314967256403,0.644192163219829,0.9643272191149543,0.11524663696171614,0.23830910000046812
969,train,969:4,0,wrong_branch,14,2,Other,LAD,65.40557861328125,-195.65567016601562,-209.38937377929688,64.90088653564453,-194.76681518554688,-205.54873657226562,-0.6935873966189131,0.008101352458739774,-0.7203269336486993,-0.25683452302650145,-0.48277622952301713,-0.8372354149158339,3.974326537360282,0.6062072173099332,0.8844298926008785,0.7773092669621631,0.9663617649248751,0.1269880753109762,0.22364920751054362
969,train,969:5,1,positive_gap,2,2,LAD,LAD,65.39643859863281,-202.54568481445312,-245.5608673095703,66.37596893310547,-201.78697204589844,-249.04881286621094,0.5825899785618707,0.007062014926126815,-0.8127355319071894,-0.1719482827128627,0.3444517883952403,-0.9229229401978359,3.7014711868943557,0.9214714129812535,0.8947837798226548,0.6523494440425764,0.9423133074735927,0.2646327054877094,0.20497600285017215
969,train,969:5,0,wrong_branch,14,2,Other,LAD,67.435546875,-191.7947235107422,-203.10647583007812,65.93119812011719,-190.6503448486328,-199.54991149902344,0.623713183988932,0.12874884260676714,-0.7709770422300566,-0.09006520288802423,0.5598464085625852,0.8236869903357186,4.027631753219153,0.8771840099634122,0.9200596669892792,0.6191390368523202,0.8830410893975208,0.37350702523398177,0.28413189989246435
969,train,969:6,1,positive_gap,11,11,R-PLA,R-PLA,15.092119216918945,-138.314453125,-228.6075897216797,14.079227447509766,-141.7120819091797,-230.5608673095703,0.3430517163570606,-0.9107731896968211,-0.22979929685260803,-0.5970766559399194,-0.5977863763296372,-0.5349307573941551,4.0478542991292334,0.7895187240647514,0.9092961892919644,0.4625463450241343,0.4825464168289877,0.25022930534507404,0.8393653854859793
969,train,969:6,0,wrong_branch,3,6,LCX,OM1,53.35439682006836,-138.314453125,-185.2682647705078,55.208614349365234,-135.0408172607422,-183.11846923828125,-0.43125678709223336,-0.8794534781960557,0.20144270469725117,0.5838769417281633,0.40808035800711595,0.7018248630014122,4.333178423292548,0.7490099409291384,0.9063373180183217,0.46931108555299433,0.49612439697164584,0.4279116501018565,0.7554814375195642
969,train,969:7,1,positive_gap,10,10,R-PDA,R-PDA,30.392578125,-151.44435119628906,-258.0608825683594,34.12346267700195,-151.94735717773438,-258.040283203125,0.9742289100531412,0.21120978323417708,-0.0791735958690816,0.7505635574169791,-0.6562743867234403,0.07718986726469684,3.7646963877030823,0.9368258465745737,0.8319305631530455,0.5864977461499484,0.005471720190148744,0.9910187084909233,0.13361130079129876
969,train,969:7,0,wrong_branch,4,2,D1,LAD,33.791015625,-153.3931884765625,-170.894287109375,29.412195205688477,-152.587890625,-170.23243713378906,-0.9771831203093221,0.21182830930555888,-0.01555367349809872,0.5140706974023873,-0.620487315944928,-0.5922219253148959,4.501179654767607,0.9862303718257379,0.6981864037997159,0.6245667607646491,0.14703922668025754,0.972816184902444,0.17890817815048465
969,train,969:8,1,positive_gap,3,3,LCX,LCX,67.39635467529297,-128.15829467773438,-232.6185302734375,64.037109375,-126.46481323242188,-233.49349975585938,-0.6793176910114763,0.6802302196944996,0.27534400827548294,-0.8909149947146364,0.4015657733114025,-0.21216833387061923,3.862380093715236,0.8267012398175188,0.9989920512180092,0.8199522118213882,0.22653634836343592,0.8697345208875338,0.43845540941661565
969,train,969:8,0,wrong_branch,14,2,Other,LAD,67.65873718261719,-194.34951782226562,-208.03785705566406,63.35661697387695,-196.46603393554688,-207.3880615234375,-0.5853003606815395,-0.6672693514650917,-0.460624684945798,-0.7120191699796325,-0.6032462626059646,-0.35933639981701093,4.838399836922522,0.7504561640660231,0.8487263240953038,0.9847920353793397,0.1342996763657025,0.8891617794606677,0.43744134106689825
969,train,969:9,1,positive_gap,14,14,Other,Other,65.11148071289062,-194.81260681152344,-210.65419006347656,68.78752899169922,-194.53369140625,-211.1185302734375,0.601254535546683,0.5113086498174223,-0.6140492228693292,0.9303149110614791,-0.1593435818197393,-0.3303389005090502,3.7157417270333846,0.7099471649730402,0.9496970030515468,0.6807266532261914,0.12496568493517514,0.9893174899816082,0.07506318408629577
969,train,969:9,0,wrong_branch,2,5,LAD,D2,56.906982421875,-179.775390625,-183.56094360351562,61.658203125,-180.57827758789062,-184.72154235839844,-0.6813032671313416,0.7294913626322206,0.06056574973651135,0.9019753308694336,-0.18578537313054627,-0.3897746754648376,4.956381251963864,0.78545487692055,0.9860057720156459,0.7736545602431889,0.23416252622272532,0.9586067861995939,0.1619905576417265
969,train,969:10,1,positive_gap,3,3,LCX,LCX,61.025108337402344,-124.72150421142578,-232.53785705566406,61.12607192993164,-123.50228881835938,-228.54998779296875,-0.42814211759013954,0.48728464822915435,0.7610834374400881,0.30267913465748364,0.27508500117506396,0.9125314151148507,4.171304481580858,0.8596781750095888,0.9601321217183225,0.6989675585557801,0.9560244955275894,0.024204320968445173,0.29228635752917825
969,train,969:10,0,wrong_branch,14,2,Other,LAD,65.40557861328125,-195.65567016601562,-209.38937377929688,65.05508422851562,-194.27206420898438,-204.55116271972656,-0.6935873966189131,0.008101352458739774,-0.7203269336486993,-0.06853212241289405,-0.44633282455973394,-0.8922389578572065,5.044353081915766,0.6404758186113028,0.9734388027051009,0.6866208694386572,0.9591341012419449,0.06948252413617977,0.27428808700793367
969,train,969:11,1,positive_gap,10,10,R-PDA,R-PDA,-0.873046875,-152.21633911132812,-247.9935760498047,2.865234375,-150.555419921875,-248.8892364501953,0.9500708375253284,0.21653015316444715,-0.22467776137059556,0.8505817985842449,0.3315328930275606,-0.40816239998065357,4.187553797961655,0.9820783819633929,0.9781219369140917,0.9716048441743466,0.21388630298352204,0.8927124116756794,0.39663232273256965
969,train,969:11,0,wrong_branch,14,2,Other,LAD,66.75505828857422,-194.98924255371094,-208.5055694580078,62.337890625,-197.40151977539062,-207.8772430419922,-0.8362375241965562,-0.46931784932440596,-0.2836327897672064,-0.7486603996546911,-0.5851934670253465,-0.3115384601292958,5.072006077226588,0.916345931683863,0.8917299124182687,0.9890621810205232,0.12388124273683811,0.8708916346546572,0.4756061378772518
969,train,969:12,1,positive_gap,2,2,LAD,LAD,65.95465850830078,-200.38180541992188,-262.54998779296875,64.74774169921875,-198.7991943359375,-266.4934997558594,4.467624941393473e-05,0.2179158525580356,-0.9759675605305421,-0.4496407440645259,0.5427896522998474,-0.7093677428762252,4.417306037468586,0.9493482765043904,0.9506029323222702,0.8105822871125388,0.8927413970055202,0.27322463031646227,0.35827517282260063
969,train,969:12,0,wrong_branch,14,2,Other,LAD,67.435546875,-191.7947235107422,-203.10647583007812,65.82199096679688,-189.970703125,-198.54998779296875,0.623713183988932,0.12874884260676714,-0.7709770422300566,-0.0932305628575556,0.559684931526544,0.8234444969585935,5.166449096702796,0.8292936152290054,0.952941635092944,0.6209471467522292,0.8819380490978426,0.312314295176718,0.35305107078404563
969,train,969:13,1,positive_gap,2,2,LAD,LAD,64.04450225830078,-197.787109375,-267.5487976074219,62.97264099121094,-194.388671875,-269.04998779296875,-0.40627550089521236,0.6517939032848695,-0.6403943511720092,-0.20098148077962277,0.9795950410162508,0.0,3.866760399931182,0.9340908558221342,0.9166631547475212,0.7201479271968867,0.3882294298797495,0.277198780433595,0.8788849446323291
969,train,969:13,0,wrong_branch,3,6,LCX,OM1,52.82221984863281,-139.333984375,-185.33787536621094,55.208614349365234,-135.0408172607422,-183.11846923828125,-0.3895673262876526,-0.8993929191539959,-0.19831710784686035,0.5838769417281633,0.40808035800711595,0.7018248630014122,5.389983872402825,0.9705134109284076,0.8725355045260008,0.733667840552939,0.41176489215361767,0.44274613008602204,0.7965083413772707
969,train,969:14,1,positive_gap,14,14,Other,Other,68.74008178710938,-192.46707153320312,-205.54998779296875,67.08831024169922,-194.80673217773438,-208.37843322753906,0.09777663942608636,-0.435447444326762,-0.894888401987551,-0.7976883471427453,-0.47792873655606544,-0.3678007933740737,4.025228533404865,0.8418000529347821,0.863576916373563,0.4592582252429683,0.7026794655501917,0.4103547243845441,0.581249145263356
969,train,969:14,0,wrong_branch,3,6,LCX,OM1,53.35439682006836,-138.314453125,-185.2682647705078,56.220703125,-134.61541748046875,-182.55130004882812,-0.43125678709223336,-0.8794534781960557,0.20144270469725117,0.9706569811788889,0.16660318854791328,0.17340242920546056,5.411143486552134,0.728483933042177,0.7151168048734698,0.5301915103786481,0.502105465957784,0.5297043613896091,0.683595926392297
969,train,969:15,1,positive_gap,6,6,OM1,OM1,65.736328125,-131.2952423095703,-197.04991149902344,69.13396453857422,-133.5640411376953,-197.83676147460938,0.9504394135211307,-0.2688686927482886,-0.15612350010627948,0.7124393998628151,-0.6804493549804643,-0.17151902760271756,4.160590607765494,0.9522932393671047,0.9852861951011093,0.8868601648541358,0.1891197788403716,0.8166235839769318,0.5453069148140705
969,train,969:15,0,wrong_branch,9,10,RCA,R-PDA,-8.69020938873291,-156.01727294921875,-246.5596923828125,-3.931640625,-153.38418579101562,-247.1063995361328,0.7817176034718646,0.618896088698244,0.07671518634677295,0.9113545887567456,0.3507397565341435,-0.21544010011693002,5.465895477720038,0.9710254420058305,0.9839292561139746,0.912965861078928,0.10002151624537792,0.8705927113187002,0.48173024327597486
969,train,969:16,1,positive_gap,10,10,R-PDA,R-PDA,26.654296875,-150.17063903808594,-257.3796081542969,30.392578125,-151.44435119628906,-258.0608825683594,0.736898997519686,-0.6024526489016345,-0.3066442128687343,0.9742289100531412,0.21120978323417708,-0.0791735958690816,4.007645717040396,0.9309694741236842,0.8550806098919357,0.6149425387747478,0.1699936726357174,0.9327873554553323,0.31782054805576676
969,train,969:16,0,wrong_branch,4,2,D1,LAD,33.791015625,-153.3931884765625,-170.894287109375,28.771623611450195,-151.568359375,-169.59677124023438,-0.9771831203093221,0.21182830930555888,-0.01555367349809872,0.47365830258434843,-0.834983479408487,-0.28008998823201553,5.496166379056288,0.9590747643869053,0.7759226639246415,0.6353676085939163,0.23607652673779014,0.9132532873598438,0.33201853359392475
969,train,969:17,1,positive_gap,2,2,LAD,LAD,45.908782958984375,-165.8418426513672,-179.22042846679688,42.966796875,-163.12380981445312,-178.0966339111328,-0.557972665962253,0.7655583890377339,0.3202918310118536,-0.6953355771397525,0.6869841822544757,0.21109516454878036,4.160035916220076,0.9813143339657244,0.9976213757958313,0.9815168063472883,0.2701405897199977,0.707202087490039,0.6533676371197636
969,train,969:17,0,wrong_branch,9,11,RCA,R-PLA,-10.041431427001953,-157.04420471191406,-246.9935760498047,-6.302299976348877,-153.64572143554688,-244.66163635253906,0.734871689672435,0.6528040691885659,0.18387617292305797,-0.4924313626079332,-0.5423863209111911,-0.6806823282622494,5.56495600491987,0.9694800284461188,0.9473330200640322,0.8411071263476514,0.4190400957714674,0.6719067405649536,0.6106936466995703
969,train,969:18,1,positive_gap,6,6,OM1,OM1,71.9783706665039,-132.89259338378906,-204.54998779296875,74.56487274169922,-134.2371826171875,-206.99349975585938,0.4104269469678663,0.007448106765474092,-0.9118630636823964,0.6808415258467622,-0.7120091140830968,-0.17174934685540003,3.8037696965445016,0.8622246014231227,0.8249788084883318,0.43074447453156434,0.6423921945406974,0.6799838795563768,0.3534886022726131
969,train,969:18,0,wrong_branch,14,2,Other,LAD,66.07621765136719,-194.69102478027344,-211.03903198242188,62.337890625,-197.40151977539062,-207.8772430419922,0.9958341316213293,-0.03803354365796647,-0.08287238294396225,-0.7486603996546911,-0.5851934670253465,-0.3115384601292958,5.59631855584063,0.6936147153552494,0.6075212619631629,0.697466663123334,0.5649765839598013,0.667997539644283,0.4843353658430262
969,train,969:19,1,positive_gap,5,5,D2,D2,80.86609649658203,-180.12353515625,-207.9923858642578,81.74817657470703,-182.4009552001953,-211.0379180908203,0.30993451204142686,-0.5773060758298919,-0.7554192829518809,0.5167275350270912,0.0,-0.8561499019125249,3.903840911694483,0.9961495219563837,0.7846700853850479,0.8069038414290736,0.7801373814796593,0.2259518505179373,0.5833793167961822
969,train,969:19,0,wrong_branch,11,10,R-PLA,R-PDA,-2.572265625,-151.4517059326172,-242.8772430419922,-5.291015625,-154.03211975097656,-247.04873657226562,-0.7737033316849722,-0.5455907720805644,-0.3220463692701838,0.8947515135673997,0.44628157243913763,-0.015889841726654568,5.60816327415609,0.8656613598778878,0.6272842408430115,0.9306420689133192,0.7438252644135364,0.4847843878812737,0.4601174559682685
969,train,969:20,1,positive_gap,11,11,R-PLA,R-PLA,-0.873046875,-150.17144775390625,-242.10528564453125,-4.271484375,-152.3948516845703,-243.23243713378906,-0.7557457602202994,-0.6260894855345162,-0.19199036958182714,-0.8214168257055645,-0.41076373456787557,-0.39566090634740014,4.2146616661405645,0.9910182873363695,0.9848470777140079,0.9539202222911529,0.2674358177580512,0.8063369658594697,0.5275403120792067
969,train,969:20,0,wrong_branch,9,10,RCA,R-PDA,-10.041431427001953,-157.04420471191406,-246.9935760498047,-5.291015625,-154.03211975097656,-247.04873657226562,0.734871689672435,0.6528040691885659,0.18387617292305797,0.8947515135673997,0.44628157243913763,-0.015889841726654568,5.625135446107398,0.9683508517663061,0.9947415999461493,0.9459402198193341,0.0098060789805708,0.8444980298721958,0.5354688771133266
969,train,969:21,1,positive_gap,6,6,OM1,OM1,61.24758529663086,-133.22415161132812,-194.2670135498047,64.037109375,-131.40841674804688,-196.22154235839844,0.3891855641423258,0.7205273287420673,-0.5739119838433768,0.8378084850444273,0.27516922899155827,-0.4715494012335856,3.8598601711926155,0.910824859700911,0.9737083798816766,0.794957769754668,0.5063729570260163,0.7227008115963011,0.4704146737834356
969,train,969:21,0,wrong_branch,9,11,RCA,R-PLA,-8.69020938873291,-156.01727294921875,-246.5596923828125,-4.951171875,-152.78097534179688,-243.6663818359375,0.7817176034718646,0.618896088698244,0.07671518634677295,-0.7715935132321029,-0.3868187577223889,-0.5049898008992344,5.729334137014933,0.8984925840035284,0.9770716621833054,0.8813092348869406,0.504999442811771,0.6526129257458535,0.564864525270651
969,train,969:22,1,positive_gap,2,2,LAD,LAD,63.3966178894043,-201.14720153808594,-257.5390930175781,65.79975128173828,-200.512451171875,-261.04998779296875,0.5089207521155974,0.098885936217092,-0.8551147523488084,0.2954951810241694,0.042889763830270024,-0.9543809858489831,4.301667148050945,0.9968205596779766,0.9503454605716172,0.9707300845845059,0.8161707204569248,0.5586516365922982,0.1475591542452415
969,train,969:22,0,wrong_branch,14,2,Other,LAD,68.40843963623047,-192.01881408691406,-204.55006408691406,65.93119812011719,-190.6503448486328,-199.54991149902344,0.43676800137810085,-0.340295747210864,-0.8327259557635867,-0.09006520288802423,0.5598464085625852,0.8236869903357186,5.745516468296528,0.9940657140450263,0.8890073699301216,0.9157564868615825,0.8702703430546612,0.43116080682782404,0.23818037000370545
969,train,969:23,1,positive_gap,3,3,LCX,LCX,65.736328125,-127.21621704101562,-232.7227325439453,61.99809265136719,-125.51609802246094,-233.4814453125,-0.8699337259287971,0.3349158913872338,-0.362003671511678,-0.7844858460345843,0.5613993780425857,0.2634628924626778,4.176176983647366,0.9808182973132547,0.882899822423776,0.775097733722066,0.1816763924339354,0.8951333931178207,0.4070993698810741
969,train,969:23,0,wrong_branch,4,2,D1,LAD,35.150390625,-153.82984924316406,-171.05006408691406,29.412195205688477,-152.587890625,-170.23243713378906,-0.9618448391227086,0.2720519739607356,0.02902118049077138,0.5140706974023873,-0.620487315944928,-0.5922219253148959,5.9277197735652285,0.9920947122362284,0.7093240671827655,0.6804480257462697,0.1379327944568537,0.9680274436894112,0.20951709352095202
969,train,969:24,1,positive_gap,10,10,R-PDA,R-PDA,32.091796875,-151.2293701171875,-258.5282287597656,35.18873596191406,-153.15097045898438,-257.605224609375,0.9999529750398799,-0.009697819801033318,0.0,0.7367240457711246,-0.6389306494970262,0.22137141982635059,3.759722894481493,0.8286325547806118,0.9877551329127383,0.7428856356564321,0.24549792000506393,0.8237147188320016,0.5111015879966561
969,train,969:24,0,wrong_branch,14,2,Other,LAD,68.41584014892578,-193.36990356445312,-207.0379180908203,63.35661697387695,-196.46603393554688,-207.3880615234375,-0.38943463153968616,-0.5377162080579189,-0.747798065890359,-0.7120191699796325,-0.6032462626059646,-0.35933639981701093,5.941747456192093,0.6558529803355931,0.9417788760792514,0.8703712807509677,0.058929369718043356,0.8514705837550269,0.5210807752973696
969,train,969:25,1,positive_gap,10,10,R-PDA,R-PDA,35.18873596191406,-153.15097045898438,-257.605224609375,38.208984375,-155.599853515625,-257.732421875,0.7367240457711246,-0.6389306494970262,0.22137141982635059,0.8721014996385182,-0.19773586234816,-0.4475930105237091,3.8903865934161517,0.9668957422176518,0.8161471113828634,0.6697533478517343,0.032695276567182484,0.7763363204564857,0.6294703618362665
969,train,969:25,0,wrong_branch,2,5,LAD,D2,55.238712310791016,-177.736328125,-183.4923858642578,60.298828125,-180.76402282714844,-184.23138427734375,-0.6262460437480355,0.7559347399250039,0.19073164830318604,0.9291699388282583,0.19958463484888594,-0.31114176561517376,5.942880271145389,0.9420629807065636,0.72815860888791,0.4903606209350271,0.12435021056608096,0.8514584819716943,0.5094658758058574
969,train,969:26,1,positive_gap,2,2,LAD,LAD,62.677734375,-197.1000213623047,-207.71066284179688,59.28010177612305,-198.08779907226562,-208.7336883544922,-0.6926887525467209,-0.6394396946288481,-0.333615300950411,-0.7078539863708752,0.12267964252519056,-0.6956237771157283,3.6832313640161867,0.9031263038598331,0.8132772932697128,0.6439469974017064,0.2777521723695923,0.9224597270946843,0.2681823682354472
969,train,969:26,0,wrong_branch,2,5,LAD,D2,56.10414123535156,-178.755859375,-183.54991149902344,61.658203125,-180.57827758789062,-184.72154235839844,-0.5879169971293879,0.8089198891134607,0.001489121563112962,0.9019753308694336,-0.18578537313054627,-0.3897746754648376,5.961671786282807,0.7952907502235497,0.9736996105019828,0.681152533315198,0.19652723285954823,0.9316282560921523,0.30568912181375396
969,train,969:27,1,positive_gap,11,11,R-PLA,R-PLA,12.883902549743652,-132.1973114013672,-231.73361206054688,13.393844604492188,-135.255859375,-229.67601013183594,-0.3379483694853724,-0.6750470124670099,0.6558219503200107,0.43935856162490994,-0.718757842859123,0.5388424794458863,3.7213549015445317,0.871120917458724,0.9488818373677531,0.6900995507741782,0.5529174139926668,0.13703128786154903,0.8218909656704272
969,train,969:27,0,wrong_branch,4,2,D1,LAD,37.529296875,-154.20884704589844,-172.3773193359375,37.869140625,-159.08985900878906,-175.9347686767578,-0.7105296993809925,0.3074910429006688,0.6329271718242278,-0.7061361459205295,0.5459936498247773,0.45084662333826914,6.049398099711932,0.6602215329137356,0.7453372122290529,0.9549719385207234,0.588066660878165,0.05617810968932316,0.8068591093588394
969,train,969:28,1,positive_gap,10,10,R-PDA,R-PDA,2.865234375,-150.555419921875,-248.8892364501953,6.263671875,-148.85037231445312,-249.04991149902344,0.8505817985842449,0.3315328930275606,-0.40816239998065357,0.9486564295338105,0.31630399810156595,0.0016611710107677178,3.8055723953562137,0.9253561868927502,0.9888121050550562,0.9110970440916394,0.0422209938836508,0.8930161213453661,0.44803972445839574
969,train,969:28,0,wrong_branch,14,2,Other,LAD,67.65873718261719,-194.34951782226562,-208.03785705566406,62.337890625,-197.40151977539062,-207.8772430419922,-0.5853003606815395,-0.6672693514650917,-0.460624684945798,-0.7486603996546911,-0.5851934670253465,-0.3115384601292958,6.136116106542744,0.8273666771685829,0.9321012139994055,0.9721751722150436,0.026175191421266855,0.8671358991958674,0.49738334479537444
969,train,969:29,1,positive_gap,5,5,D2,D2,80.00891876220703,-179.52792358398438,-206.5620574951172,81.1541519165039,-181.80615234375,-209.6075897216797,0.5847408817945852,-0.006404624431049733,-0.8111948483218986,0.2160226128389816,-0.5928690454625073,-0.7757838137487756,3.9720462991454073,0.7942444924025284,0.9971591154207187,0.7594261898165408,0.766741371372673,0.28832321379115694,0.5735655096104468
969,train,969:29,0,wrong_branch,4,3,D1,LCX,36.509765625,-153.9546661376953,-171.44578552246094,39.23591232299805,-149.63587951660156,-175.05006408691406,-0.8107926209760258,0.04670648943571485,0.5834670767193451,-0.5407844185598348,-0.0006810603661430183,0.841160952968978,6.250969338248293,0.6577543289594199,0.7213245113577446,0.9292219284475963,0.5765951437962341,0.4361158326785193,0.69089870504852
969,train,969:30,1,positive_gap,5,5,D2,D2,75.54690551757812,-185.21119689941406,-206.2989959716797,77.51429748535156,-181.814453125,-205.5608673095703,0.5491346704424952,0.6941270461329152,-0.46544468795422517,0.49777553379531836,0.807599032938506,0.31623301527762027,3.994162408529166,0.7747749042565545,0.9904322413965578,0.6867331577817176,0.1848018649750369,0.49256684294365527,0.8504270550342743
969,train,969:30,0,wrong_branch,4,3,D1,LCX,38.888671875,-154.65789794921875,-173.2681884765625,36.509765625,-149.189453125,-171.37960815429688,-0.7933179747448739,0.17316430200351132,0.583661473337352,-0.6727877667369214,0.2161971105664577,0.7075418223058343,6.255383231702342,0.6292915952531806,0.6584745336486779,0.9841371527420958,0.30191280890582084,0.38029744331948845,0.87419821003206
969,train,969:31,1,positive_gap,5,5,D2,D2,69.1422119140625,-181.6068572998047,-199.86753845214844,72.87220001220703,-182.316650390625,-200.5608673095703,0.809477126545405,0.5194714723570025,0.273671648160788,0.7937792743473042,-0.41134141789305995,-0.44800971143759166,3.8597049561605137,0.6375819816800834,0.9232240920165068,0.3062584779944629,0.17963260541851675,0.9663920275022732,0.18389827691036453
969,train,969:31,0,wrong_branch,2,5,LAD,D2,56.906982421875,-179.775390625,-183.56094360351562,63.017578125,-180.5774688720703,-185.43484497070312,-0.6813032671313416,0.7294913626322206,0.06056574973651135,0.8181527704177847,0.17737296389916815,-0.5469596657298673,6.441600398613708,0.7547460119278849,0.9131398889826066,0.46114513259983636,0.29090618033226356,0.94861452511709,0.12451536845454232
969,train,969:32,1,positive_gap,6,6,OM1,OM1,78.87442779541016,-137.974609375,-217.03785705566406,80.68865203857422,-140.86920166015625,-218.06211853027344,0.5168554445258546,-0.8519078231622449,-0.08434162850542161,0.35728442710629077,-0.31361697013559764,-0.8797682843739579,3.5663967348206325,0.9785802395367205,0.6889587094692095,0.5260382415406635,0.28719785003417153,0.508699502063476,0.8116293560093308
969,train,969:32,0,wrong_branch,3,6,LCX,OM1,52.82221984863281,-139.333984375,-185.33787536621094,56.220703125,-134.61541748046875,-182.55130004882812,-0.3895673262876526,-0.8993929191539959,-0.19831710784686035,0.9706569811788889,0.16660318854791328,0.17340242920546056,6.44822177948005,0.9491623371455837,0.7084261201074179,0.5623666412424222,0.4321463207500762,0.5270419338215168,0.7317625007171714
970,train,970:0,1,positive_gap,2,2,LAD,LAD,69.59681701660156,-177.6077880859375,192.6088104248047,68.5641860961914,-179.4532470703125,189.45083618164062,-0.43396891992426917,-0.6626151122000691,-0.6104196831884215,0.11141670307276563,-0.5148007947439669,-0.8500390932229972,3.8006376835059097,0.9468538371468453,0.926000654188861,0.8116439940589023,0.830906417854327,0.27169938478787137,0.48556561768146517
970,train,970:0,0,wrong_branch,11,9,R-PLA,RCA,17.85039520263672,-146.25650024414062,144.94102478027344,16.727510452270508,-147.9854278564453,141.6195068359375,-0.11214361733513635,-0.38498537368019853,-0.916084096108708,-0.6209889463304106,-0.5835685497753117,-0.5232785837855264,3.9092892328069317,0.9808243227985453,0.8810619522303239,0.7736724914100958,0.8496475309275172,0.28723501472925345,0.4422613701220797
970,train,970:1,1,positive_gap,9,9,RCA,RCA,6.043428421020508,-181.94430541992188,193.78045654296875,7.610078811645508,-179.0537109375,195.4483184814453,0.17875557734105352,0.7006754037095149,0.6907245631986566,0.4887689213265465,0.8724132851968541,3.684177724648877e-05,3.6866913830794203,0.937818982027498,0.8917438850970821,0.6986741490454367,0.45240074776300654,0.42494752824045934,0.784061962899487
970,train,970:1,0,wrong_branch,3,6,LCX,OM1,47.40931701660156,-127.3837890625,194.78208923339844,49.2470703125,-123.93659973144531,193.6186981201172,-0.11653612625188878,-0.922163899630652,0.3688266171200129,0.8480704453119602,0.4164065641462691,-0.3276920705849816,4.076018933123915,0.9377110062074451,0.8280654774968775,0.6036875033612061,0.28542338305323117,0.4508696662235469,0.8457245630144106
970,train,970:2,1,positive_gap,9,9,RCA,RCA,-9.295238494873047,-182.3050537109375,151.0020751953125,-12.5400390625,-184.38873291015625,151.61874389648438,-0.5208762614751491,-0.8331712377561682,-0.18577838627657087,-0.821745750497864,-0.3680851847774849,0.4350255375101868,3.9052183057972694,0.8480031565228386,0.9478699688618911,0.6538875010554427,0.1579088934046106,0.8308883943338249,0.5335627962527838
970,train,970:2,0,wrong_branch,10,9,R-PDA,RCA,19.9794921875,-145.36593627929688,143.06491088867188,16.727510452270508,-147.9854278564453,141.6195068359375,-0.8424578019791135,-0.4719631619164499,0.25983769102720194,-0.6209889463304106,-0.5835685497753117,-0.5232785837855264,4.418858925636661,0.814778321966807,0.9741081736759876,0.6626123417509813,0.32709893596028844,0.7359324635513121,0.592798190942705
970,train,970:3,1,positive_gap,4,4,D1,D1,44.5498046875,-151.23141479492188,205.5020751953125,40.9365234375,-150.54641723632812,207.33340454101562,-0.9710899141974157,0.000820177292396466,0.23871260095199143,-0.837196269026634,0.13372866923957952,0.5303009052899069,4.108380486190927,0.9606082501496995,0.9949869582520857,0.9396920426622727,0.44575456237770145,0.8794904128634013,0.16673177201969516
970,train,970:3,0,wrong_branch,1,2,LM,LAD,30.8193359375,-149.627197265625,209.7730712890625,34.793975830078125,-150.7105712890625,211.60968017578125,0.8986558394652023,-0.11548182937046497,0.4231803744035672,0.8093825843089169,-0.4385914281332242,0.39056035562442604,4.510498171278522,0.9919436899809267,0.9776014357154833,0.943283203738009,0.4071853744257598,0.8811975399718418,0.24018943857157413
970,train,970:4,1,positive_gap,2,2,LAD,LAD,62.764793395996094,-162.0712890625,203.4930877685547,60.808963775634766,-158.94776916503906,204.949951171875,-0.1991765645551015,0.9404084537377172,0.2756095721680641,-0.7769895803524812,0.5249352398912593,0.34746249573728244,3.9628395160101,0.9408570359365088,0.9249706635611645,0.7441756423628942,0.3676311890588807,0.4935424743948534,0.7882024706884386
970,train,970:4,0,wrong_branch,3,6,LCX,OM1,47.23419952392578,-128.4677734375,195.1186981201172,49.2470703125,-123.93659973144531,193.6186981201172,-0.14685284787207034,-0.9148241861520883,0.37620599344379374,0.8480704453119602,0.4164065641462691,-0.3276920705849816,5.180075671834994,0.966227602240512,0.7886766652078614,0.628760077201771,0.28957105938736966,0.38857941777155114,0.8747311802202999
970,train,970:5,1,positive_gap,6,6,OM1,OM1,53.221710205078125,-121.6025390625,188.56663513183594,51.82178497314453,-119.11799621582031,185.4499969482422,-0.6194848576389086,0.6200576516054994,-0.48142187304024114,0.1316277307812443,0.48678804851890445,-0.8635459086282193,4.224473621580099,0.9251353962313489,0.8797633190051113,0.6360251569179384,0.7377577570073736,0.33138453623719716,0.5881307517196386
970,train,970:5,0,wrong_branch,11,9,R-PLA,RCA,17.85039520263672,-146.25650024414062,144.94102478027344,15.6435546875,-148.94155883789062,140.9508819580078,-0.11214361733513635,-0.38498537368019853,-0.916084096108708,-0.7609530070451924,-0.5484453112854856,-0.34663851718735184,5.2915899740245855,0.9328949841596623,0.857029160586711,0.614029478634531,0.7540536666394186,0.4170467715695437,0.5074200017254634
970,train,970:6,1,positive_gap,9,9,RCA,RCA,5.249324798583984,-183.51156616210938,189.9499969482422,6.043428421020508,-181.94430541992188,193.78045654296875,0.3068672675189026,0.18937373464442295,0.9327218603379606,0.17875557734105352,0.7006754037095149,0.6907245631986566,4.214181712266535,0.9760461481344388,0.9220969337544789,0.8317976531141488,0.9089450470483882,0.1884360183437431,0.3719015574543349
970,train,970:6,0,wrong_branch,11,9,R-PLA,RCA,18.30191993713379,-145.4436492919922,146.1186981201172,16.727510452270508,-147.9854278564453,141.6195068359375,-0.43228641544196506,-0.621207515309721,-0.6536280884012404,-0.6209889463304106,-0.5835685497753117,-0.5232785837855264,5.4020482882309855,0.9626655113210167,0.8913884334692511,0.9729918348781166,0.8328676539196658,0.29144676257213814,0.470521259499049
970,train,970:7,1,positive_gap,2,2,LAD,LAD,70.5654296875,-181.42343139648438,187.11874389648438,74.5394287109375,-181.86656188964844,185.77223205566406,0.8192782647997706,-0.3750397715822929,-0.4337375872093384,0.8970744516109493,0.06179536151659172,-0.4375371544931337,4.219256689243182,0.9494647221570288,0.9780724067993593,0.901554191548288,0.31913484767428063,0.9418718310192038,0.10502572509840538
970,train,970:7,0,wrong_branch,3,6,LCX,OM1,45.272491455078125,-123.45453643798828,191.6186981201172,50.6923828125,-123.77053833007812,193.45004272460938,0.6998573187941698,-0.1489407416257667,0.6985816980240767,0.9999989417506004,0.0008762659645829798,-0.001161316338603949,5.729651174588497,0.8935203657603192,0.9455168883122436,0.698914792128191,0.31962584609240446,0.945937403913796,0.05515202975904357
970,train,970:8,1,positive_gap,2,2,LAD,LAD,62.16402053833008,-160.6259765625,204.1105194091797,59.3642578125,-158.1032257080078,205.49305725097656,-0.4178913444476604,0.8222999424675566,0.38625073314309716,-0.828175147835805,0.5056484918669792,0.24175509752597138,4.014268809981326,0.9412575305713465,0.9786476270120122,0.8552600353987556,0.3444058948815903,0.697452726351702,0.628445919769863
970,train,970:8,0,wrong_branch,10,9,R-PDA,RCA,19.9794921875,-145.36593627929688,143.06491088867188,15.6435546875,-148.94155883789062,140.9508819580078,-0.8424578019791135,-0.4719631619164499,0.25983769102720194,-0.7609530070451924,-0.5484453112854856,-0.34663851718735184,6.0045440297424255,0.7979127281775585,0.9981244088314251,0.8098470290501845,0.35207151786923396,0.7221093689250534,0.5954861086674607
970,train,970:9,1,positive_gap,10,10,R-PDA,R-PDA,22.502243041992188,-146.5341796875,137.50294494628906,21.869783401489258,-144.41812133789062,140.949951171875,0.03303540698946075,0.656067459910205,0.7539788789694392,-0.36821800027091345,0.10722259364080552,0.9235360413592033,4.0938441659453595,0.9688579227278977,0.8899231688012526,0.7545076923069981,0.8419974199946,0.15449040434026406,0.5168878598779615
970,train,970:9,0,wrong_branch,3,4,LCX,D1,35.5166015625,-148.21890258789062,205.4499969482422,38.09067916870117,-150.68136596679688,210.4581298828125,-0.21716677835111947,-0.2606374540665341,0.9406948006225563,-0.45164202479114696,-0.31377763585573964,0.8352024165909339,6.14581133012791,0.7800321877311573,0.6171535117501116,0.9655344183988116,0.8148855644200325,0.4188344659365908,0.40067344189933013
970,train,970:10,1,positive_gap,9,9,RCA,RCA,-6.275545597076416,-187.33253479003906,174.88890075683594,-2.7841796875,-186.36456298828125,177.33416748046875,0.5440666624799056,0.16598080023628287,0.8224608444971101,0.7829817384771023,0.1738563336534039,0.5972550313391849,4.3710335932427435,0.9314356844602963,0.998027477636693,0.9460699520772635,0.5594252872851384,0.7987506467517841,0.22145146705214458
970,train,970:10,0,wrong_branch,1,2,LM,LAD,29.3740234375,-149.4254150390625,208.77223205566406,34.793975830078125,-150.7105712890625,211.60968017578125,0.7339622445947181,-0.0065247115457881056,0.6791589295950745,0.8093825843089169,-0.4385914281332242,0.39056035562442604,6.251289655669778,0.9459654329331232,0.9691869470104897,0.8621704939384277,0.4538980396698922,0.8670134789966661,0.20558257908180474
971,train,971:0,1,positive_gap,2,2,LAD,LAD,78.02667999267578,-162.52236938476562,69.94999694824219,79.244140625,-164.00726318359375,73.56671905517578,-0.20101663041012421,-0.5062399339441115,0.8386378500752403,0.7129095874504694,-0.4359735039704976,0.5492604336349818,4.094850276119956,0.8645255670004023,0.8551804892207965,0.5380311039900777,0.8832367151554539,0.2973150543315626,0.36262468678955573
971,train,971:0,0,wrong_branch,10,9,R-PDA,RCA,-0.3520350456237793,-149.08099365234375,90.99197387695312,0.7689517736434937,-150.20901489257812,94.45003509521484,0.42814899274768853,0.08963366750985674,0.8992520479030738,0.040278608162335264,-0.5873162989332813,0.8083546243647138,3.806209499835312,0.9165310866909675,0.9203373660989225,0.6915164830441661,0.908531497914485,0.29451527019618234,0.29636341359643564
971,train,971:1,1,positive_gap,3,3,LCX,LCX,69.84225463867188,-106.615234375,145.78236389160156,70.47811126708984,-109.521484375,148.90713500976562,0.08429480629667374,-0.7120421317407162,0.6970583822446602,0.19760058181051593,-0.6641689410573908,0.7209948875011872,4.314486905220058,0.9969017989149068,0.9986890029185044,0.9921485012825544,0.7242509217917502,0.14737711398513037,0.6736026934010984
971,train,971:1,0,wrong_branch,11,9,R-PLA,RCA,0.774799644947052,-146.9400177001953,91.33323669433594,0.7689517736434937,-150.20901489257812,94.45003509521484,0.09265703089582115,0.8446497239640844,-0.5272395266223566,0.040278608162335264,-0.5873162989332813,0.8083546243647138,4.516725485695008,0.9752637723911739,0.982831080338874,0.9185409630257102,0.6900570802343794,0.0012947147932897926,0.7237537908239287
971,train,971:2,1,positive_gap,9,9,RCA,RCA,16.390073776245117,-162.22837829589844,145.949951171875,18.576171875,-161.37942504882812,149.0586700439453,0.4120251366809692,0.13783400929474823,0.9006870003640353,0.7637969713089987,0.3745826070947734,0.5256444207649152,3.8940826312055905,0.9803912847024281,0.930082718124441,0.8397748706448949,0.7983186712984226,0.5613897561485686,0.21801110234979282
971,train,971:2,0,wrong_branch,3,7,LCX,OM2,69.52156066894531,-100.47760009765625,137.4499969482422,71.25198364257812,-99.09899139404297,133.44110107421875,0.0746058269560583,0.5149567685599417,-0.8539634050113069,-0.7549440309259408,-0.045113679938675356,0.6542356349601288,4.578883243119075,0.9308981392734171,0.8716817906124668,0.6382481090821236,0.8755182565635,0.37791375795248955,0.30107968044063754
971,train,971:3,1,positive_gap,2,2,LAD,LAD,71.251953125,-146.21292114257812,154.6095428466797,67.982421875,-144.76617431640625,156.8244171142578,-0.6615619360982989,0.43815140324252255,0.6085714029943231,-0.7390286789365916,0.45188214018898826,0.49963901277567957,4.205779237542633,0.9855012548888672,0.9930797051218808,0.990972052489093,0.5266263734927369,0.7773901256667796,0.3439901964557667
971,train,971:3,0,wrong_branch,4,2,D1,LAD,53.451171875,-134.53482055664062,166.32437133789062,49.818359375,-135.99758911132812,168.77346801757812,-0.7895228925151823,-0.2681253022355807,0.5520529182021761,-0.9005093498420749,0.10511624075612347,0.42194014596421636,4.618992644635315,0.9985780921581248,0.8986793053756207,0.9157217116878752,0.5302231174868789,0.7864945410162745,0.31668562113568605
971,train,971:4,1,positive_gap,11,11,R-PLA,R-PLA,45.458984375,-107.58853912353516,92.2868881225586,41.462890625,-107.06922149658203,93.0016860961914,-0.946899581899632,0.3215294415730889,0.0,-0.9640950370942881,-0.15729108483843618,0.21396325404263042,4.092602130620916,0.9653700217129629,0.9587715820901364,0.8623274728635639,0.17465611139785184,0.9764188216834373,0.12689179411494267
971,train,971:4,0,wrong_branch,2,5,LAD,D2,59.26423645019531,-139.27943420410156,163.6095733642578,63.986328125,-139.7962188720703,162.94113159179688,0.7377670288382203,-0.576631359085089,-0.3509930011822281,-0.9608059182421052,0.2689352587015032,0.06727417110675359,4.797085634161436,0.8372617210535238,0.9841317150069929,0.8875401945414099,0.139343306215084,0.9843667666003927,0.10772888111243557
971,train,971:5,1,positive_gap,2,2,LAD,LAD,77.99556732177734,-166.438720703125,83.94999694824219,79.03633117675781,-167.28379821777344,87.94999694824219,-0.1574178143713731,-0.006358793688591887,0.9875116188994263,-0.09957701373985027,-0.3808305286712121,0.9192673858930592,4.218690010844384,0.8987589436744547,0.9233351333100145,0.9258840430713916,0.9481616306762932,0.2467030884718066,0.20031751858423288
971,train,971:5,0,wrong_branch,10,9,R-PDA,RCA,-0.3520350456237793,-149.08099365234375,90.99197387695312,0.8129169940948486,-150.93551635742188,95.44999694824219,0.42814899274768853,0.08963366750985674,0.8992520479030738,0.09393476147724987,-0.5848829652559272,0.8056600880890439,4.966924342351154,0.8740684270759828,0.9635257477902875,0.7122843523983936,0.897541972459118,0.23454193368429357,0.3733744621928878
971,train,971:6,1,positive_gap,10,10,R-PDA,R-PDA,-4.15386438369751,-146.3358612060547,81.94999694824219,-3.188969135284424,-147.4315643310547,85.94999694824219,0.1060503488758575,-0.20412274456409252,0.9731840672015399,0.4558459524855319,-0.38083964488331923,0.8044660542793,4.258120263513575,0.9907474224672114,0.9569938723005676,0.9089742024762396,0.9393816408321478,0.22660122042135689,0.257320849856853
971,train,971:6,0,wrong_branch,10,9,R-PDA,RCA,-1.0410434007644653,-148.9961395263672,89.45890045166016,0.7689517736434937,-150.20901489257812,94.45003509521484,0.31184109057551646,-0.2043387621157985,0.9279012902920524,0.040278608162335264,-0.5873162989332813,0.8083546243647138,5.445968620496559,0.9995556300755013,0.8850312338121664,0.8826453095522308,0.9164824462575769,0.3323550502284982,0.22271067843581305
971,train,971:7,1,positive_gap,10,10,R-PDA,R-PDA,8.288350105285645,-146.57614135742188,73.00090789794922,5.8683857917785645,-144.04672241210938,74.6273422241211,-0.5463539376633145,0.8156878409883918,0.19013342910568687,-0.6932409790907821,0.2420221005348023,0.6788536276414643,3.8599839503427673,0.9571575667998709,0.8792535415797401,0.7052421914168353,0.421357795031103,0.6269363667411588,0.6552926068741521
971,train,971:7,0,wrong_branch,4,2,D1,LAD,57.083984375,-134.224609375,164.28077697753906,53.451171875,-137.00201416015625,167.3154754638672,-0.9289552263794484,-0.0014827074345774125,0.3701891259356106,0.8194455872031341,-0.2861521871798151,-0.49661439305110633,5.488232766901136,0.8203461493724951,0.6722030245209988,0.9446452290812082,0.5529463882490594,0.6619275556075264,0.506065413607535
971,train,971:8,1,positive_gap,3,3,LCX,LCX,47.638671875,-130.5069580078125,163.84210205078125,44.732421875,-131.40965270996094,166.8991241455078,-0.815674299737954,0.09682021047796782,0.5703518945265285,-0.6239026100670509,-0.3174661458849926,0.7141153823917044,4.313528819358141,0.9335124104931807,0.9928897313596889,0.8854612467645543,0.7087056149960884,0.6737523085408419,0.20927058562756043
971,train,971:8,0,wrong_branch,3,6,LCX,OM1,69.57083892822266,-103.70901489257812,142.4499969482422,73.431640625,-101.76959991455078,138.78070068359375,-0.16210054065749996,-0.5803306698811717,0.7980850382721236,0.7002472501956837,0.20212845115748013,-0.684688161009128,5.668408531201557,0.8255845463218419,0.9893165600452111,0.777251174496352,0.6473238907271635,0.6811085819812908,0.3421445309299606
971,train,971:9,1,positive_gap,2,2,LAD,LAD,78.276123046875,-161.47067260742188,68.4588623046875,77.87377166748047,-163.287109375,71.94918060302734,-0.1734055140653321,-0.5983329689731519,0.7822583882142211,0.3989314827617369,-0.22083009763428119,0.8899931123555708,3.955205555573097,0.9827389913560493,0.8462196148295499,0.7591575867040333,0.8824619224712096,0.10172704648121171,0.45925217844080646
971,train,971:9,0,wrong_branch,3,7,LCX,OM2,69.47953796386719,-101.16014099121094,138.449951171875,71.25198364257812,-99.09899139404297,133.44110107421875,-0.07562766608247726,0.5624575827642015,-0.823360142169858,-0.7549440309259408,-0.045113679938675356,0.6542356349601288,5.6989894408287665,0.9035550727331306,0.8261204203760105,0.5069514216994377,0.8789014525578496,0.31101052162209,0.3616693132297205
971,train,971:10,1,positive_gap,3,3,LCX,LCX,71.60823059082031,-113.880859375,152.6103973388672,71.00653839111328,-117.150390625,155.1104278564453,0.031738507296195005,-0.7404511334716419,0.6713603995583669,-0.3032539935686059,-0.7055478431429071,0.6404992243719612,4.159569771831793,0.980931446933149,0.9834055240765189,0.9428046862773443,0.6010310331871559,0.14465250800254223,0.7860263030424327
971,train,971:10,0,wrong_branch,11,9,R-PLA,RCA,1.0163137912750244,-145.849609375,90.78077697753906,0.7689517736434937,-150.20901489257812,94.45003509521484,0.23993633253908722,0.8547204907847095,-0.460307982725086,0.040278608162335264,-0.5873162989332813,0.8083546243647138,5.703425248794531,0.9598465697847052,0.9672167238323703,0.8644190602156797,0.6433428961747699,0.043370782791238106,0.7643486724928189
971,train,971:11,1,positive_gap,3,3,LCX,LCX,70.27220916748047,-108.068359375,147.3991241455078,71.12310028076172,-110.974609375,150.28956604003906,0.18663412970909773,-0.6464046203250217,0.7398167127405222,0.23840477211907388,-0.7190423834819839,0.6527949259816591,4.186282252168672,0.9974998625189192,0.9983653704630556,0.9922353822886532,0.6904555690275969,0.2032569860382568,0.6942317371205534
971,train,971:11,0,wrong_branch,11,9,R-PLA,RCA,0.774799644947052,-146.9400177001953,91.33323669433594,0.8129169940948486,-150.93551635742188,95.44999694824219,0.09265703089582115,0.8446497239640844,-0.5272395266223566,0.09393476147724987,-0.5848829652559272,0.8056600880890439,5.73700073560633,0.9659722876833827,0.9860882603879917,0.9100933625209187,0.7175805692957018,0.0066441248492829594,0.696443811211101
971,train,971:12,1,positive_gap,11,11,R-PLA,R-PLA,13.490234375,-124.42245483398438,89.0667953491211,16.396484375,-122.19879913330078,91.40717315673828,0.6596703212310349,0.6260883139506243,0.41575051463757434,0.5886924495255514,0.4942427694148649,0.6396602885538001,4.343765879978993,0.9858692010144189,0.9915267180400603,0.9637216536295069,0.5387900435436235,0.6690623022284191,0.5119188653635144
971,train,971:12,0,wrong_branch,4,2,D1,LAD,58.537109375,-134.10865783691406,163.56675720214844,54.541015625,-137.2532501220703,166.56602478027344,-0.8309572795486996,-0.1903230025780855,0.5227687387886603,0.7757755525227785,-0.23082972169318564,-0.5872733023823101,5.90362870646902,0.9294274824583774,0.7005176740908376,0.9077122605584582,0.508037975836538,0.6768877157910016,0.5326541423092038
971,train,971:13,1,positive_gap,5,5,D2,D2,92.6861343383789,-147.41749572753906,132.6176300048828,91.82894897460938,-145.5743408203125,135.44276428222656,-0.6620312896049877,-0.1695584461908373,0.7300441801078245,-0.45257858837454273,0.012883032320881302,0.891631453473421,3.48042676189525,0.665847623118635,0.8420426426447869,0.9483671129759998,0.8117206511207655,0.24628743036752052,0.5295772712145453
971,train,971:13,0,wrong_branch,4,2,D1,LAD,59.626953125,-134.10281372070312,162.83323669433594,55.630859375,-137.6106719970703,165.5452880859375,-0.8360074252422146,0.1562597884042278,0.5259985394159843,0.7363786725354052,-0.2500526452500203,-0.6286653523445219,5.9690080998902,0.7068447311753474,0.6316730770613702,0.9853682685809433,0.4543554550799572,0.6694736685101011,0.5876785920983614
971,train,971:14,1,positive_gap,5,5,D2,D2,70.525390625,-141.4649658203125,159.78158569335938,66.892578125,-140.43209838867188,161.82437133789062,-0.8752228392306153,0.14739608425298859,0.4607161556055816,-0.8155034922777337,0.17881955567187116,0.5504340292824699,4.293846175750024,0.9951230807067933,0.994839296558568,0.993698434093203,0.4757472813227708,0.8460509182924891,0.2405459789113684
971,train,971:14,0,wrong_branch,4,2,D1,LAD,54.541015625,-134.34703063964844,165.45004272460938,49.818359375,-135.99758911132812,168.77346801757812,-0.7382308864861025,-0.04671307251727627,0.6729287087752602,-0.9005093498420749,0.10511624075612347,0.42194014596421636,6.006078670983428,0.9656786026991945,0.9126723875967521,0.9438091506498995,0.5533436165305134,0.7863127522481682,0.27481466062938315
971,train,971:15,1,positive_gap,5,5,D2,D2,75.611328125,-142.1319580078125,156.8235626220703,71.978515625,-141.82183837890625,158.95077514648438,-0.8193488042389176,-0.09852972221673477,0.5647649341382207,-0.8959153100534872,0.18141833458366355,0.4054912392255272,4.221200536389293,0.9825071286012286,0.9887044528076845,0.9451992728949433,0.5039354340255121,0.860611209698039,0.07346716324724019
971,train,971:15,0,wrong_branch,4,2,D1,LAD,53.451171875,-134.53482055664062,166.32437133789062,48.365234375,-135.68417358398438,169.33323669433594,-0.7895228925151823,-0.2681253022355807,0.5520529182021761,-0.8540101995703653,0.043439446895149204,0.518439575537235,6.020053435692018,0.994125331015184,0.9723219536760908,0.9488194687613826,0.4998070845361918,0.8448326172399432,0.1909207351099915
971,train,971:16,1,positive_gap,5,5,D2,D2,88.0412826538086,-143.4354705810547,141.9499969482422,85.783203125,-142.580078125,145.44918823242188,-0.3173994168518749,0.40574393293553784,0.8571052858710484,-0.5901198474630938,0.06006050281022708,0.8050784443967666,4.251465518568721,0.9556607605473775,0.9881383973306198,0.9017098703151203,0.8230553132553006,0.5311296819758258,0.20119943401132417
971,train,971:16,0,wrong_branch,3,7,LCX,OM2,69.52156066894531,-100.47760009765625,137.4499969482422,72.34176635742188,-98.75128173828125,132.3982696533203,0.0746058269560583,0.5149567685599417,-0.8539634050113069,-0.6400237688605788,-0.20620260293162487,0.7401689414165681,6.037688619454421,0.8965969735407837,0.9772119811030009,0.7860121181174019,0.8366988782171347,0.467100221000036,0.2859237148819698
971,train,971:17,1,positive_gap,4,4,D1,D1,71.978515625,-133.4604949951172,157.2895965576172,67.982421875,-133.89828491210938,158.78964233398438,-0.896625502007888,-0.14309175885748363,0.41903157124037155,-0.8952036562165866,-0.15076104921036643,0.41938230761137846,4.290753150835658,0.9961445187467862,0.9957254383620737,0.9999695186620136,0.349599644546096,0.9313268812077267,0.10203101917129034
971,train,971:17,0,wrong_branch,2,5,LAD,D2,58.173828125,-138.50558471679688,164.1184844970703,63.986328125,-139.7962188720703,162.94113159179688,0.8070979710895385,-0.4100239398659261,-0.42482141400825574,-0.9608059182421052,0.2689352587015032,0.06727417110675359,6.069353560002431,0.942540672194979,0.9903833763508227,0.9143139100614809,0.19398324609597567,0.9576802442857971,0.21264771322251338
971,train,971:18,1,positive_gap,2,2,LAD,LAD,81.04710388183594,-161.35472106933594,128.9499969482422,80.22388458251953,-159.40696716308594,132.9499969482422,0.005208869660282458,0.4368450452643209,0.8995216918478818,-0.1853888983201609,0.42969284586644796,0.8837392231822857,4.524537025384932,0.9823469989884681,0.9999937021941886,0.9816861252837327,0.88406835385764,0.18194553270262379,0.4304868974045564
971,train,971:18,0,wrong_branch,10,9,R-PDA,RCA,-0.3520350456237793,-149.08099365234375,90.99197387695312,1.016849160194397,-151.65567016601562,96.44999694824219,0.42814899274768853,0.08963366750985674,0.8992520479030738,0.16971535964301218,-0.5594529516210549,0.8113008638130079,6.188119178370413,0.8505730041680235,0.9858940506698437,0.7520816036813379,0.8820164760831877,0.22121167455903135,0.41606769996790743
971,train,971:19,1,positive_gap,11,11,R-PLA,R-PLA,34.560546875,-108.553466796875,88.95804595947266,30.927734375,-109.27027130126953,90.61759185791016,-0.9579876981470348,-0.2757815938413659,0.0787659996271346,-0.9279493142987065,-0.04723935521379504,0.3697005726416249,4.057736801062542,0.9385988179395001,0.9903210870842726,0.9311116074418777,0.4089831302027619,0.8952804674390727,0.17665130577390625
971,train,971:19,0,wrong_branch,2,5,LAD,D2,59.26423645019531,-139.27943420410156,163.6095733642578,65.439453125,-140.07406616210938,162.49278259277344,0.7377670288382203,-0.576631359085089,-0.3509930011822281,-0.947907032247138,0.15967662772291444,0.2756367768920924,6.32550097278831,0.8546464117788724,0.9941100473778909,0.8881556852113658,0.17655372693620636,0.9762415184773299,0.1256235611102175
972,test,972:0,1,positive_gap,10,10,R-PDA,R-PDA,21.81075096130371,-163.6143341064453,45.12441635131836,18.4208984375,-162.33348083496094,46.27546310424805,-0.5555931013709788,0.7675840622315152,0.3195794316240372,-0.9216901522588955,0.04417610008909584,0.38540334120229436,3.8021827762011378,0.8506671802990956,0.9532929553694325,0.6691605412839777,0.3027331458483248,0.891554331638576,0.3368731454735876
972,test,972:0,0,wrong_branch,3,1,LCX,LM,40.061100006103516,-153.10728454589844,113.44988250732422,36.8857421875,-153.4287109375,114.45152282714844,0.5268389446849016,0.3382807455747448,-0.779747948722338,-0.9998395895153225,0.0,-0.01791075760071663,3.3450703328453413,0.766100934000125,0.9437494601974613,0.5127885576952159,0.29943774574456145,0.9492648891189481,0.09608957648676847
972,test,972:1,1,positive_gap,3,3,LCX,LCX,63.952579498291016,-139.1005859375,56.450111389160156,62.632904052734375,-135.6385040283203,57.889015197753906,-0.05366816787652459,0.8767604224925587,0.4779235182614968,-0.6903647278671606,0.6916496502944129,0.21217281580003935,3.9746696212213646,0.954526361420715,0.9084783739194359,0.7448640283267692,0.3620184683806735,0.33202141846222716,0.8710363977662713
972,test,972:1,0,wrong_branch,6,3,OM1,LCX,54.7138671875,-130.1865997314453,92.19990539550781,53.430999755859375,-133.0518341064453,93.95011138916016,-0.6190506576968501,-0.6180231908037986,0.4845860283105456,-0.026323650739762575,0.5855088354370899,-0.810238526013688,3.594236760574134,0.9495942578855969,0.8519012008470849,0.7381926347223781,0.4869478863637159,0.3569234630597076,0.7971746342448278
972,test,972:2,1,positive_gap,3,3,LCX,LCX,63.554656982421875,-137.5087890625,57.38748550415039,61.0810546875,-134.76187133789062,57.775577545166016,-0.3897025598581148,0.8876732627023167,0.24529185376497167,-0.8809692284037587,0.29977190553357386,-0.3661011107036637,3.7168374636935075,0.940996321662494,0.7696153965450886,0.5196138488067343,0.10441458492779207,0.6655126351594075,0.739047039705551
972,test,972:2,0,wrong_branch,2,1,LAD,LM,39.870338439941406,-155.6551971435547,115.43836212158203,36.8857421875,-153.4287109375,114.45152282714844,-0.5583359262342817,0.827416582007131,-0.06035555728964249,-0.9998395895153225,0.0,-0.01791075760071663,3.852130242979497,0.9262927082011132,0.7792552021765649,0.5593273770542125,0.25618014765521163,0.7747911062666767,0.5779882988412597
972,test,972:3,1,positive_gap,3,3,LCX,LCX,53.4404296875,-128.2459259033203,60.961402893066406,50.257957458496094,-127.88571166992188,63.12605667114258,-0.9883816434994349,0.10234847300520174,0.11236777503741659,-0.6307272404379903,0.2736900431334106,0.7261383535243882,3.8656965428320107,0.8861538404916856,0.9513672543770226,0.7330055356502652,0.5599647447987073,0.823259713674376,0.09318223233698122
972,test,972:3,0,wrong_branch,2,4,LAD,D1,42.298973083496094,-158.8388671875,114.77546691894531,45.4814453125,-160.01620483398438,112.68539428710938,-0.6454901810846914,0.6550355545517835,0.39277327861794503,0.8290715356288414,-9.935366200246163e-05,-0.5591425390174536,3.9853051361922165,0.9149556054310332,0.9553252508379599,0.754838864110958,0.5244448192574057,0.7985517094042687,0.2954196996843432
972,test,972:4,1,positive_gap,4,4,D1,D1,53.7587890625,-164.919189453125,107.48652648925781,56.62395095825195,-167.10797119140625,106.12594604492188,0.7761914411135848,-0.5935647259857768,-0.21262117205830214,0.6937889616662765,-0.652545827121538,-0.3046979162651063,3.853712149630768,0.9892762703443241,0.9940192635098654,0.990626467133012,0.35305710221929715,0.7434810345205648,0.567967106336928
972,test,972:4,0,wrong_branch,2,5,LAD,D2,58.14366912841797,-185.57273864746094,100.72764587402344,61.0810546875,-187.81068420410156,98.93682861328125,-0.4264268005810307,0.7008615697067303,0.5717982545045444,0.5943165435956529,-0.5857191579259866,-0.5511088041820686,4.104102910328069,0.9368810260411463,0.9852286034304581,0.9790636029225758,0.4363480399664333,0.7157192748968436,0.5452946979006749
972,test,972:5,1,positive_gap,3,3,LCX,LCX,62.632904052734375,-135.6385040283203,57.889015197753906,59.1708984375,-133.93453979492188,57.44999694824219,-0.6903647278671606,0.6916496502944129,0.21217281580003935,-0.877516323147238,0.4795467679071063,0.0,3.8835182517943445,0.8949217866525474,0.9926815657863532,0.9374846719513005,0.11304652664085571,0.8914611418743266,0.43876817950092967
972,test,972:5,0,wrong_branch,2,5,LAD,D2,59.555267333984375,-197.0419921875,90.074951171875,63.66892623901367,-198.3154296875,89.43695068359375,0.3566421363588877,-0.7347031369356191,-0.5770768468326636,0.5030699444794342,-0.6202403269732257,-0.6018492899037142,4.353260533942369,0.6365063415188165,0.7450221653133006,0.9824217441044085,0.14655692745857057,0.9449604205755896,0.29252499134177906
972,test,972:6,1,positive_gap,2,2,LAD,LAD,53.011016845703125,-173.84059143066406,107.44988250732422,50.57512283325195,-170.6580352783203,108.1604995727539,-0.644083144959693,0.7649518812802923,0.0023498307540400468,-0.7539174634064087,0.6235896814698061,0.20674711010128274,4.070284992036359,0.9839827997337618,0.9748679133583023,0.9630874515757654,0.17458656256749397,0.5984578517762456,0.7819000778988502
972,test,972:6,0,wrong_branch,9,11,RCA,R-PLA,1.2388473749160767,-165.8428497314453,49.622772216796875,3.9919803142547607,-162.3491973876953,50.27546310424805,0.653782952863599,0.7035493870922507,0.2785428341693095,0.546496392925321,0.7654612894716346,0.33972151365498704,4.49570384647647,0.9875451918329493,0.9788380496388001,0.9904568397883823,0.14518102387076087,0.6123919709472112,0.7771090941606767
972,test,972:7,1,positive_gap,5,5,D2,D2,62.66447067260742,-189.7197265625,97.17234802246094,63.70734405517578,-192.9033203125,94.50922393798828,0.3043798223201242,-0.7427253907445078,-0.5964158932387599,-0.03379422631592396,-0.6111226330274648,-0.790814186562992,4.279612593028364,0.9978228084083914,0.9384866772758252,0.9152641652714995,0.6222815796016155,0.2436840624937023,0.7438976497980643
972,test,972:7,0,wrong_branch,6,3,OM1,LCX,55.35051345825195,-129.55812072753906,91.44835662841797,53.430999755859375,-133.0518341064453,93.95011138916016,-0.5171660295780276,-0.48727903582608384,0.7036323181142982,-0.026323650739762575,0.5855088354370899,-0.810238526013688,4.706308841387015,0.9466943668011689,0.8546165729634774,0.84180249514688,0.531574710682371,0.4078596979255765,0.7423468150204532
972,test,972:8,1,positive_gap,11,11,R-PLA,R-PLA,13.9638671875,-154.6363525390625,50.950111389160156,17.4658203125,-153.32400512695312,51.96304702758789,0.889814891978677,0.4563158759933788,-0.0022976791269819414,0.5629124754204194,0.18413907423046216,0.8057433501789537,3.874528361925415,0.9582089102794067,0.7818019154340926,0.5830621467943427,0.2614345653994295,0.9038398478156275,0.33871152551254385
972,test,972:8,0,wrong_branch,3,1,LCX,LM,40.91328430175781,-152.4410858154297,112.13746643066406,36.8857421875,-153.4287109375,114.45152282714844,0.48699386178730514,0.5161284794198902,-0.7045909248019018,-0.9998395895153225,0.0,-0.01791075760071663,4.74882678879478,0.8637065656606296,0.8392492984767014,0.47429598560410924,0.48729012436178304,0.8481130800055934,0.2079724458261332
972,test,972:9,1,positive_gap,5,5,D2,D2,63.27632141113281,-197.0419921875,90.4614028930664,64.9013671875,-199.51113891601562,87.99793243408203,-0.1704020603188123,-0.7144652890535708,-0.6786033366972943,0.5817840224758796,-0.3931082415368022,-0.7120345929992645,3.84787552352164,0.8209537280276028,0.9538104234970523,0.6649140479816771,0.6402157356508679,0.4223228548931641,0.641690905389741
972,test,972:9,0,wrong_branch,2,5,LAD,D2,60.61281204223633,-199.9072265625,86.94988250732422,63.23098373413086,-197.3603515625,90.17234802246094,0.22332416044062658,-0.5241356937409075,-0.8218321567754738,0.012643520566338207,-0.7795919116249143,-0.62616019732709,4.870901279035352,0.6977215693287601,0.8150852701968642,0.9260341365060947,0.6615747949987,0.537512780881702,0.5228755119636485
972,test,972:10,1,positive_gap,3,3,LCX,LCX,55.3117561340332,-128.50790405273438,60.461402893066406,51.5302734375,-128.2670135498047,61.84808349609375,-0.8972197187073465,0.42450290424602544,0.12163083757583769,-0.7858861032779116,0.03904193568096028,0.617137553494311,4.034912974698961,0.908010335179258,0.9509479464372951,0.796748881133991,0.3436705107947965,0.9371906458070101,0.059701536176913456
972,test,972:10,0,wrong_branch,3,1,LCX,LM,40.061100006103516,-153.10728454589844,113.44988250732422,35.2939453125,-153.61004638671875,114.44999694824219,0.5268389446849016,0.3382807455747448,-0.779747948722338,-0.9872460392184083,-0.15920194109232816,0.0,4.896811435645008,0.7068752039099934,0.9774514116933314,0.5739746127758345,0.2042378911382839,0.9735222105761127,0.10267126831974667
972,test,972:11,1,positive_gap,3,3,LCX,LCX,64.59970092773438,-140.97190856933594,55.576595306396484,63.554656982421875,-137.5087890625,57.38748550415039,-0.707905487803245,0.6750637658062418,0.20774679885270242,-0.3897025598581148,0.8876732627023167,0.24529185376497167,4.0453228393520195,0.8537824095676729,0.9703975830552674,0.9260672336641895,0.4476503531777392,0.25833388009148245,0.8560798839458411
972,test,972:11,0,wrong_branch,10,11,R-PDA,R-PLA,5.6865234375,-163.3274688720703,48.672462463378906,7.2783203125,-159.19500732421875,50.900421142578125,-0.7788431039134247,-0.5941366392775147,0.20101013246730318,0.7637837800858591,0.6305682329361064,0.1379059131784865,4.957303260034696,0.6550264116076155,0.8328795052113738,0.9417909348765865,0.44942957134795614,0.3211013713510154,0.8336108023019435
972,test,972:12,1,positive_gap,2,2,LAD,LAD,56.22610092163086,-181.7607421875,102.63899230957031,54.752769470214844,-178.5771484375,105.22611999511719,-0.401725331751544,0.8085857098294107,0.42989057641309136,-0.21631655947405978,0.7679313774790877,0.6029001124401757,4.358807680099435,0.9815218069333869,0.9918462602876821,0.9670192564336992,0.5935402237081165,0.3380124932197984,0.7303817887022201
972,test,972:12,0,wrong_branch,6,3,OM1,LCX,54.7138671875,-130.1865997314453,92.19990539550781,53.297733306884766,-134.0068359375,95.1244125366211,-0.6190506576968501,-0.6180231908037986,0.4845860283105456,0.24207338593740785,0.6352081151029668,-0.7334242471640372,5.015215035898267,0.9281413552222619,0.9798897507360768,0.8978361778957307,0.5831269686703429,0.28236752970286005,0.761729293501859
972,test,972:13,1,positive_gap,10,10,R-PDA,R-PDA,22.908523559570312,-165.09500122070312,44.94999694824219,20.3310546875,-162.3890838623047,45.5108642578125,-0.7265657228596105,0.6870968909588786,0.00033585731301147645,-0.9444550057939823,0.22235519816683236,0.24199774354087988,3.7788763774325864,0.9876259334671149,0.8393253643432197,0.8390694760539588,0.1484217141687425,0.6820728212923111,0.7160640063692345
972,test,972:13,0,wrong_branch,2,1,LAD,LM,40.69774627685547,-156.6103515625,115.40194702148438,36.8857421875,-153.4287109375,114.45152282714844,-0.6701162014492739,0.7326287772077107,0.11916103122384808,-0.9998395895153225,0.0,-0.01791075760071663,5.055444430818355,0.943971142217944,0.7572856301131929,0.6678744434389073,0.18800012686166281,0.7540393612314708,0.6293493417916907
972,test,972:14,1,positive_gap,3,3,LCX,LCX,61.0810546875,-134.76187133789062,57.775577545166016,57.6995849609375,-133.0118865966797,57.62605667114258,-0.8809692284037587,0.29977190553357386,-0.3661011107036637,-0.5780616227226939,0.7215951772007176,0.38097921278709,3.810399007702279,0.933840993362788,0.8294443903349078,0.5860915500767713,0.03924021440305816,0.8874319250365255,0.45926548313537413
972,test,972:14,0,wrong_branch,2,1,LAD,LM,39.870338439941406,-155.6551971435547,115.43836212158203,35.2939453125,-153.61004638671875,114.44999694824219,-0.5583359262342817,0.827416582007131,-0.06035555728964249,-0.9872460392184083,-0.15920194109232816,0.0,5.109097903832989,0.8430078570512513,0.8205820474712111,0.4194886057806212,0.19345199327621895,0.8957340833120593,0.40029586344423107
972,test,972:15,1,positive_gap,3,3,LCX,LCX,56.585121154785156,-129.8681640625,59.7739372253418,53.4404296875,-128.2459259033203,60.961402893066406,-0.5082649900553161,0.6265620275439232,0.5908356163300561,-0.9883816434994349,0.10234847300520174,0.11236777503741659,3.73240080665775,0.8885343747827633,0.9129838864341361,0.63287833658613,0.31815062991264015,0.8425385241787927,0.43463664360107984
972,test,972:15,0,wrong_branch,2,4,LAD,D1,41.49265670776367,-157.8837890625,115.22600555419922,45.4814453125,-160.01620483398438,112.68539428710938,-0.48418049298960314,0.8434714959961658,0.23264798655981284,0.8290715356288414,-9.935366200246163e-05,-0.5591425390174536,5.187710204532781,0.8329288798893263,0.9113398022020277,0.5315874527286938,0.4897365440478875,0.7688919479833529,0.4110514441653215
972,test,972:16,1,positive_gap,4,4,D1,D1,51.8486328125,-163.7179718017578,108.0010986328125,55.3505859375,-165.96214294433594,106.7869873046875,0.8007694542008849,-0.529688422039226,-0.27963986979043554,0.7587603808288054,-0.5129560569205474,-0.40144584709902104,4.332902736498839,0.9999030121433782,0.9914149195013183,0.9915592848019275,0.280207381046834,0.8082233407874095,0.5179371149216025
972,test,972:16,0,wrong_branch,10,9,R-PDA,RCA,5.6865234375,-163.3274688720703,48.672462463378906,1.2388473749160767,-165.8428497314453,49.622772216796875,-0.7788431039134247,-0.5941366392775147,0.20101013246730318,0.653782952863599,0.7035493870922507,0.2785428341693095,5.1973119834038695,0.9908090308874017,0.8490557221750367,0.8712088807125238,0.18284639376133496,0.8557646869740176,0.48397726890499354
972,test,972:17,1,positive_gap,2,2,LAD,LAD,49.094451904296875,-169.6232147216797,108.4632797241211,46.643829345703125,-166.7978515625,110.45152282714844,-0.6602698792491606,0.7413277202587624,0.12031998060274567,-0.5841237946577922,0.7944239720185566,0.16640296030071403,4.235721726302875,0.9329738631307235,0.9459669375279711,0.9946294604163107,0.46939889622134606,0.5785608018996946,0.6670322891220216
972,test,972:17,0,wrong_branch,2,5,LAD,D2,60.1648063659668,-198.9521484375,88.38736724853516,63.507667541503906,-196.0869140625,91.32198333740234,0.16864827587697132,-0.601959263160555,-0.7805144486420009,-0.009225661101088216,-0.7864522705336242,-0.6175821510938889,5.291149256223371,0.6523151570380316,0.7742319300711902,0.9538881295950298,0.5546273497039487,0.631783571708034,0.5415145625744641
972,test,972:18,1,positive_gap,4,4,D1,D1,69.88406372070312,-180.4873809814453,97.56343078613281,67.16983032226562,-178.2504119873047,100.074951171875,-0.4806400978619559,0.6525014529787112,0.5858557417896664,-0.5583873879273562,0.6363844337374904,0.5321826542647531,4.321900955591033,0.9800279107090047,0.9893224239200094,0.9954074001269038,0.5811147482436301,0.6280184174341682,0.517589138928963
972,test,972:18,0,wrong_branch,2,5,LAD,D2,57.57820129394531,-184.6259765625,101.33491516113281,61.0810546875,-187.81068420410156,98.93682861328125,-0.4771869698684139,0.7217833506315194,0.501319649065283,0.5943165435956529,-0.5857191579259866,-0.5511088041820686,5.306897752001597,0.9746547036348849,0.9928125348530441,0.9826441192273119,0.45188105366210957,0.6600566955022866,0.6001072171402567
972,test,972:19,1,positive_gap,4,4,D1,D1,82.0927734375,-175.92459106445312,87.77558135986328,78.9091796875,-175.41009521484375,90.11136627197266,-0.7325601389437518,-0.03526920339191903,0.6797880008670427,-0.8892836318781074,0.0013639319507332936,0.45735408794862265,3.9819425284579557,0.979890229215728,0.9794466645365001,0.9623094572706113,0.586594330635387,0.7995077094276587,0.12920725146895035
972,test,972:19,0,wrong_branch,2,4,LAD,D1,42.298973083496094,-158.8388671875,114.77546691894531,46.7548828125,-160.26959228515625,112.20001983642578,-0.6454901810846914,0.6550355545517835,0.39277327861794503,0.7321914077741669,-0.3648849771056317,-0.5751127679545173,5.341819305531919,0.9032481827188927,0.9857692877764936,0.9375239251633416,0.48212920265805914,0.8341558323377625,0.2678347985628435
972,test,972:20,1,positive_gap,11,11,R-PLA,R-PLA,15.8740234375,-153.95242309570312,50.95175552368164,18.7392578125,-153.02883911132812,53.44999694824219,0.9334750793283756,0.3579946725098734,0.021542765083234897,0.7960303949535691,0.14101458683610005,0.588600455835288,3.912005318920969,0.7819728784247902,0.9922068581145057,0.8062370882585305,0.6386089028247093,0.7324208791695367,0.23608965455848308
972,test,972:20,0,wrong_branch,2,5,LAD,D2,59.05991744995117,-195.7685546875,91.12288665771484,63.66892623901367,-198.3154296875,89.43695068359375,0.12858060630960372,-0.7205279715419518,-0.6814003741609591,0.5030699444794342,-0.6202403269732257,-0.6018492899037142,5.5291874983686355,0.6468439036906651,0.8885587165702556,0.9216858744687381,0.3049156814845802,0.8335779516289454,0.4606237355400672
972,test,972:21,1,positive_gap,4,4,D1,D1,85.88152313232422,-173.1650390625,84.11148071289062,83.3662109375,-175.59877014160156,86.72753143310547,-0.47296430294894864,-0.6172566166811181,0.6287281107914566,-0.7074727193073107,-0.41792567414985643,0.5699302433827382,4.369618264053839,0.992460635166326,0.9812298523322248,0.9509078943974394,0.5986909066486387,0.5756365986283388,0.5569665201929355
972,test,972:21,0,wrong_branch,2,5,LAD,D2,58.14366912841797,-185.57273864746094,100.72764587402344,62.02677917480469,-188.7646484375,98.06507873535156,-0.4264268005810307,0.7008615697067303,0.5717982545045444,0.5722477626658652,-0.6169025289807201,-0.5403367171136009,5.68824186441048,0.9520341206779512,0.989740095267828,0.9853486490810098,0.4680826171142108,0.6826555795178302,0.5611417141049904
972,test,972:22,1,positive_gap,10,10,R-PDA,R-PDA,10.7802734375,-161.81515502929688,47.46304702758789,6.9599609375,-162.6980743408203,48.43706130981445,-0.9627889961369887,-0.2548640541442,0.08989806907109715,-0.9094709079622919,-0.17187709883508995,0.37857750919234134,4.040177957751193,0.9877637264925793,0.9888070848620617,0.9534672637866021,0.2410820247058398,0.9455802541248524,0.2185347578142028
972,test,972:22,0,wrong_branch,2,5,LAD,D2,59.555267333984375,-197.0419921875,90.074951171875,64.58308410644531,-199.25389099121094,88.40194702148438,0.3566421363588877,-0.7347031369356191,-0.5770768468326636,0.5525606331730045,-0.48772085700511403,-0.6758735919605421,5.741984038859883,0.7634420846174765,0.8686374065405984,0.9454274495792817,0.29136342753102,0.8756236064806706,0.38521507352537465
972,test,972:23,1,positive_gap,9,9,RCA,RCA,-2.5437562465667725,-170.6181640625,49.47445297241211,0.22727660834789276,-167.4345703125,49.450111389160156,0.6138312209232754,0.7893423376192562,-0.012243621262079745,0.6146273019935453,0.7888156980582408,-0.00175332285263856,4.220720881642233,0.9984526246834871,0.9985175448527079,0.9999445212724916,0.0057671625143054,0.6565307047350851,0.7542772524586608
972,test,972:23,0,wrong_branch,9,11,RCA,R-PLA,1.2388473749160767,-165.8428497314453,49.622772216796875,4.939796447753906,-161.34698486328125,50.44999694824219,0.653782952863599,0.7035493870922507,0.2785428341693095,0.6534108340510999,0.7569900646230032,0.004508215468177995,5.881677117017375,0.9883401946796588,0.9904138647847791,0.9610244916329845,0.14064436299162267,0.629233635102125,0.764384847844884
972,test,972:24,1,positive_gap,3,3,LCX,LCX,57.6995849609375,-133.0118865966797,57.62605667114258,56.585121154785156,-129.8681640625,59.7739372253418,-0.5780616227226939,0.7215951772007176,0.38097921278709,-0.5082649900553161,0.6265620275439232,0.5908356163300561,3.967166724784814,0.9404751241639102,0.9591793578204647,0.9710287102133079,0.5414142392303221,0.2809218476223215,0.7924351942506799
972,test,972:24,0,wrong_branch,10,11,R-PDA,R-PLA,5.6865234375,-163.3274688720703,48.672462463378906,8.2333984375,-158.489990234375,50.94988250732422,-0.7788431039134247,-0.5941366392775147,0.20101013246730318,0.7888201795040642,0.6146211296063947,0.0018951117473946135,5.922365565578282,0.7429387425039508,0.841987697261244,0.9791551527443992,0.3845456716117011,0.4300435310516523,0.8168152715549167
972,test,972:25,1,positive_gap,4,4,D1,D1,81.4560546875,-188.26942443847656,82.71623992919922,79.06848907470703,-187.80845642089844,85.88890075683594,-0.7047730027252801,-0.3431140613104885,0.6209410242209921,-0.29116993489849186,0.5737850782856352,0.7655003285093713,3.9973413409217233,0.8742216746741531,0.8476526047984348,0.48366553881790847,0.7936927465156512,0.5972883997548316,0.11531865264021539
972,test,972:25,0,wrong_branch,3,1,LCX,LM,41.6223030090332,-151.7238311767578,111.27558135986328,36.8857421875,-153.4287109375,114.45152282714844,0.5097302546235755,0.5195160371250243,-0.6857682951925492,-0.9998395895153225,0.0,-0.01791075760071663,5.952161592085099,0.9203447540153336,0.7860871109351784,0.49736585884092605,0.5335778301967425,0.7957715442120482,0.28643035548787105
972,test,972:26,1,positive_gap,9,9,RCA,RCA,-9.436460494995117,-180.1689453125,51.187156677246094,-6.775583267211914,-176.9853515625,50.51097869873047,0.38869678985823186,0.7576192772029555,-0.5243356142437561,0.5963318761753653,0.778136537422908,-0.19721009757275604,4.203897411331985,0.9041064175083864,0.9984510184543649,0.9247278046529374,0.16084549939133297,0.632954843429473,0.7572957754436004
972,test,972:26,0,wrong_branch,9,11,RCA,R-PLA,0.4428897202014923,-167.1162109375,49.450111389160156,3.9919803142547607,-162.3491973876953,50.27546310424805,0.49783888186717506,0.867267032929437,0.00208357745521415,0.546496392925321,0.7654612894716346,0.33972151365498704,6.00013897192535,0.983788659247398,0.9781305579730099,0.9366343306276943,0.1375554331240845,0.5915013986608416,0.7944838564755823
972,test,972:27,1,positive_gap,4,4,D1,D1,86.63026428222656,-171.8916015625,82.96304321289062,84.63134002685547,-174.7179412841797,85.46292877197266,-0.4018543907183353,-0.7832673945346332,0.4743471696124293,-0.5923816679936257,-0.5270947247616776,0.6093070741042659,4.270049438772597,0.9842672639213473,0.9829096496544549,0.9399303720275077,0.5854465141276233,0.4681267240656759,0.6618985944322237
972,test,972:27,0,wrong_branch,6,3,OM1,LCX,54.7138671875,-130.1865997314453,92.19990539550781,53.01743698120117,-134.6435546875,95.9614028930664,-0.6190506576968501,-0.6180231908037986,0.4845860283105456,0.2122492529244331,0.5529757953379792,-0.8057096402571767,6.073811517431463,0.9265099641053012,0.9640287707837213,0.8635805396343254,0.6192976991076079,0.27930241190892713,0.7337986934997082
972,test,972:28,1,positive_gap,3,3,LCX,LCX,46.75592803955078,-143.8759765625,104.1244125366211,48.778114318847656,-140.6923828125,102.06343078613281,0.4377823080762525,0.6590999919327422,-0.6115013093769206,0.49990176255843,0.7061876602103395,-0.5013952695804191,4.297924183726528,0.9874248239992682,0.9987322771429936,0.9909002924356735,0.47952957343731006,0.47050301328106076,0.7407282245820482
972,test,972:28,0,wrong_branch,6,3,OM1,LCX,55.35051345825195,-129.55812072753906,91.44835662841797,53.297733306884766,-134.0068359375,95.1244125366211,-0.5171660295780276,-0.48727903582608384,0.7036323181142982,0.24207338593740785,0.6352081151029668,-0.7334242471640372,6.125223294657917,0.9495140469299886,0.9826404185512521,0.9507767329413019,0.6001505139264358,0.33513556202228734,0.7262943726216254
972,test,972:29,1,positive_gap,4,4,D1,D1,78.4703369140625,-185.26380920410156,88.4516372680664,75.7255859375,-184.3076171875,90.94999694824219,-0.47666953718075733,0.7101464995447717,0.5181487252789397,-0.8899730634438655,0.00010663979383673618,0.45601308640465127,3.832722555505602,0.8562836018520982,0.9346205106032617,0.6605813775625186,0.6518498649444259,0.7161360982468558,0.24948114630108528
972,test,972:29,0,wrong_branch,3,1,LCX,LM,40.91328430175781,-152.4410858154297,112.13746643066406,35.2939453125,-153.61004638671875,114.44999694824219,0.48699386178730514,0.5161284794198902,-0.7045909248019018,-0.9872460392184083,-0.15920194109232816,0.0,6.187991345190426,0.803056303093768,0.9265964724783429,0.5629514169498723,0.3737126296040352,0.9081038863484199,0.18890791956223874
972,test,972:30,1,positive_gap,3,3,LCX,LCX,42.336605072021484,-150.5614471435547,109.90206146240234,44.21638870239258,-147.6962890625,107.56331634521484,0.4148500223993179,0.5765838852030355,-0.7038824349559081,0.6074459551003258,0.6469748666852073,-0.4609044733021271,4.1487885038421135,0.9829457113350786,0.98185056020763,0.9494568132917895,0.5637176045541085,0.4530921806764221,0.6906011425748311
972,test,972:30,0,wrong_branch,6,3,OM1,LCX,56.2668342590332,-128.80210876464844,90.349609375,53.430999755859375,-133.0518341064453,93.95011138916016,-0.6091811842541244,-0.5330716214719495,0.587139618090969,-0.026323650739762575,0.5855088354370899,-0.810238526013688,6.2502589997593745,0.9770702906102133,0.8529034818962432,0.7718054102873283,0.5760564505084942,0.4537147185873423,0.6799278785023921
972,test,972:31,1,positive_gap,3,3,LCX,LCX,57.22086715698242,-131.1416015625,58.62605667114258,55.3117561340332,-128.50790405273438,60.461402893066406,-0.14916556420403695,0.8394026719404005,0.5226402096997587,-0.8972197187073465,0.42450290424602544,0.12163083757583769,3.7349114079482444,0.9249836760765848,0.8177272929439166,0.5537323240831356,0.4914028798696638,0.5111529603852049,0.7051566214290567
972,test,972:31,0,wrong_branch,2,1,LAD,LM,40.69774627685547,-156.6103515625,115.40194702148438,35.2939453125,-153.61004638671875,114.44999694824219,-0.6701162014492739,0.7326287772077107,0.11916103122384808,-0.9872460392184083,-0.15920194109232816,0.0,6.2537272847586385,0.9123917426507113,0.7766930775457186,0.5449336422653143,0.15222123221814393,0.8640928390858073,0.479762714164637
972,test,972:32,1,positive_gap,10,10,R-PDA,R-PDA,12.6904296875,-161.743896484375,47.12441635131836,8.8701171875,-162.23806762695312,47.94846725463867,-0.9119181573239339,0.15745711089721395,0.3789624421638949,-0.9510734757234351,-0.30819630796425157,0.021777959788481172,3.939295953222637,0.9438960570480264,0.9655648628517608,0.827026500046935,0.20918735558474036,0.9697957567454917,0.12544656416938063
972,test,972:32,0,wrong_branch,2,5,LAD,D2,59.910362243652344,-197.9970703125,89.32339477539062,65.5380859375,-199.80259704589844,87.27546691894531,0.24707883448353343,-0.7545313943559935,-0.6079756775410172,0.6329182612034401,-0.25941411655058433,-0.7294647289413615,6.25501472936039,0.6391525062412858,0.8831568901125029,0.7956136141984299,0.3274057608261978,0.8997138995423473,0.28865267493671637
972,test,972:33,1,positive_gap,9,9,RCA,RCA,-1.245229959487915,-186.22720336914062,80.4516372680664,-3.2663679122924805,-188.39915466308594,77.12594604492188,-0.3367380460397019,-0.233462340383026,-0.9121967024563528,-0.5208245877043146,-0.48403438179192027,-0.7031731409019717,4.45674692564412,0.9471813219048519,0.9968019858378117,0.929817473978632,0.7462149587198916,0.4535007229544353,0.48734005546689346
972,test,972:33,0,wrong_branch,2,5,LAD,D2,60.761573791503906,-200.8623046875,85.44999694824219,63.23098373413086,-197.3603515625,90.17234802246094,0.007828656538160223,-0.5370722236323054,-0.8434999340482834,0.012643520566338207,-0.7795919116249143,-0.62616019732709,6.376696701476172,0.9165830966855343,0.8869514798962578,0.9469622284311601,0.7405638523038974,0.3872553546502059,0.5491798165952155
972,test,972:34,1,positive_gap,3,3,LCX,LCX,59.1708984375,-133.93453979492188,57.44999694824219,57.22086715698242,-131.1416015625,58.62605667114258,-0.877516323147238,0.4795467679071063,0.0,-0.14916556420403695,0.8394026719404005,0.5226402096997587,3.6036429397138385,0.8465124965644408,0.9018466828146743,0.5334280557421179,0.32635301071026207,0.5411277735169923,0.7750318994266561
972,test,972:34,0,wrong_branch,2,1,LAD,LM,41.49265670776367,-157.8837890625,115.22600555419922,36.8857421875,-153.4287109375,114.45152282714844,-0.48418049298960314,0.8434714959961658,0.23264798655981284,-0.9998395895153225,0.0,-0.01791075760071663,6.455323848682558,0.8997422660007073,0.7156956341091462,0.4799359236684837,0.11997581301964307,0.7136612551520369,0.6901401431485454
972,test,972:35,1,positive_gap,10,10,R-PDA,R-PDA,18.4208984375,-162.33348083496094,46.27546310424805,14.6005859375,-162.0223846435547,46.94988250732422,-0.9216901522588955,0.04417610008909584,0.38540334120229436,-0.9801396722197114,-0.19829225251339158,0.00253091568447263,3.8918388930182277,0.9750688612561489,0.9467141053139388,0.8956007286903429,0.17329067867789902,0.9816214404078898,0.07993552661296993
972,test,972:35,0,wrong_branch,3,1,LCX,LM,40.061100006103516,-153.10728454589844,113.44988250732422,33.7021484375,-153.67274475097656,114.44999694824219,0.5268389446849016,0.3382807455747448,-0.779747948722338,-0.9947032139181937,0.10278854146892377,-0.00017878340932674588,6.4619067766646685,0.6687290557750756,0.9698326121731218,0.4891376010540049,0.15477079374304756,0.9840673640738758,0.08750671042177877
972,test,972:36,1,positive_gap,4,4,D1,D1,46.4365234375,-160.15322875976562,112.37596893310547,48.9833984375,-161.87362670898438,109.82527160644531,0.9007627394732447,-0.2523465400796163,-0.3534794348848347,0.7195080949183306,-0.4036370061815376,-0.5651418128114394,3.9940453454526965,0.9088243391788553,0.9935839042360339,0.9497284932321951,0.6386250295240584,0.6376680231985022,0.43074071534452124
972,test,972:36,0,wrong_branch,2,5,LAD,D2,59.910362243652344,-197.9970703125,89.32339477539062,63.66237258911133,-194.1767578125,92.9516372680664,0.24707883448353343,-0.7545313943559935,-0.6079756775410172,-0.1489504033357712,-0.5847589077425027,-0.7974150720684343,6.46811508986549,0.6433692821363624,0.8790877077464296,0.8892254306912092,0.5609427850720624,0.5800778578194734,0.5906376814453755
972,test,972:37,1,positive_gap,2,2,LAD,LAD,50.57512283325195,-170.6580352783203,108.1604995727539,47.710933685302734,-168.0712890625,109.76252746582031,-0.7539174634064087,0.6235896814698061,0.20674711010128274,-0.5686902156378111,0.5771023733883252,0.5861265130220454,4.1786754875742105,0.9820444576996844,0.9717540305486198,0.9098005327554467,0.3833817432892856,0.6854299063103193,0.6190349606023035
972,test,972:37,0,wrong_branch,2,4,LAD,D1,40.69774627685547,-156.6103515625,115.40194702148438,45.4814453125,-160.01620483398438,112.68539428710938,-0.6701162014492739,0.7326287772077107,0.11916103122384808,0.8290715356288414,-9.935366200246163e-05,-0.5591425390174536,6.470183284045942,0.9311278065857119,0.8477823644133231,0.62227505908766,0.4198571532082291,0.7393452125908222,0.5263920853498022
972,test,972:38,1,positive_gap,5,5,D2,D2,63.66892623901367,-198.3154296875,89.43695068359375,66.17375946044922,-200.12283325195312,86.43695068359375,0.5030699444794342,-0.6202403269732257,-0.6018492899037142,0.5300729855102314,-0.299330336622661,-0.7933624516005495,4.305914201653935,0.9723089130595798,0.9867457401779947,0.9298051613825856,0.6967161581732578,0.5817192596344398,0.4197490892314778
972,test,972:38,0,wrong_branch,2,5,LAD,D2,60.61281204223633,-199.9072265625,86.94988250732422,63.507667541503906,-196.0869140625,91.32198333740234,0.22332416044062658,-0.5241356937409075,-0.8218321567754738,-0.009225661101088216,-0.7864522705336242,-0.6175821510938889,6.487699255334345,0.7628288286140038,0.8834151531103165,0.91769626460987,0.6739062120494067,0.44620679617467734,0.588854746443255
973,test,973:0,1,positive_gap,10,10,R-PDA,R-PDA,45.47491455078125,-184.2972412109375,87.949951171875,41.9013671875,-183.19322204589844,87.00283813476562,-0.7662855687445697,0.6424994832472813,-0.0009171481821045296,-0.9746666405656126,-0.04976525367642045,-0.21805586278535233,3.8582537733345728,0.893813202121246,0.9420321662720762,0.7150988207695603,0.24547712326626292,0.9262084801106124,0.28614477685973777
973,test,973:0,0,wrong_branch,6,3,OM1,LCX,32.6083984375,-179.84205627441406,157.3868408203125,29.0341796875,-178.5784149169922,157.89715576171875,-0.8049337178125547,0.5385870167108083,0.24900950857147983,-0.962212810035573,-0.16364193128110877,0.21764150920730868,3.8252124767731566,0.9632571551904013,0.8740534255977501,0.7405769201837789,0.13340826019597676,0.934384369940964,0.33034540305793625
973,test,973:1,1,positive_gap,8,8,IM,IM,44.28972625732422,-194.26654052734375,165.27992248535156,46.5478515625,-195.66513061523438,162.49440002441406,0.42343464517867524,-0.6413544428941543,-0.6398183959861878,0.6737286337675783,-0.08526590397899529,-0.7340432232915969,3.8489374518441357,0.9445175486603931,0.9574875291579754,0.8096200690413637,0.7237120622999152,0.5866879712721361,0.3633704380466148
973,test,973:1,0,wrong_branch,3,7,LCX,OM2,50.39626693725586,-151.70297241210938,142.85458374023438,52.623416900634766,-150.98074340820312,139.78077697753906,0.2484117104220364,0.6216155233401608,-0.7428901421258303,0.7038946105591877,0.09925257466600512,-0.703335839871607,3.863948719620062,0.8503476296479149,0.9837812769116596,0.7590538673541365,0.795509202046956,0.576392215577307,0.18691474869709607
973,test,973:2,1,positive_gap,9,9,RCA,RCA,0.4404614269733429,-210.11468505859375,146.1183319091797,2.9484169483184814,-208.12286376953125,148.4055938720703,0.6831395688615122,0.26178928746576485,0.6817526666056206,0.8255515102970499,0.4943709915524026,0.27214339337517296,3.9355762261064693,0.9640438538216815,0.9344523279201351,0.8789224165721705,0.5811758765382753,0.6372524319840961,0.5061066473188456
973,test,973:2,0,wrong_branch,10,9,R-PDA,RCA,-0.9892578125,-188.7896728515625,90.50373840332031,-3.612819194793701,-191.0498046875,92.73564910888672,-0.600357443265981,-0.39130588084488965,0.6974601407473687,-0.5709191366036143,-0.8009940181075826,0.18016637426460314,4.119793155014337,0.9748417181003445,0.9006055886360368,0.7818480877225755,0.5417530981743279,0.6368187148183587,0.5486032310109109
973,test,973:3,1,positive_gap,3,3,LCX,LCX,44.68418884277344,-163.5283203125,153.60899353027344,46.45859146118164,-160.6689453125,151.57481384277344,0.41802343630294064,0.8207179743067352,-0.3894591292437891,0.3789617003193047,0.7578506050502657,-0.5310842589608995,3.932227999986329,0.9868990779649345,0.9968217812094013,0.9872320986486636,0.5173097001260029,0.45124611757364325,0.7271640911996815
973,test,973:3,0,wrong_branch,2,4,LAD,D1,56.98957443237305,-213.5673828125,154.82427978515625,58.662418365478516,-217.1416015625,152.78073120117188,-0.37486347510987234,0.7638890481212367,0.5253102865821124,0.5444037931997692,-0.739478662034226,-0.39597451729344146,4.444045151940277,0.9970402166498527,0.9817529067825779,0.9769662361877837,0.45983974377311587,0.3764237031604196,0.8042714751535525
973,test,973:4,1,positive_gap,11,11,R-PLA,R-PLA,37.2548828125,-154.47784423828125,93.95933532714844,33.3232421875,-153.2840576171875,94.61917877197266,-0.9447616700475756,0.320486519390285,-0.06865695666147906,-0.9015217868401522,0.2521289799175989,0.3516951028067499,4.161528309711508,0.9736214048432471,0.9798110908262591,0.9083808526991335,0.1585579613346332,0.9447588319476207,0.2868625495849403
973,test,973:4,0,wrong_branch,2,8,LAD,IM,29.7490234375,-185.802734375,161.3979949951172,25.459993362426758,-184.26486206054688,160.9491424560547,-0.9307355247148189,0.3079405872839757,-0.1972409129390523,-0.9989851657009554,0.043506507990847335,0.01165428984867458,4.578460313497,0.994670202180421,0.9493046830566095,0.9408896992329666,0.09803569504344337,0.936784373215918,0.3358929004843787
973,test,973:5,1,positive_gap,3,3,LCX,LCX,42.526344299316406,-167.1025390625,153.99349975585938,44.68418884277344,-163.5283203125,153.60899353027344,0.45043246356718686,0.8828029683493068,0.13330234370950728,0.41802343630294064,0.8207179743067352,-0.3894591292437891,4.19275300776151,0.9721628169241444,0.9504983040309846,0.8609077754311095,0.0917073399921603,0.5146605439105256,0.8524753886965207
973,test,973:5,0,wrong_branch,11,9,R-PLA,RCA,-1.1102266311645508,-187.1181640625,92.89715576171875,-3.612819194793701,-191.0498046875,92.73564910888672,-0.3640286303516116,-0.9089291134939148,-0.20330032692422273,-0.5709191366036143,-0.8009940181075826,0.18016637426460314,4.663352007150149,0.9687092716824149,0.9754572532025277,0.8992498113430465,0.03463316785531072,0.5366510097869549,0.8430932554462451
973,test,973:6,1,positive_gap,11,11,R-PLA,R-PLA,44.7607421875,-156.50149536132812,95.44910430908203,40.8291015625,-155.33932495117188,94.78076934814453,-0.8540911459706806,0.5200060142700162,-0.01104805401422115,-0.9264346677496575,0.1094366771543418,-0.36019775136027443,4.153927019869808,0.9556496374631739,0.9654298149702121,0.8521468615600849,0.16089232134811238,0.9464876504073065,0.27977631879355325
973,test,973:6,0,wrong_branch,8,1,IM,LM,25.459993362426758,-184.26486206054688,160.9491424560547,20.8134765625,-185.08792114257812,160.28077697753906,-0.9989851657009554,0.043506507990847335,0.01165428984867458,0.8904547890931014,0.2953356923012425,0.3462182800403612,4.765947653655791,0.9648036314958649,0.9676967819328006,0.8726671721877948,0.1402376876722398,0.9749407961630837,0.1726957872480849
973,test,973:7,1,positive_gap,7,7,OM2,OM2,66.0844497680664,-152.44827270507812,132.44070434570312,68.35726165771484,-155.5373992919922,132.9490509033203,0.5345544556066815,-0.7492599047740512,0.3909745888021677,0.6752849499007867,-0.4773407422951938,-0.5622597728653237,3.8686939887186567,0.9636975713041183,0.7039943787220773,0.49879957439445194,0.1314000432961502,0.5874881539548212,0.7984933923236474
973,test,973:7,0,wrong_branch,3,1,LCX,LM,23.947751998901367,-181.40005493164062,159.72793579101562,20.8134765625,-185.08792114257812,160.28077697753906,-0.428231445032887,-0.7686148096961769,0.4752358401896424,0.8904547890931014,0.2953356923012425,0.3462182800403612,4.871311227844115,0.9113508916365419,0.7572263803191509,0.44378479280040767,0.11348919431865313,0.6434151483662226,0.7570582207636178
973,test,973:8,1,positive_gap,8,8,IM,IM,35.4677734375,-182.8363800048828,161.2901153564453,38.3271484375,-184.26007080078125,163.95089721679688,0.8975205097143423,-0.05419837606689452,0.43762937592650103,0.5074135414758822,-0.4980009477102984,0.7032258200653242,4.157244397594018,0.9159783206033217,0.9696363939668897,0.7901571797976558,0.6400349861296284,0.6878053649323209,0.34246021155801926
973,test,973:8,0,wrong_branch,3,7,LCX,OM2,50.39626693725586,-151.70297241210938,142.85458374023438,53.3388671875,-150.81320190429688,138.95004272460938,0.2484117104220364,0.6216155233401608,-0.7428901421258303,0.6205297921802548,0.10545695208834982,-0.7770595911981044,4.969509868388199,0.842078326027959,0.996851758861703,0.7969704556509851,0.7856994188626878,0.5921308797397635,0.17904592834646818
973,test,973:9,1,positive_gap,10,10,R-PDA,R-PDA,27.9619140625,-172.38131713867188,89.85275268554688,24.0302734375,-172.2274169921875,89.40648651123047,-0.9115340017027728,0.4076102672829446,-0.05440251598277307,-0.9534451402603543,-0.26498155153239866,0.14396923928880095,3.9598783766142747,0.9270066011032969,0.9201227915081992,0.7532561742189751,0.11269693962115249,0.992869035629721,0.03886486701037539
973,test,973:9,0,wrong_branch,6,3,OM1,LCX,32.6083984375,-179.84205627441406,157.3868408203125,27.6044921875,-179.13394165039062,158.1192169189453,-0.8049337178125547,0.5385870167108083,0.24900950857147983,-0.8778168637240539,-0.3359643179340054,0.3414169457376192,5.106552538591328,0.8991511948522362,0.8625501493433301,0.6106544378347021,0.14341889035667157,0.9798991026106934,0.1386678426731266
973,test,973:10,1,positive_gap,11,11,R-PLA,R-PLA,63.3466796875,-177.1170196533203,94.79010772705078,59.772491455078125,-175.32321166992188,93.51213073730469,-0.9060408460494975,0.048736828296719895,-0.420374484070438,-0.703037256253341,0.703037256253341,-0.10713184699027806,4.198308443695802,0.9201358145200057,0.9315212112020257,0.7162797714103619,0.3044028343522758,0.8513400766894322,0.42726922222497193
973,test,973:10,0,wrong_branch,6,3,OM1,LCX,33.6806640625,-180.40296936035156,156.4490509033203,29.0341796875,-178.5784149169922,157.89715576171875,-0.6095137751818887,0.24087555570605973,0.7552959185159277,-0.962212810035573,-0.16364193128110877,0.21764150920730868,5.197674830615969,0.8398629444089625,0.8633669953448668,0.7114483648429325,0.27860628176826996,0.8939544173927001,0.3510328181001561
973,test,973:11,1,positive_gap,2,2,LAD,LAD,41.901397705078125,-198.19827270507812,159.1201171875,40.09049987792969,-196.6091766357422,162.39620971679688,-0.628740071004035,0.5633487394301417,0.5360262315375167,-0.11704629764991854,0.4270168129214903,0.8966363843213254,4.066615241016128,0.9319472347269305,0.941321752450389,0.794771702917152,0.8056067110195249,0.4453083755954122,0.3907662700194054
973,test,973:11,0,wrong_branch,3,7,LCX,OM2,50.09700393676758,-152.80563354492188,143.9934539794922,52.623416900634766,-150.98074340820312,139.78077697753906,0.11399812615430097,0.6673505386257399,-0.7359671771412384,0.7038946105591877,0.09925257466600512,-0.703335839871607,5.2401940801724445,0.8790208321117231,0.9393507484324759,0.6641110184297775,0.8039162171288309,0.4821220216683364,0.3482485779722679
973,test,973:12,1,positive_gap,8,8,IM,IM,63.7041015625,-205.45481872558594,155.00283813476562,61.240562438964844,-203.5595703125,157.2714385986328,-0.6960362857666803,0.04324969321778531,0.7167028344667625,-0.5983584713515935,0.7201716485798418,0.3511693841205082,3.8480566036834163,0.8894344000225576,0.944800734590394,0.6993105037989321,0.5895444629623301,0.6402034526147615,0.4925209289467774
973,test,973:12,0,wrong_branch,6,8,OM1,IM,33.6806640625,-180.40296936035156,156.4490509033203,30.4638671875,-182.79803466796875,159.8336181640625,-0.6095137751818887,0.24087555570605973,0.7552959185159277,0.9655991396894091,0.20541241944468602,-0.1594491748769909,5.247801016163728,0.7508133685319284,0.7884786216012236,0.6594984572571343,0.6449496180052173,0.6129799634345812,0.4563940782510918
973,test,973:13,1,positive_gap,11,11,R-PLA,R-PLA,17.27639389038086,-168.92742919921875,95.44999694824219,14.7373046875,-171.74899291992188,93.56726837158203,-0.5535618125393359,-0.5597449339673488,-0.6166481400248066,-0.6469156927321722,-0.6463357222084625,-0.40466062409643827,4.237081861794388,0.9784752879635648,0.9978849440527935,0.9694241907676219,0.4443455751083431,0.5992542239449593,0.6659214555529507
973,test,973:13,0,wrong_branch,10,9,R-PDA,RCA,-0.9892578125,-188.7896728515625,90.50373840332031,-4.5634765625,-192.1220703125,92.99524688720703,-0.600357443265981,-0.39130588084488965,0.6974601407473687,-0.6851598373367975,-0.698133036656388,0.20776491626245222,5.4852098442806865,0.9457292536318495,0.9649614322681377,0.829432118766576,0.4542230023313625,0.6516102120918424,0.6075241523188254
973,test,973:14,1,positive_gap,7,7,OM2,OM2,71.20328521728516,-157.8095703125,131.95004272460938,74.06930541992188,-160.98855590820312,130.93972778320312,0.6880225252467645,-0.7256887551972876,-0.000913965686646458,0.5399706377589528,-0.4535481087560404,-0.7090316095929776,4.397812808708266,0.9731573707905224,0.8426313378106703,0.7012947547771913,0.22973122898857573,0.6516921768388163,0.7228560500365778
973,test,973:14,0,wrong_branch,2,8,LAD,IM,31.1787109375,-186.08303833007812,161.4499969482422,35.8251953125,-182.87294006347656,161.45933532714844,-0.9859882338118022,0.16681486384034205,-6.31396153824156e-05,0.8722143405331408,-0.17748504329539003,0.45578635738114376,5.647533544272056,0.7163990040941455,0.6174805609344901,0.8896289986339165,0.0016535322602415244,0.8227457771742926,0.5684071181582209
973,test,973:15,1,positive_gap,2,2,LAD,LAD,43.3310546875,-199.30825805664062,158.23641967773438,40.59999465942383,-197.2164764404297,160.5028839111328,-0.67519842347892,0.5666287999289988,0.47226993554809704,-0.4592926506007495,0.34863560769804036,0.8170088580603984,4.119599413553195,0.9951584215280841,0.9309999163340303,0.893509370341947,0.5501661705120959,0.6629431053638795,0.5077633542060235
973,test,973:15,0,wrong_branch,10,9,R-PDA,RCA,0.04520060867071152,-188.06881713867188,89.62944793701172,-3.612819194793701,-191.0498046875,92.73564910888672,-0.6993716671017827,-0.593998143651261,0.3975493385658303,-0.5709191366036143,-0.8009940181075826,0.18016637426460314,5.649414250076175,0.9848604569487823,0.8913879355444004,0.9466986510991456,0.5498271208972004,0.6475042617763583,0.5276631199044981
973,test,973:16,1,positive_gap,7,7,OM2,OM2,69.7802734375,-156.41830444335938,132.1201629638672,72.64632415771484,-159.5966796875,131.93972778320312,0.7346785755671529,-0.6103816495522696,-0.2961108449423451,0.6866560641036968,-0.7242474862714154,-0.06300022427861542,4.283558424701509,0.9569326229359654,0.99947016485677,0.9651939240773809,0.04212273133093446,0.6690817390717763,0.7419941387544174
973,test,973:16,0,wrong_branch,11,9,R-PLA,RCA,-0.6257699728012085,-186.0458984375,92.949951171875,-3.612819194793701,-191.0498046875,92.73564910888672,-0.5257636098446795,-0.8506300596018236,-0.0010621981405120108,-0.5709191366036143,-0.8009940181075826,0.18016637426460314,5.831592080006629,0.9992438436578954,0.9731223365234289,0.9813267231659544,0.036748465950320316,0.5122184784209215,0.8580686339765917
973,test,973:17,1,positive_gap,3,3,LCX,LCX,46.45859146118164,-160.6689453125,151.57481384277344,48.09244155883789,-157.8095703125,148.95089721679688,0.3789617003193047,0.7578506050502657,-0.5310842589608995,0.43356053589318355,0.6570677962789465,-0.6166742842126178,4.210751713448866,0.9926176574179479,0.9987000771430875,0.9897680700937753,0.6231468404076033,0.3880186268019174,0.6790652108190902
973,test,973:17,0,wrong_branch,2,4,LAD,D1,56.98957443237305,-213.5673828125,154.82427978515625,59.21636199951172,-218.21322631835938,152.06637573242188,-0.37486347510987234,0.7638890481212367,0.5253102865821124,0.4108663730425446,-0.7240827506845467,-0.5539792357696858,5.843670038100011,0.9980723807883579,0.9936750052312968,0.9981486706886559,0.4719472582731707,0.381059771106221,0.7950215319429479
973,test,973:18,1,positive_gap,2,2,LAD,LAD,54.091487884521484,-221.4306640625,148.501953125,53.37000274658203,-225.3623046875,146.9490966796875,-0.15373750942757633,-0.9615239091733657,-0.22767641573728112,-0.18972141808702112,-0.8918391525728241,-0.4106442614444243,4.288321577046954,0.9898592035994238,0.9982795688055658,0.9801859802261996,0.36211287269688297,0.1682441778156679,0.9168250455012347
973,test,973:18,0,wrong_branch,2,4,LAD,D1,56.31314468383789,-212.4951171875,155.4491424560547,58.662418365478516,-217.1416015625,152.78073120117188,-0.5139433436038593,0.7788388125590496,0.3595446336922508,0.5444037931997692,-0.739478662034226,-0.39597451729344146,5.850583090902453,0.9889046615466134,0.9864918284648831,0.9980979015709409,0.45609321556891347,0.40154522124362296,0.79419167334367
973,test,973:19,1,positive_gap,8,8,IM,IM,65.4912109375,-205.22573852539062,153.84133911132812,62.274444580078125,-204.62509155273438,156.4490509033203,-0.9413939015734932,-0.26247624535418734,0.2118578360717499,-0.6001010866080115,0.5683305765747968,0.5629201023076391,4.184318746713426,0.8180669432835269,0.8937379396383245,0.5350172621572602,0.623210598867597,0.7687670448023312,0.14354713610860267
973,test,973:19,0,wrong_branch,11,10,R-PLA,R-PDA,7.5888671875,-177.4671630859375,92.45088958740234,11.8779296875,-177.1414794921875,88.44910430908203,-0.8307064496161677,-0.5566059480330324,0.010798758278181483,-0.7857000709990315,-0.6185241337611911,-0.010163384627420873,5.875067007781728,0.6446639015180654,0.6009613483245887,0.9968505763623545,0.6811471721122178,0.7300448649043474,0.05543487305227684
973,test,973:20,1,positive_gap,7,7,OM2,OM2,52.981414794921875,-150.90359497070312,139.39804077148438,56.1982421875,-150.66177368164062,136.95848083496094,0.6450844146191351,0.15106348401273476,-0.7490299872591364,0.9962015481787403,-0.009207549316115834,-0.08658923975802234,4.044491153825789,0.9739072185514304,0.8440175432907151,0.7061011052233771,0.6031809302428055,0.795360224619417,0.05979028754550618
973,test,973:20,0,wrong_branch,11,10,R-PLA,R-PDA,9.0185546875,-176.50979614257812,92.44999694824219,13.3076171875,-176.15908813476562,88.44999694824219,-0.8307384889450931,-0.5566628809119784,0.0,-0.8509403198173333,-0.5252623840607421,0.0,5.875291757491713,0.6396814975931296,0.6525548173621446,0.9993029474134524,0.6808172538665016,0.730016938227948,0.059692015696974465
973,test,973:21,1,positive_gap,4,4,D1,D1,69.06475830078125,-218.385986328125,148.44065856933594,70.13101959228516,-221.43063354492188,146.27987670898438,0.7150468064543046,-0.33037865752562673,-0.6160827925133641,-0.039567259363465355,-0.7604127044821841,-0.6482337162232114,3.882752640142415,0.7982825591187088,0.9461563439686846,0.6222973241163716,0.5565077306269779,0.27461478758141983,0.7841465833592739
973,test,973:21,0,wrong_branch,11,10,R-PLA,R-PDA,2.9424145221710205,-181.3994140625,92.94910430908203,1.876151442527771,-185.6884765625,88.95843505859375,-0.7067605437404452,-0.7073930816996552,0.009195747668098745,-0.6830809844570122,-0.7276771391756873,0.062340595075171215,5.954696898307189,0.6299142827955604,0.6046682357717585,0.9981017303392652,0.6701716844097901,0.17906252792587454,0.7202822533619304
973,test,973:22,1,positive_gap,9,9,RCA,RCA,-26.36553955078125,-210.3439178466797,115.949951171875,-24.2216796875,-211.6891632080078,118.89710998535156,0.36876544466046146,-0.5217579526288764,0.7692728291658918,0.6963218378426949,0.04538010168309904,0.7162936161341963,3.8847863863301053,0.9677863145722829,0.9119678047381958,0.7841272198116076,0.7586411504753793,0.551860424250127,0.3462855425106029
973,test,973:22,0,wrong_branch,2,8,LAD,IM,40.15206527709961,-195.69561767578125,163.27049255371094,43.759544372558594,-192.4794921875,166.82339477539062,0.33986955085684334,0.8476585151422715,0.40738646284230795,0.18637268933552456,-0.8055530157989302,-0.562449606104487,5.998373344279459,0.9001861696173031,0.652969102761372,0.8486258265820097,0.5923109512794875,0.6014095636276745,0.5361662743697692
973,test,973:23,1,positive_gap,10,10,R-PDA,R-PDA,20.4560546875,-173.0577392578125,88.9601821899414,16.5244140625,-174.51913452148438,88.94065856933594,-0.9571105911173551,-0.28379489457844903,-0.05830758254458956,-0.8925437324052229,-0.44627186620261144,-0.0648622168923664,4.1945029851693425,0.996277696628525,0.9923957974339574,0.9846946956082279,0.004654573062529489,0.9373317026835469,0.34840725321664656
973,test,973:23,0,wrong_branch,2,8,LAD,IM,31.1787109375,-186.08303833007812,161.4499969482422,25.459993362426758,-184.26486206054688,160.9491424560547,-0.9859882338118022,0.16681486384034205,-6.31396153824156e-05,-0.9989851657009554,0.043506507990847335,0.01165428984867458,6.021656821247999,0.9867581080256748,0.9608949153145995,0.9922444154929589,0.08317552910358267,0.9496917119046363,0.3019395364936174
973,test,973:24,1,positive_gap,10,10,R-PDA,R-PDA,36.539398193359375,-179.6123046875,86.94999694824219,34.394866943359375,-176.16636657714844,87.61077880859375,-0.011120384750762312,0.9999381666098135,0.0,-0.7728283990046454,0.5155047784237051,0.37012307292878055,4.112193625009592,0.8437280355245351,0.8944916418598483,0.5240670521588452,0.16068841124912284,0.5215054167093112,0.8379805098169532
973,test,973:24,0,wrong_branch,2,8,LAD,IM,35.4677734375,-187.14987182617188,161.28077697753906,31.8935546875,-182.4850311279297,159.9416046142578,-0.9126869998133648,0.20266997223058475,0.35486239970970884,0.9981495002274653,0.0,0.06080769026744334,6.0273676701695,0.6192328738132469,0.6054113233139874,0.8894197098387051,0.22218196011320976,0.592998294709884,0.7739432789755472
973,test,973:25,1,positive_gap,11,11,R-PLA,R-PLA,23.71065902709961,-158.88186645507812,100.89630126953125,21.528352737426758,-162.4560546875,101.1098403930664,-0.6327263324320632,-0.7533110649505139,0.17938736764385824,-0.5237828736847197,-0.7731178293873279,-0.35768746569876275,4.193194631782414,0.9805374615105023,0.9133711587778086,0.8496448191343531,0.05092516381582472,0.5204400180072758,0.8523783287642396
973,test,973:25,0,wrong_branch,11,9,R-PLA,RCA,-1.1102266311645508,-187.1181640625,92.89715576171875,-4.5634765625,-192.1220703125,92.99524688720703,-0.3640286303516116,-0.9089291134939148,-0.20330032692422273,-0.6851598373367975,-0.698133036656388,0.20776491626245222,6.08059493108667,0.9514424200710512,0.9669778019756793,0.8417325638670126,0.016131830289631097,0.5679131681146725,0.8229303722268746
973,test,973:26,1,positive_gap,8,8,IM,IM,42.021728515625,-189.6201171875,167.68360900878906,43.771636962890625,-192.8369140625,166.5663299560547,0.36498796486485563,-0.9309480830276039,-0.010929419519833977,0.0042843782256325085,-0.7964863139461578,-0.6046413778428354,3.828612567301682,0.9521928778484663,0.847613866424193,0.7496595328926776,0.29182348255253404,0.45706072800646946,0.840199110892833
973,test,973:26,0,wrong_branch,2,8,LAD,IM,36.8974609375,-187.74380493164062,160.95089721679688,33.3232421875,-182.79132080078125,160.12855529785156,-0.8943667386164207,0.44718336930821034,0.011626309422331801,0.898540142584403,-0.14367666086278524,0.4147078842844937,6.162660543216717,0.8765321515181381,0.6919360648881617,0.8630527079521473,0.1334394314238953,0.5799798195820095,0.8036276046894403
973,test,973:27,1,positive_gap,3,3,LCX,LCX,49.17741394042969,-155.3076171875,146.77992248535156,50.1544189453125,-152.4476318359375,143.6174774169922,0.23919392890433322,0.688018492129318,-0.6851399994624519,0.14754383596199594,0.6992198301573762,-0.6995158651412485,4.374370103353016,0.9985744196309833,0.9958210972049835,0.9956340624880136,0.7229486745841,0.22334758646368869,0.6538050699848834
973,test,973:27,0,wrong_branch,11,10,R-PLA,R-PDA,12.2353515625,-173.6637725830078,92.61922454833984,10.8056640625,-177.9395294189453,88.2900619506836,-0.7904996917878969,-0.5297333359799614,-0.30739686080827383,-0.8035836763756344,-0.5377808107438714,-0.25503935903754954,6.250420119053464,0.7561010880988757,0.7283351010743558,0.9985113697527804,0.692619458403996,0.22873462467615785,0.6840751108719075
973,test,973:28,1,positive_gap,8,8,IM,IM,43.010738372802734,-191.4072265625,167.39710998535156,44.28972625732422,-194.26654052734375,165.27992248535156,0.6185948067122662,-0.7625143433521572,-0.18950551783745656,0.42343464517867524,-0.6413544428941543,-0.6398183959861878,3.7807366039516,0.8920647589083011,0.9865847312413769,0.8722255508222977,0.5599933880046365,0.3382906609216561,0.7562848895252885
973,test,973:28,0,wrong_branch,11,10,R-PLA,R-PDA,11.1630859375,-174.60903930664062,92.45088958740234,9.3759765625,-178.93524169921875,88.22882080078125,-0.7103972655465088,-0.7037403239572219,-0.009234800519079232,-0.7593172331702279,-0.6365084328856733,-0.13525662377914857,6.3036221253118985,0.6905665604593737,0.7427015654834761,0.9886026048264226,0.6697845623816147,0.2835051561583849,0.6863042083703689
973,test,973:29,1,positive_gap,9,9,RCA,RCA,-22.791353225708008,-204.1534423828125,104.40653228759766,-25.17300796508789,-205.67236328125,107.94999694824219,-0.6556260321095445,-0.19741070715979736,0.7288233796462372,-0.41066483283263283,-0.44352798719979497,0.7966412741284776,4.531615803944273,0.9806404993721899,0.9874217431236354,0.9374105142512631,0.7819428684930295,0.5255641348295489,0.33518307026722044
973,test,973:29,0,wrong_branch,3,7,LCX,OM2,50.09700393676758,-152.80563354492188,143.9934539794922,53.3388671875,-150.81320190429688,138.95004272460938,0.11399812615430097,0.6673505386257399,-0.7359671771412384,0.6205297921802548,0.10545695208834982,-0.7770595911981044,6.317868174067233,0.8564600684463283,0.971976530071915,0.7130063411140496,0.7982773802695589,0.5131261307475838,0.31536454793458263
973,test,973:30,1,positive_gap,8,8,IM,IM,70.80680847167969,-206.0681915283203,152.2901153564453,67.2783203125,-204.87496948242188,153.78073120117188,-0.589148864934521,0.725752436596546,0.35522811786307407,-0.9120544593837601,-0.2076886307356974,0.353584637366117,4.011974967125194,0.8659817896610007,0.8717436173342473,0.5122085249314411,0.37154166138645495,0.8794890766001086,0.29741512738137754
973,test,973:30,0,wrong_branch,6,3,OM1,LCX,33.6806640625,-180.40296936035156,156.4490509033203,27.6044921875,-179.13394165039062,158.1192169189453,-0.6095137751818887,0.24087555570605973,0.7552959185159277,-0.8778168637240539,-0.3359643179340054,0.3414169457376192,6.428044065105528,0.819947364157893,0.8521474081687018,0.7119867043748104,0.2598249169901391,0.9452598354115745,0.1974205056946983
973,test,973:31,1,positive_gap,2,2,LAD,LAD,53.37000274658203,-225.3623046875,146.9490966796875,53.01925277709961,-228.4130401611328,144.44061279296875,-0.18972141808702112,-0.8918391525728241,-0.4106442614444243,0.1127562328703246,-0.3513328793664825,-0.9294359794116804,3.965161267981562,0.9627362864065322,0.8483260537601842,0.6736076963322503,0.6326309870356613,0.08845793292563073,0.7693849675843748
973,test,973:31,0,wrong_branch,11,10,R-PLA,R-PDA,10.0908203125,-175.6739959716797,92.44999694824219,8.3037109375,-179.92530822753906,87.95928955078125,-0.7257230598337786,-0.6879869478598397,0.0,-0.7844922419782976,-0.6176067893750763,-0.05598013927880484,6.436914536067992,0.6558722822144767,0.6647599800836365,0.9942295202640248,0.6976490634290912,0.27763447300508376,0.6604580862520355
973,test,973:32,1,positive_gap,4,4,D1,D1,59.057647705078125,-217.85641479492188,152.32342529296875,61.5595703125,-219.637451171875,150.49354553222656,0.3415807964132697,-0.7699509153344329,-0.538978800601049,0.9567787896108091,-0.05865498385762986,-0.2848402019019372,3.5749359782145573,0.8985295747253469,0.8446239269390102,0.5255015498407597,0.5118636450815801,0.699851024652872,0.4982009154308364
973,test,973:32,0,wrong_branch,6,8,OM1,IM,33.6806640625,-180.40296936035156,156.4490509033203,29.034212112426758,-183.2776641845703,159.96018981933594,-0.6095137751818887,0.24087555570605973,0.7552959185159277,0.888580575548638,0.45216912161015965,-0.07725054187478438,6.4947272879073905,0.7377648723683761,0.87760922249836,0.491032631696146,0.5406137564163865,0.7154190998480453,0.4426197893745559
973,test,973:33,1,positive_gap,9,9,RCA,RCA,-2.7757279872894287,-211.14862060546875,141.4499969482422,-0.594060480594635,-210.59304809570312,144.94065856933594,0.5765642354526469,-0.06867492132537724,0.8141605723552683,0.5044243420103464,0.33383036138239025,0.7963123589438581,4.1536793901734885,0.9778502964258106,0.9787972965956817,0.9162333872222473,0.8403782028414942,0.5252373382153771,0.13375430734494415
973,test,973:33,0,wrong_branch,3,7,LCX,OM2,50.39626693725586,-151.70297241210938,142.85458374023438,54.4111328125,-150.74496459960938,137.8345489501953,0.2484117104220364,0.6216155233401608,-0.7428901421258303,0.787545207003079,0.10029232208376812,-0.6080411146111119,6.4990519507243105,0.8189173783987362,0.9709657349819139,0.7096864662372102,0.7724257057953794,0.6177617759766776,0.14740731721543346
974,val,974:0,1,positive_gap,10,10,R-PDA,R-PDA,9.754910469055176,-139.0240020751953,-43.93360137939453,12.338899612426758,-140.71400451660156,-46.549198150634766,0.36003582917348376,-0.7846376104746559,-0.5046959698075509,0.7359892136354754,-0.09570776491171197,-0.6701939280147491,4.046536125471219,0.8838298211907138,0.9431502524423263,0.6783225732167202,0.6463791969571625,0.6385681637948251,0.41764175309554397
974,val,974:0,0,wrong_branch,2,14,LAD,Other,47.98661804199219,-174.80523681640625,11.442327499389648,49.991188049316406,-176.5594024658203,8.949257850646973,0.09540782639067663,0.5280335038942049,0.8438471220716554,0.712405046072274,-0.43388703286732827,-0.5515624108297692,3.6483961288941757,0.7780888135358107,0.9769386045567164,0.6265722263252946,0.6833330484588366,0.5494386948414511,0.48080460219810284
974,val,974:1,1,positive_gap,11,11,R-PLA,R-PLA,14.923399925231934,-116.5,-37.708499908447266,18.245100021362305,-116.88800048828125,-35.92599868774414,0.8328528520522859,-0.4812103313837067,0.2734826206506666,0.8319619395121315,-0.04281439549005549,0.5531783245410412,3.7896631129095284,0.9079119290835062,0.9938036673342399,0.8647892614460216,0.47035875422039897,0.8765159321985545,0.10238389976130652
974,val,974:1,0,wrong_branch,9,10,RCA,R-PDA,-15.715800285339355,-151.95599365234375,-41.04930114746094,-12.393500328063965,-151.36399841308594,-42.88159942626953,-0.8409930943448576,-0.5308221467839088,0.10468268122275005,0.8800208923296053,0.09661930532395913,-0.4650031600990693,3.839980774944181,0.8594015426738665,0.9981602138896328,0.8400569379774537,0.4771633990368685,0.8651866121188287,0.15416619872697615
974,val,974:2,1,positive_gap,10,10,R-PDA,R-PDA,-2.265630006790161,-139.02999877929688,-44.60060119628906,0.5636849999427795,-136.2010040283203,-44.265201568603516,0.4791026069309995,0.8579981092877306,0.18520242031517817,0.7538586867092251,0.6279047975358795,0.19347518110721273,4.01506259211843,0.9576242157333512,0.9898063813788064,0.9357488629704225,0.0835353422245363,0.7046751929314595,0.7045954293539235
974,val,974:2,0,wrong_branch,11,9,R-PLA,RCA,-12.51729965209961,-149.36599731445312,-41.374000549316406,-15.715800285339355,-151.95599365234375,-41.04930114746094,0.6008639089825972,0.754493061914034,0.26401284515291856,-0.8409930943448576,-0.5308221467839088,0.10468268122275005,4.128427912981794,0.9180911300088821,0.9928076380219875,0.8781864524463392,0.07864964792880487,0.774750268299974,0.6273565610159769
974,val,974:3,1,positive_gap,9,9,RCA,RCA,-31.588899612426758,-186.64300537109375,-39.04999923706055,-35.64939880371094,-186.82899475097656,-37.92369842529297,-0.9383440273474665,-0.3457028873777843,0.0,-0.8272790236913242,0.0414620495388876,0.5602591502227913,4.217914087607401,0.9185683134754377,0.9441810712028442,0.7619387805884031,0.2670279167318149,0.9626794446132225,0.04409510862946818
974,val,974:3,0,wrong_branch,5,2,D2,LAD,44.0849609375,-159.57781982421875,22.94155502319336,39.6552734375,-159.58456420898438,23.000511169433594,-0.929817712969171,-0.3624797805477948,0.06361941011045884,0.9247499205504014,-0.32353106815804566,-0.20041265523549287,4.430084949700357,0.9311327899148064,0.9268415278964331,0.7553255205130277,0.013308129959047864,0.9999102839550776,0.001522405290688879
974,val,974:4,1,positive_gap,11,11,R-PLA,R-PLA,10.862299919128418,-111.11199951171875,-33.9995002746582,12.469400405883789,-113.55999755859375,-36.75899887084961,0.6477021890575844,-0.18876737351059142,-0.7381387085012721,0.2718980990679186,-0.7970339985297068,-0.5392663802899266,4.0237170519825955,0.8797630025039157,0.9633406147499771,0.7246163979533464,0.6858083112061087,0.3994069329411492,0.6083921943936899
974,val,974:4,0,wrong_branch,2,14,LAD,Other,48.113853454589844,-174.09811401367188,12.441555976867676,49.991188049316406,-176.5594024658203,8.949257850646973,0.0722772086592259,0.6087349242389885,0.7900745516216706,0.712405046072274,-0.43388703286732827,-0.5515624108297692,4.666741071416008,0.8832201204972824,0.9281775203574396,0.6484069663436189,0.7483376670737489,0.40227957068913,0.5274105450640783
974,val,974:5,1,positive_gap,3,3,LCX,LCX,19.7216796875,-144.812744140625,33.406349182128906,22.01675796508789,-142.84600830078125,30.94996452331543,0.7914227317388496,0.5683770891712455,-0.22493897881923208,0.339407255571437,0.2612348194403214,-0.9036365884455143,3.894773389561439,0.8952411398075221,0.9018304284249344,0.620357595068627,0.6306874400952174,0.589271325448365,0.5049679771138648
974,val,974:5,0,wrong_branch,2,14,LAD,Other,47.98661804199219,-174.80523681640625,11.442327499389648,51.09242630004883,-177.18174743652344,8.283037185668945,0.09540782639067663,0.5280335038942049,0.8438471220716554,0.7443813968743627,-0.5236131516041794,-0.41439788061054456,5.027421103280693,0.720949524469261,0.9677886963239982,0.5551539349910053,0.6284117142403443,0.6177736446286377,0.47270967983294104
974,val,974:6,1,positive_gap,2,2,LAD,LAD,27.8427734375,-155.9242706298828,26.94229507446289,31.5341796875,-156.9938507080078,25.61766242980957,0.9121539506144714,-0.40364848372615836,-0.07101458979664531,0.8985012538258283,-0.24635246431162036,-0.36332624485578563,4.065111719171097,0.9576448776429713,0.9991116892240429,0.9448127312316624,0.32585393370773624,0.9080700617873061,0.2631120992519966
974,val,974:6,0,wrong_branch,9,10,RCA,R-PDA,-16.823200225830078,-152.6820068359375,-40.71770095825195,-12.393500328063965,-151.36399841308594,-42.88159942626953,-0.8047303943544215,-0.5079330218110691,0.30726704632298785,0.8800208923296053,0.09661930532395913,-0.4650031600990693,5.103121002569467,0.9600142412724244,0.9860226983133846,0.9001358429775145,0.4240343246668139,0.8680374021183742,0.25827496980532766
974,val,974:7,1,positive_gap,3,3,LCX,LCX,55.159156799316406,-112.78961181640625,-5.550807952880859,51.8369140625,-110.3243408203125,-4.55837869644165,-0.6400749502215886,0.5007725215924426,0.5826928347910053,-0.874801843864253,0.48097467448902237,0.058181581895666426,4.254382883045074,0.9259405776517485,0.9754124640267459,0.8346996381185485,0.23327220039228766,0.7808988584587646,0.5794661796705125
974,val,974:7,0,wrong_branch,11,9,R-PLA,RCA,-12.51729965209961,-149.36599731445312,-41.374000549316406,-16.823200225830078,-152.6820068359375,-40.71770095825195,0.6008639089825972,0.754493061914034,0.26401284515291856,-0.8047303943544215,-0.5079330218110691,0.30726704632298785,5.474251368968983,0.898003137594167,0.9774960409258774,0.7856429441809204,0.11988846452771863,0.7865734113231704,0.60574666707512
974,val,974:8,1,positive_gap,3,3,LCX,LCX,26.7353515625,-137.35189819335938,21.450061798095703,30.0576171875,-136.3535919189453,23.501283645629883,0.8320143755549088,0.4229715938228359,0.3589527959062936,0.6308477276711706,0.3101694071091575,0.7112145129183419,4.03008379173345,0.973359358102419,0.9588749843384705,0.9113596645897781,0.5089774688411361,0.8243663895561343,0.24771352805661231
974,val,974:8,0,wrong_branch,9,10,RCA,R-PDA,-15.715800285339355,-151.95599365234375,-41.04930114746094,-10.916999816894531,-150.9600067138672,-43.54999923706055,-0.8409930943448576,-0.5308221467839088,0.10468268122275005,0.8745886985377214,0.303294184972822,-0.37829518335787266,5.502178373416234,0.8771489096423416,0.989618179523902,0.9361192803241833,0.45449237009140386,0.8721637400252636,0.18101683931016702
974,val,974:9,1,positive_gap,10,10,R-PDA,R-PDA,2.002929925918579,-135.2209930419922,-44.04999923706055,5.694340229034424,-134.7310028076172,-43.05070114135742,0.8377152999473789,0.5458014716727176,0.018271008564623777,0.9463328763698752,-0.3230141727808198,0.010767139092693993,3.8555410955932725,0.8761536657609081,0.8677870727917516,0.616652644993918,0.2591849161834333,0.9574298941684157,0.1270872809357522
974,val,974:9,0,wrong_branch,5,2,D2,LAD,45.1923828125,-158.96383666992188,22.566377639770508,39.6552734375,-159.58456420898438,23.000511169433594,-0.7429947574046999,-0.4933181750501402,0.45232285884568163,0.9247499205504014,-0.32353106815804566,-0.20041265523549287,5.58868095618646,0.8260675406282821,0.8958505063214458,0.6181318119285835,0.07768085762392939,0.9907721371839321,0.1110687018866908
974,val,974:10,1,positive_gap,11,11,R-PLA,R-PLA,-11.987600326538086,-148.7519989013672,-41.10049819946289,-8.948049545288086,-145.66900634765625,-41.092098236083984,0.7432088878261199,0.6410085825343977,0.19169910321517983,0.5935995959249952,0.7951633630179595,0.1239142680713209,4.329409035586652,0.9786222722461806,0.9832288155348042,0.9746292897777145,0.001940210155672672,0.7020705958401385,0.712104707217432
974,val,974:10,0,wrong_branch,11,9,R-PLA,RCA,-11.32289981842041,-148.2209930419922,-41.05070114135742,-15.715800285339355,-151.95599365234375,-41.04930114746094,0.7033439609983337,0.7107861882445301,0.009500901430169156,-0.8409930943448576,-0.5308221467839088,0.10468268122275005,5.766091053006893,0.9962543961905246,0.98457802729345,0.9678138846613273,0.00024279774349978537,0.7618506933962033,0.6477526240942448
974,val,974:11,1,positive_gap,2,2,LAD,LAD,54.0517578125,-193.29339599609375,-23.66789436340332,51.598907470703125,-194.51841735839844,-26.550003051757812,-0.7447999144691944,-0.4888519114541627,-0.45419918105858836,-0.23105445485881163,-0.23638661921636364,-0.9437876907151074,3.9779017872295857,0.9388839556756441,0.8990718101011715,0.7163149850786539,0.7245298759278167,0.6166191306359943,0.3079566635449426
974,val,974:11,0,wrong_branch,11,10,R-PLA,R-PDA,-7.595270156860352,-143.82899475097656,-41.04930114746094,-3.780060052871704,-141.98300170898438,-45.007198333740234,0.5585024416893556,0.8294491491394747,0.009440954338907905,0.5153535437666258,0.8464173088888264,-0.13412108014990556,5.79900582736543,0.6250373422484247,0.7000337776390287,0.9886200982081034,0.6825130555313522,0.6579076168512752,0.3183292269307562
974,val,974:12,1,positive_gap,10,10,R-PDA,R-PDA,17.137699127197266,-138.33599853515625,-47.21770095825195,20.82859992980957,-138.6999969482422,-47.05070114135742,0.9154702844040429,0.1996758370257828,0.34934756114968624,0.7692657915268593,-0.6388679336307747,-0.00882640158268688,3.7125641433241316,0.9062656343487734,0.8270178010135352,0.5735900016880984,0.04498233847213857,0.9941648575282446,0.09804501660677652
974,val,974:12,0,wrong_branch,5,2,D2,LAD,44.0849609375,-159.57781982421875,22.94155502319336,38.1787109375,-158.93275451660156,23.44229507446289,-0.929817712969171,-0.3624797805477948,0.06361941011045884,0.8214662371465897,-0.5666595802538975,-0.06395421279868468,5.96243565269569,0.8871826600541964,0.8804022619548401,0.5624799469016255,0.08398246630018398,0.9905767280406141,0.10818822125577919
974,val,974:13,1,positive_gap,5,5,D2,D2,75.34378814697266,-159.7021484375,-8.007864952087402,73.52974700927734,-162.36524963378906,-5.549263954162598,-0.3104394912436297,-0.9089992946218699,0.27811437333108013,-0.3640399358650416,-0.31969768283322386,0.8747961572197513,4.053094138793718,0.9049085136017009,0.9036418303470396,0.646910725727562,0.6065985426769618,0.4475694557233274,0.6570538717074198
974,val,974:13,0,wrong_branch,2,14,LAD,Other,48.113853454589844,-174.09811401367188,12.441555976867676,51.09242630004883,-177.18174743652344,8.283037185668945,0.0722772086592259,0.6087349242389885,0.7900745516216706,0.7443813968743627,-0.5236131516041794,-0.41439788061054456,5.972769024412867,0.8283213826162278,0.9300722296764268,0.5923450223447204,0.6962463765468513,0.49869211973282074,0.5162820477817973
974,val,974:14,1,positive_gap,3,3,LCX,LCX,32.148677825927734,-135.0872802734375,26.44925880432129,33.99383544921875,-132.3857421875,28.898710250854492,0.4318640768200864,0.401484591368548,0.8076531074947737,0.2735782072766792,0.9379658084908393,0.21301433427214375,4.086896998149501,0.9444305257184322,0.8712021713528343,0.6667691082790791,0.5993425935721615,0.4514813131151779,0.6610242653927233
974,val,974:14,0,wrong_branch,2,14,LAD,Other,48.145484924316406,-172.9912109375,13.609221458435059,49.991188049316406,-176.5594024658203,8.949257850646973,0.0005020307774174373,0.7416872407500851,0.6707456931457882,0.712405046072274,-0.43388703286732827,-0.5515624108297692,6.15255001071271,0.9380185515638627,0.8831039174255801,0.69140893851067,0.7574036130830698,0.2999899426719482,0.5799532750010064
974,val,974:15,1,positive_gap,4,4,D1,D1,48.146053314208984,-141.3756866455078,22.281625747680664,51.09239959716797,-141.4067840576172,19.508953094482422,0.6843911996168327,0.45499597104817924,-0.5697256815494253,0.6255920496843498,-0.3622807383130734,-0.6909321631094245,4.045940818887432,0.8853236483827039,0.9318489039491537,0.6569552145653528,0.6852973825654429,0.7282227829939395,0.007686076861086238
974,val,974:15,0,wrong_branch,11,10,R-PLA,R-PDA,-11.32289981842041,-148.2209930419922,-41.05070114135742,-6.5246500968933105,-147.1510009765625,-44.932098388671875,0.7033439609983337,0.7107861882445301,0.009500901430169156,0.6369912598583432,0.7590548441055701,-0.13445400144268463,6.263651331426231,0.6543274133755774,0.7009482096666699,0.9862722209258313,0.6196700681343099,0.7660467461611629,0.1708256109437769
974,val,974:16,1,positive_gap,3,3,LCX,LCX,58.1123046875,-114.6669921875,-21.600549697875977,54.796817779541016,-112.11466217041016,-20.873157501220703,-0.8135311485268718,0.5544097751400575,0.17549037468106246,-0.6211409276299583,0.5165135741613055,0.5894045094246467,4.246874304796441,0.9983669418607908,0.8962888187321223,0.8951124849570424,0.1712770721360303,0.7806887301125106,0.6009902422134862
974,val,974:16,0,wrong_branch,3,6,LCX,OM1,56.50520324707031,-113.52168273925781,-7.058411598205566,61.072208404541016,-117.04971313476562,-9.49868392944336,-0.45325591855210645,0.11565153012495012,0.8838460249824309,0.6405574057465276,0.043246400080489904,-0.7666915669442025,6.265737277495422,0.739716497168744,0.7411403277003844,0.9629722168164769,0.3894629192325844,0.7288855174113291,0.5630670804183571
974,val,974:17,1,positive_gap,6,6,OM1,OM1,66.59630584716797,-123.55072021484375,-11.050003051757812,67.7099838256836,-123.90231323242188,-14.831757545471191,0.03711455814785148,-0.11066170012070702,-0.9931648894820458,0.6314308598589206,-0.604306822207181,-0.48590980011899604,3.957974651328843,0.9692197825664451,0.6956265553539966,0.5728974506379959,0.9554771889313893,0.281375722843935,0.08883154859520938
974,val,974:17,0,wrong_branch,3,6,LCX,OM1,54.7900390625,-112.48323059082031,-5.219180107116699,51.0986328125,-111.83819580078125,-0.042300667613744736,-0.6611994046748993,0.5224749659448853,0.5383634991513164,0.9299239658396227,-0.36389540772206713,-0.05311826424026786,6.390823946413187,0.8707504887113443,0.6168905950947923,0.833588347968402,0.8100488267101221,0.5776103802815254,0.10093139717940197
974,val,974:18,1,positive_gap,5,5,D2,D2,58.19874572753906,-157.8564453125,12.841992378234863,55.8974609375,-155.6856689453125,15.407119750976562,-0.4195298841122507,0.751595734955878,0.5090172173246158,-0.6786293731208746,0.1485623826078105,0.7192992370435684,4.072844234634271,0.9582242219243982,0.915652333097996,0.7624998514671198,0.6298122945455683,0.5650313779421301,0.5329878193543115
974,val,974:18,0,wrong_branch,3,6,LCX,OM1,51.0986328125,-109.87437438964844,-4.549296855926514,53.6826171875,-113.67657470703125,-0.05074207857251167,-0.8517976066597082,0.5237646865850897,0.010554163880466582,0.8348569607299892,-0.5503854560368062,-0.009471267277523463,6.432005720504655,0.6444352911999823,0.6541234982799895,0.9995015882421149,0.6994015510609722,0.4017385069734143,0.5911375832987431
974,val,974:19,1,positive_gap,14,14,Other,Other,54.420921325683594,-182.0580291748047,2.1184349060058594,57.3740234375,-180.00491333007812,0.4085645377635956,0.7177593168242015,0.09403842202429398,-0.6899118337115522,0.6945697759989892,0.6940099169285535,-0.18953380034583872,3.9824305933530995,0.8769388562735041,0.9542153639749834,0.6945591371118625,0.4293534634592587,0.7415325999015023,0.5155434091314305
974,val,974:19,0,wrong_branch,2,14,LAD,Other,47.98661804199219,-174.80523681640625,11.442327499389648,51.9544677734375,-178.15972900390625,7.574752330780029,0.09540782639067663,0.5280335038942049,0.8438471220716554,0.48593831351851097,-0.7217114901596886,-0.49294673183445187,6.477236062718025,0.7188810899540415,0.9657845168959668,0.7506972096901063,0.5971027041720445,0.6125837769420889,0.5178894446672928
975,train,975:0,1,positive_gap,9,9,RCA,RCA,-38.0107421875,-208.79205322265625,123.44435119628906,-35.1259765625,-206.7623291015625,121.94999694824219,0.8329491955078633,0.5516653856134073,-0.04313861401127902,0.7130082937503923,0.3866924238266022,-0.5848830159940205,3.8307632839405747,0.9363815646518451,0.969979844845686,0.8324555524426279,0.39009307996438874,0.7530524365975808,0.5298484846617415
975,train,975:0,0,wrong_branch,2,5,LAD,D2,17.082782745361328,-192.84832763671875,141.95001220703125,19.68457794189453,-194.60031127929688,142.90695190429688,0.5507812093385859,-0.8346495861202647,-0.00035753153075384296,0.880982150382697,-0.4403258795662333,0.1731576463552851,3.2794082564949716,0.8827721236344408,0.9847143260641069,0.8526843180131248,0.29180255168607805,0.7933733750228461,0.534237736063592
975,train,975:1,1,positive_gap,5,5,D2,D2,54.7138671875,-225.85256958007812,113.94998931884766,51.04965591430664,-226.87545776367188,114.79895782470703,-0.9721696693327578,-0.23427748418439923,0.00044094632884057625,-0.6527723752532762,0.39672499480372314,0.6453661786956161,3.8978830170586343,0.9754651601871841,0.6500929187153474,0.5419463423511051,0.21780245896143177,0.9400516272954735,0.2624214680423189
975,train,975:1,0,wrong_branch,4,2,D1,LAD,9.794246673583984,-180.4312286376953,144.058349609375,6.913523197174072,-180.52052307128906,142.4499969482422,0.7935160186411446,0.3078599556140641,0.5249329251335002,-0.7797680058934161,0.626068571955956,-1.3929660072443118e-05,3.300505949999642,0.9567223083553796,0.6636600567294646,0.4260242728637749,0.4873048815842877,0.8728126899484077,0.02705477128249373
975,train,975:2,1,positive_gap,4,4,D1,D1,10.6181640625,-180.35247802734375,144.44961547851562,14.3271484375,-180.902099609375,145.16314697265625,0.9324673007127756,0.01676235148501954,0.3608652888185875,0.8297412101722159,-0.5253010249603686,-0.1886487670713304,3.816775624864426,0.971181649496683,0.8466851198994152,0.6968244743091452,0.1869461462424766,0.9717585573639125,0.14400154372469115
975,train,975:2,0,wrong_branch,3,1,LCX,LM,-2.9814453125,-167.47117614746094,138.78805541992188,-6.690438270568848,-167.3964385986328,138.56398010253906,-0.9836682340286316,-0.1787579224036656,0.021033557495541335,-0.7756587246279469,0.4208240820052449,-0.4703834977047873,3.716506990719827,0.9768165463236526,0.8109134321425713,0.6778713709230584,0.06029191333215083,0.9979782003182714,0.02010962148456757
975,train,975:3,1,positive_gap,6,6,OM1,OM1,11.4423828125,-171.00685119628906,139.49232482910156,7.7333984375,-169.7396697998047,139.94471740722656,-0.9836325420182924,0.011417683720480402,-0.17982396609209564,-0.7819546821994092,0.6216725020803361,0.045499177394711626,3.9455003269969215,0.90771630491431,0.939960134426026,0.7680722892683389,0.11466038287451724,0.9400542561412121,0.3211712815770763
975,train,975:3,0,wrong_branch,9,11,RCA,R-PLA,-18.6416015625,-186.67135620117188,62.907310485839844,-14.932608604431152,-185.2666473388672,63.1119499206543,-0.9813815184026727,-0.047401660292186,0.18612737020440764,0.8252873740565588,0.4171353198185356,0.38065584874360925,3.9713616114782107,0.9237218949767786,0.9379241432631876,0.7588442109165161,0.051528784037946807,0.9339348366940313,0.35370963405717926
975,train,975:4,1,positive_gap,5,5,D2,D2,59.2470703125,-204.38771057128906,124.11229705810547,55.9501953125,-203.9755859375,125.94998931884766,-0.8000868422600785,0.06803167332828312,0.5960140403266101,-0.9947225892475285,1.841533229501497e-05,0.1026010238816759,3.7968861353209555,0.9905786193445156,0.9133886584344323,0.8570173589670599,0.4839998344029469,0.8683102106566888,0.1085427950960202
975,train,975:4,0,wrong_branch,6,3,OM1,LCX,3.6123132705688477,-167.74514770507812,140.0632781982422,-0.09639522433280945,-167.7099609375,138.4499969482422,-0.8474875756419075,0.13282939885856554,-0.5139271932204739,-0.9999999996608444,1.84161777714487e-05,1.84161777714487e-05,4.044555995454862,0.9832642488937525,0.9169558872081361,0.847480556989748,0.39887721960406824,0.9169630730961273,0.008699784999309373
975,train,975:5,1,positive_gap,5,5,D2,D2,57.5986328125,-204.01077270507812,125.32473754882812,53.8896484375,-203.9755859375,126.44999694824219,-0.8476050555187338,0.13250105688685182,0.5138181972088488,-0.9947666665241741,0.0,0.10217279076340562,3.8760820319720315,0.9614334568367721,0.9815439623562998,0.8956674947612583,0.2903084584207226,0.9568900617701794,0.009077921284401469
975,train,975:5,0,wrong_branch,10,9,R-PDA,RCA,-14.932608604431152,-187.07852172851562,61.07489776611328,-18.6416015625,-186.67135620117188,62.907310485839844,0.7613202514474566,-0.4499010191158996,-0.4668838696447504,-0.9813815184026727,-0.047401660292186,0.18612737020440764,4.156939848623878,0.929154550986699,0.9530325489044277,0.8127194359308043,0.44080809115704866,0.8922411901862569,0.09794838082118001
975,train,975:6,1,positive_gap,11,11,R-PLA,R-PLA,-0.0966796875,-173.85641479492188,66.1123046875,1.9990506172180176,-171.0068359375,67.57453918457031,0.7361751237613438,0.621099668291706,0.26885198381805364,0.21142937338570197,0.8358163899344455,0.5066641712087805,3.827572977645456,0.9681909833071729,0.9315787076959381,0.8109919952190685,0.382026549359174,0.5475350351143958,0.7444871395175338
975,train,975:6,0,wrong_branch,2,1,LAD,LM,-4.053742408752441,-170.5947265625,139.78839111328125,-6.690438270568848,-167.3964385986328,138.56398010253906,-0.4304942607311716,0.8513942781103614,-0.29967061030147535,-0.7756587246279469,0.4208240820052449,-0.4703834977047873,4.322082055070703,0.9775396322898358,0.9178528841205449,0.8331639545816387,0.2832919401207801,0.6100522452420848,0.7399877936410137
975,train,975:7,1,positive_gap,5,5,D2,D2,46.0595703125,-220.876708984375,120.60668182373047,42.79787826538086,-221.51832580566406,122.4503402709961,-0.9534553727217887,-0.0403686396144611,0.29881972017193353,-0.5479727307754346,0.2935948251104018,0.7832802595462913,3.8012344870811674,0.9698692670901998,0.8005410339733382,0.744675108549138,0.4850157109569172,0.8580612583107646,0.1687916973997932
975,train,975:7,0,wrong_branch,4,2,D1,LAD,11.0302734375,-180.32598876953125,144.60630798339844,6.913523197174072,-180.52052307128906,142.4499969482422,0.9174577494157586,0.1279134758377162,0.3767086682518534,-0.7797680058934161,0.626068571955956,-1.3929660072443118e-05,4.651360383384693,0.9919955985299509,0.663966688299184,0.635326840025441,0.4635871782498069,0.8850637020153357,0.04182309813118676
975,train,975:8,1,positive_gap,10,10,R-PDA,R-PDA,-9.1630859375,-188.5940399169922,58.40732192993164,-5.0419921875,-188.7272491455078,57.450008392333984,0.9434045034116066,-0.27897289938154607,-0.17933784975111505,0.9999841747821892,0.005609360281379653,-0.0004304212097098248,4.232919513068791,0.9678196587856143,0.973487293950868,0.9419019051427209,0.22615916382110018,0.9735818829714248,0.031469823157362777
975,train,975:8,0,wrong_branch,3,7,LCX,OM2,4.8486328125,-167.705322265625,136.49269104003906,9.381551742553711,-166.8857421875,135.4073028564453,0.9791095268734193,0.041454818719629555,-0.19906288551769644,0.9826031485839409,0.011002247268850494,-0.18539148564041663,4.732560938855791,0.9906391522117047,0.9855761867069343,0.9994367641623872,0.22934478765658925,0.957815227023712,0.1731789804112175
975,train,975:9,1,positive_gap,2,2,LAD,LAD,22.058935165405273,-218.67803955078125,125.95000457763672,23.07974624633789,-216.78616333007812,128.9499969482422,0.35736109476728034,0.4691756927911093,0.8075687074427249,-0.10200625040302683,0.20302804585196652,0.9738451301291428,3.690691685999764,0.9957809472314169,0.8674533269822109,0.8452496117392746,0.8128536940610922,0.27659072276477403,0.5126074951965647
975,train,975:9,0,wrong_branch,3,7,LCX,OM2,11.8544921875,-164.4127960205078,132.10667419433594,9.381551742553711,-166.8857421875,135.4073028564453,0.7812880602861227,0.5326227697714786,-0.32542580102890767,0.9826031485839409,0.011002247268850494,-0.18539148564041663,4.808850876688777,0.899037237278016,0.6382055843673069,0.8338873281207018,0.6863653597805228,0.5142476879318574,0.5142488778306596
975,train,975:10,1,positive_gap,5,5,D2,D2,42.3505859375,-208.4102020263672,131.44964599609375,38.6416015625,-209.64651489257812,132.57525634765625,-0.8791536376193743,-0.4764903342517921,0.00677073299114447,-0.8483879227460724,-0.12243009215428086,0.5150231112034668,4.06841901242946,0.948151955679293,0.9531306340284189,0.8076871678978526,0.2766702122184659,0.911652502770401,0.3038804170450163
975,train,975:10,0,wrong_branch,4,2,D1,LAD,9.794246673583984,-180.4312286376953,144.058349609375,5.2607421875,-179.5581817626953,142.4073028564453,0.7935160186411446,0.3078599556140641,0.5249329251335002,-0.8797730371785615,0.4451473059672553,-0.16686305475959645,4.903144822626652,0.8556388219026166,0.9488987880693384,0.6486628793446267,0.3367322020166659,0.9246115809517026,0.17805855355753128
975,train,975:11,1,positive_gap,5,5,D2,D2,48.1201171875,-220.73858642578125,120.78804779052734,43.99903106689453,-221.4127197265625,121.12357330322266,-0.9069812958634104,-0.2678832122742308,-0.32499771312359743,-0.7747340220080301,-0.2570836986733439,0.5776635413626988,4.189317831143718,0.9092869420187216,0.8497505577253117,0.583798344356515,0.0800907274690379,0.9837129305322672,0.1609172013089315
975,train,975:11,0,wrong_branch,3,1,LCX,LM,-1.7451171875,-167.67506408691406,138.49234008789062,-6.690438270568848,-167.3964385986328,138.56398010253906,-0.972990940158617,0.1466079173198864,0.17831082117576552,-0.7756587246279469,0.4208240820052449,-0.4703834977047873,4.953681970924661,0.9821735692659671,0.7912166145984011,0.7325305861955526,0.014461972946370853,0.9983121871963345,0.05624613972326556
975,train,975:12,1,positive_gap,5,5,D2,D2,67.49419403076172,-201.64105224609375,114.45600128173828,70.78118133544922,-201.26443481445312,113.06326293945312,0.5834603106304571,0.39855312620833433,-0.7076224074381577,0.7708580491127117,-0.40515182373650893,-0.4915586107893189,3.5896861034167853,0.8506207671999858,0.8540651795927368,0.6361284384117916,0.3879833228202044,0.9156754128331259,0.1049165360954953
975,train,975:12,0,wrong_branch,3,7,LCX,OM2,9.3818359375,-165.78753662109375,132.9503631591797,13.9150390625,-165.92340087890625,134.9499969482422,0.8306381491555584,0.54926396572347,-0.09137483857799594,0.9473348755162188,0.32024464652929047,0.0,4.956503299647964,0.7077791914328991,0.857651323906998,0.9627913321836923,0.4034363881497918,0.9145970154649088,0.027411311886375578
975,train,975:13,1,positive_gap,2,2,LAD,LAD,21.745410919189453,-224.9931640625,118.28804779052734,20.792068481445312,-222.14358520507812,121.11194610595703,-0.29331287022797226,0.7266617590604222,0.6212328452986381,0.2059026541996444,0.6872171745434591,0.696661073985081,4.123513449008785,0.9954147180374833,0.9043947284546674,0.8717692836199847,0.6848282054490449,0.2311966359593919,0.6910560357471031
975,train,975:13,0,wrong_branch,3,7,LCX,OM2,13.090811729431152,-163.55368041992188,131.61231994628906,11.0302734375,-166.60247802734375,134.95562744140625,0.7362398178281628,0.6211159556733348,-0.2686371162969737,0.9463156433870265,0.31956723287586547,-0.04861570479855966,4.971789407290162,0.8666585222479493,0.6208534657888178,0.9082635468886114,0.6724555730809672,0.41444601191469893,0.6132193779067565
975,train,975:14,1,positive_gap,10,10,R-PDA,R-PDA,27.9267578125,-198.65829467773438,55.94999694824219,30.84670639038086,-201.49798583984375,56.1119499206543,0.9796961523931274,-0.2004880270392778,0.0,0.6383877970744913,-0.7203726482228701,0.27115358791420596,4.07629419435149,0.841447231699019,0.9699028882187614,0.7698521595038667,0.03973044257613378,0.7163242981645005,0.6966354798543067
975,train,975:14,0,wrong_branch,2,5,LAD,D2,16.10935401916504,-191.2001953125,142.11195373535156,19.68457794189453,-194.60031127929688,142.90695190429688,0.34153676946895123,-0.8847779693183997,-0.31704980698546625,0.880982150382697,-0.4403258795662333,0.1731576463552851,4.997503053921099,0.795870271676603,0.9573836120600773,0.6355788368074654,0.15907907616415518,0.7154020486139233,0.6803629592840578
975,train,975:15,1,positive_gap,10,10,R-PDA,R-PDA,4.4365234375,-187.0791015625,57.449642181396484,8.5576171875,-187.77940368652344,56.788055419921875,0.9999767304391756,-1.8512602385203932e-05,-0.0068218939789476485,0.8151160657544552,-0.5004688299901234,-0.29174774987529173,4.232202004176934,0.9747937572559386,0.922135936307076,0.8170966355602858,0.15632211336360177,0.973746939756827,0.16546991928369215
975,train,975:15,0,wrong_branch,3,1,LCX,LM,-2.9814453125,-167.47117614746094,138.78805541992188,-7.9267578125,-166.60275268554688,137.64935302734375,-0.9836682340286316,-0.1787579224036656,0.021033557495541335,-0.745621023131879,0.489355207550508,-0.45230605866710377,5.14848697878534,0.9100456691136769,0.8987763821978388,0.6364539893690572,0.22117223900346233,0.9605370510554784,0.1686754701900685
975,train,975:16,1,positive_gap,6,6,OM1,OM1,9.7939453125,-170.7235565185547,139.45562744140625,6.0849609375,-168.63742065429688,140.2880401611328,-0.9462104487024752,0.3198820535351729,0.048592783336431175,-0.8516397971438029,0.42611946085244296,0.30517513169274746,4.336062600343704,0.9725981457263229,0.9920736502976943,0.9569677518311154,0.19197433165761496,0.8553807259853681,0.4811129488980284
975,train,975:16,0,wrong_branch,2,5,LAD,D2,17.082782745361328,-192.84832763671875,141.95001220703125,21.3330078125,-195.5999298095703,142.9499969482422,0.5507812093385859,-0.8346495861202647,-0.00035753153075384296,0.850050097848153,-0.5267018425074022,1.5737005662177004e-05,5.160978310517307,0.8985137917849387,0.9808593643836334,0.9078030901222973,0.19375875677933332,0.8235308911253016,0.5331551514650248
975,train,975:17,1,positive_gap,5,5,D2,D2,53.8896484375,-203.9755859375,126.44999694824219,50.1806640625,-204.4185333251953,127.44999694824219,-0.9947666665241741,0.0,0.10217279076340562,-0.9183928503441599,-0.18760268643915617,0.34836734129011154,3.866880846659261,0.9805698608345358,0.9924717997263222,0.949180257766933,0.2586063650924068,0.9591669674032823,0.11454901385906184
975,train,975:17,0,wrong_branch,6,3,OM1,LCX,4.8486328125,-168.1223602294922,140.44400024414062,-0.09639522433280945,-167.7099609375,138.4499969482422,-0.9520262043064233,0.3030071553694466,-0.042810864378337934,-0.9999999996608444,1.84161777714487e-05,1.84161777714487e-05,5.3478429862096775,0.9196457760242005,0.9246716705794648,0.9520309958046885,0.3728612266740654,0.9246771174068508,0.07711507107737255
975,train,975:18,1,positive_gap,7,7,OM2,OM2,10.2060546875,-166.85055541992188,135.11195373535156,14.3271484375,-165.74771118164062,134.9499969482422,0.9313108893207778,0.14591235894216226,-0.3337208578145448,0.9113409952939828,0.41165226866443067,0.0,4.269181316258424,0.9493591738837919,0.9860696233408609,0.9088069463864418,0.03793626344531003,0.9653124205115257,0.25832686798315696
975,train,975:18,0,wrong_branch,9,11,RCA,R-PLA,-18.6416015625,-186.67135620117188,62.907310485839844,-13.6962890625,-184.5081329345703,63.782752990722656,-0.9813815184026727,-0.047401660292186,0.18612737020440764,0.8272658081170239,0.4439876291712182,0.3442473934010368,5.468276712381889,0.8764799415863215,0.9789009212843793,0.7688352636309491,0.16009477042384063,0.9043639815816682,0.395595062280471
975,train,975:19,1,positive_gap,11,11,R-PLA,R-PLA,24.6298828125,-152.01956176757812,67.37025451660156,28.7509765625,-152.08035278320312,67.94400787353516,0.9916317358081314,0.11863011472141856,0.050925400531911955,0.9798984333525386,-0.19466991425329702,0.04361977530724561,4.161286118312745,0.9873424240189441,0.9792920668686353,0.9508260246490026,0.13787885298457453,0.990341359096682,0.014608708436911956
975,train,975:19,0,wrong_branch,6,3,OM1,LCX,3.6123132705688477,-167.74514770507812,140.0632781982422,-1.7451171875,-167.67506408691406,138.49234008789062,-0.8474875756419075,0.13282939885856554,-0.5139271932204739,-0.972990940158617,0.1466079173198864,0.17831082117576552,5.58344153485408,0.9594463729556189,0.8852767269433188,0.7524327946743744,0.28135659709968075,0.9595211886120092,0.012552046569588393
975,train,975:20,1,positive_gap,10,10,R-PDA,R-PDA,-14.1083984375,-187.41648864746094,60.57455062866211,-10.8115234375,-188.17758178710938,58.61759567260742,0.8542584575350618,-0.04097644519167182,-0.5182310475736388,0.8817064953555398,-0.3030049924704696,-0.3616374297356706,3.908749190325713,0.987969519762745,0.9837416258011371,0.9530330422415925,0.5006601500291238,0.843460360199083,0.1947152663394645
975,train,975:20,0,wrong_branch,10,9,R-PDA,RCA,-13.6962890625,-187.35743713378906,60.325443267822266,-18.6416015625,-186.67135620117188,62.907310485839844,0.8421772437916425,0.17240810059700795,-0.5108942521579632,-0.9813815184026727,-0.047401660292186,0.18612737020440764,5.6207527165167965,0.954606105734419,0.9431607006750964,0.9297610160992495,0.45934545571283764,0.8798310029665618,0.12206210933299244
975,train,975:21,1,positive_gap,10,10,R-PDA,R-PDA,24.2177734375,-199.16375732421875,56.44436264038086,27.9267578125,-198.65829467773438,55.94999694824219,0.8536389251181007,0.5190167650090466,-0.04384270934554374,0.9796961523931274,-0.2004880270392778,0.0,3.775772108926713,0.9137604851627643,0.9355274658623699,0.732250123254236,0.13093101963698717,0.9823115029191479,0.1338700090742648
975,train,975:21,0,wrong_branch,10,9,R-PDA,RCA,-14.932608604431152,-187.07852172851562,61.07489776611328,-20.2900390625,-187.1776885986328,62.95527648925781,0.7613202514474566,-0.4499010191158996,-0.4668838696447504,-0.9086715364841241,-0.41554362215326635,0.040491194985139346,5.67870753989209,0.8649896983907179,0.8779271467756998,0.5237412293465753,0.3311279388725596,0.9434242599101437,0.017462929622727483
975,train,975:22,1,positive_gap,10,10,R-PDA,R-PDA,-3.3935546875,-188.4488983154297,57.44999694824219,0.7275390625,-187.36236572265625,57.44999694824219,0.9589514598514817,0.2835702693314521,0.0,0.9474306149244153,0.3199612943840933,0.0,4.2619205496405055,0.9995581001801682,0.9976954546599008,0.9992714817138925,0.0,0.9669569627119435,0.2549396639656004
975,train,975:22,0,wrong_branch,9,11,RCA,R-PLA,-20.2900390625,-187.1776885986328,62.95527648925781,-14.932608604431152,-185.2666473388672,63.1119499206543,-0.9086715364841241,-0.41554362215326635,0.040491194985139346,0.8252873740565588,0.4171353198185356,0.38065584874360925,5.690227269070711,0.9939711387962953,0.9275940889395835,0.9078398577566656,0.02753377395804284,0.9415143200323854,0.33584620954475924
975,train,975:23,1,positive_gap,9,9,RCA,RCA,-26.4716796875,-190.24278259277344,63.94506072998047,-29.48992919921875,-193.2607421875,64.91293334960938,-0.818873578183072,-0.5724050015742823,0.04240963482981235,-0.5650984736612411,-0.8019799442552622,0.19362821095610563,4.376606863566788,0.9688115018367705,0.9855485854631677,0.9300132421261476,0.22114680385985652,0.6896323123843429,0.6895660699729897
975,train,975:23,0,wrong_branch,2,1,LAD,LM,-3.2600622177124023,-171.8310546875,139.9552764892578,-6.690438270568848,-167.3964385986328,138.56398010253906,-0.5689625736145375,0.8209739372958322,-0.04778476856594521,-0.7756587246279469,0.4208240820052449,-0.4703834977047873,5.7765911535565095,0.9796335665427067,0.8969714286140564,0.8092835542986997,0.24085076297327396,0.5938408936461506,0.7676873732247608
975,train,975:24,1,positive_gap,4,4,D1,D1,28.3388671875,-186.3883514404297,141.9447021484375,32.0478515625,-187.11399841308594,141.0696258544922,0.9580562870994002,-0.2833232955073648,-0.04308202609161069,0.9748379577043703,-0.15785892357894193,0.15738969618520093,3.879289515252037,0.9787123481479393,0.9260666410993371,0.9718940777378406,0.22557643364972177,0.9560988836789687,0.187056668444893
975,train,975:24,0,wrong_branch,4,2,D1,LAD,12.2666015625,-180.35650634765625,144.98670959472656,6.913523197174072,-180.52052307128906,142.4499969482422,0.9451487650683061,-0.2398217004966344,0.22176420779909123,-0.7797680058934161,0.626068571955956,-1.3929660072443118e-05,5.925981819225023,0.9420671337668369,0.6870606400977821,0.8871446864639457,0.42806622157610946,0.903323454007151,0.02767756105844111
975,train,975:25,1,positive_gap,5,5,D2,D2,41.90387725830078,-220.5931396484375,123.90166473388672,39.873268127441406,-217.8541259765625,125.72592163085938,-0.5709725575244017,0.47921364593576793,0.6665917942061635,-0.7904851635595698,0.577124056171763,0.2050878591727262,3.866973307795121,0.9537250974445265,0.9206295801318635,0.8646209426538606,0.47175316501287534,0.5251158901888546,0.7083094332080447
975,train,975:25,0,wrong_branch,3,7,LCX,OM2,13.9100923538208,-162.7643585205078,131.4612579345703,11.0302734375,-166.60247802734375,134.95562744140625,0.6914243272232744,0.7224488186172189,-0.0003228040073504227,0.9463156433870265,0.31956723287586547,-0.04861570479855966,5.935919186601051,0.8027652679981687,0.6943551668607185,0.8851923202740067,0.5886821226818012,0.48515130105229837,0.6465922776542501
975,train,975:26,1,positive_gap,2,2,LAD,LAD,2.7880859375,-177.9143829345703,141.90696716308594,-0.5087805390357971,-175.1279296875,140.94436645507812,-0.8641781801245196,0.47354135725536245,-0.1701606769069237,-0.7065071247345882,0.7067583830575787,-0.03660970741623047,4.422697184442022,0.9795781921625742,0.9799109448099608,0.9514568978581448,0.21765015054478717,0.745442506923914,0.6300348251000273
975,train,975:26,0,wrong_branch,2,1,LAD,LM,-4.053742408752441,-170.5947265625,139.78839111328125,-7.9267578125,-166.60275268554688,137.64935302734375,-0.4304942607311716,0.8513942781103614,-0.29967061030147535,-0.745621023131879,0.489355207550508,-0.45230605866710377,5.959159981493465,0.9576956293563673,0.9747673861868397,0.8731626274546148,0.3589495990341614,0.6499264016699408,0.669888690578948
975,train,975:27,1,positive_gap,10,10,R-PDA,R-PDA,2.3759765625,-187.0793914794922,57.44999694824219,6.4970703125,-187.20823669433594,56.99268341064453,0.999984267411945,0.005609360800981549,0.0,0.9521381297957447,-0.24661886429895336,-0.1805882542164804,4.148391309573782,0.9932298734025382,0.9734403792761475,0.9507397760085962,0.11023876569750167,0.9934197240480223,0.031059079346347378
975,train,975:27,0,wrong_branch,3,7,LCX,OM2,3.6123132705688477,-167.7099609375,137.06997680664062,9.381551742553711,-166.8857421875,135.4073028564453,0.8718091911054588,1.6145740553883927e-05,-0.48984562266428444,0.9826031485839409,0.011002247268850494,-0.18539148564041663,6.0603575603375,0.9643229679790319,0.9877611477802003,0.9474558415042591,0.2743524509307531,0.9519633807982075,0.1360016701645075
975,train,975:28,1,positive_gap,10,10,R-PDA,R-PDA,18.4482421875,-199.43743896484375,56.90695571899414,22.1572265625,-199.85418701171875,56.44999694824219,0.8400244040909313,-0.536803213499903,0.07874840003360954,0.9999821220153032,0.005979602810481023,0.0,3.7601935251706666,0.8785091208693266,0.985700883008015,0.8367995161433707,0.12152533312263836,0.986381246117288,0.11083154206965577
975,train,975:28,0,wrong_branch,3,7,LCX,OM2,9.3818359375,-165.78753662109375,132.9503631591797,15.1513671875,-165.37513732910156,134.9499969482422,0.8306381491555584,0.54926396572347,-0.09137483857799594,0.9458103381326244,0.3247195779152384,0.0,6.120138831033383,0.7902096256971762,0.913508105095303,0.9639829118324511,0.32673013542159507,0.9427124791261993,0.06738397663481664
975,train,975:29,1,positive_gap,2,2,LAD,LAD,12.2666015625,-185.05374145507812,142.44436645507812,14.841910362243652,-188.3154296875,142.4499969482422,0.7637275275216066,-0.6443452556357552,0.03923589231083166,0.44746771522753903,-0.8943000860052771,0.0,4.155822089792788,0.9790381757615553,0.9791794555880156,0.9179814293286188,0.0013548446113445729,0.6196869702552784,0.7848478981891415
975,train,975:29,0,wrong_branch,2,5,LAD,D2,15.66177749633789,-189.9638671875,142.44436645507812,19.68457794189453,-194.60031127929688,142.90695190429688,0.419656941721452,-0.9064873554118539,-0.04656957959248916,0.880982150382697,-0.4403258795662333,0.1731576463552851,6.155771482028696,0.9535005778992588,0.9203821054814126,0.7607962382341937,0.07514662468696781,0.6535006143910473,0.7531865185919618
975,train,975:30,1,positive_gap,5,5,D2,D2,52.2412109375,-203.980224609375,126.90766906738281,48.5322265625,-205.0784454345703,127.9874038696289,-0.9803937851793759,-0.041509193326148414,0.19262661511605297,-0.9105446392751253,-0.3463764671176184,0.2256807544174944,4.016028052450359,0.9685781823489873,0.9963249762804738,0.9505422330312223,0.2688563894834597,0.9235454350815557,0.27345945069413513
975,train,975:30,0,wrong_branch,4,2,D1,LAD,11.0302734375,-180.32598876953125,144.60630798339844,5.2607421875,-179.5581817626953,142.4073028564453,0.9174577494157586,0.1279134758377162,0.3767086682518534,-0.8797730371785615,0.4451473059672553,-0.16686305475959645,6.221948408082396,0.9681006962097093,0.9297084426007234,0.8130730106593662,0.3534270911177257,0.9272868997925634,0.12340298512256156
975,train,975:31,1,positive_gap,5,5,D2,D2,39.873268127441406,-217.8541259765625,125.72592163085938,36.61653137207031,-216.36940002441406,127.95035552978516,-0.7904851635595698,0.577124056171763,0.2050878591727262,-0.5653615878078223,0.13400923029906187,0.8138843905777228,4.214125249379553,0.9224874218728203,0.9137442874807098,0.6911677050408991,0.5278518713351686,0.7728144188050852,0.3523212681841942
975,train,975:31,0,wrong_branch,3,7,LCX,OM2,13.090811729431152,-163.55368041992188,131.61231994628906,9.381551742553711,-166.8857421875,135.4073028564453,0.7362398178281628,0.6211159556733348,-0.2686371162969737,0.9826031485839409,0.011002247268850494,-0.18539148564041663,6.266030686294466,0.9288136593806295,0.6997968009938297,0.7800682685262197,0.6056438437904433,0.591963265515219,0.5317659511094098
975,train,975:32,1,positive_gap,10,10,R-PDA,R-PDA,20.0966796875,-199.85418701171875,56.49268341064453,24.2177734375,-199.16375732421875,56.44436264038086,0.9824717794084502,-0.005874896044670642,-0.18631878129286344,0.8536389251181007,0.5190167650090466,-0.04384270934554374,4.178808651578735,0.9700863360964079,0.9281088125330086,0.8437957043670666,0.01156328855723425,0.9861886708890271,0.1652216564735882
975,train,975:32,0,wrong_branch,3,1,LCX,LM,-1.7451171875,-167.67506408691406,138.49234008789062,-7.9267578125,-166.60275268554688,137.64935302734375,-0.972990940158617,0.1466079173198864,0.17831082117576552,-0.745621023131879,0.489355207550508,-0.45230605866710377,6.3303364636014345,0.9512252601944367,0.8712318156224106,0.7165747833640322,0.13316623301050975,0.9765105947438315,0.1693924813527418
975,train,975:33,1,positive_gap,10,10,R-PDA,R-PDA,25.8662109375,-198.62281799316406,55.99268341064453,29.5705509185791,-199.85479736328125,55.950008392333984,0.9816224103587484,0.04192466862962146,-0.18617133410323233,0.6938165143062298,-0.7201517529194057,0.0003118381959543364,3.904065703981334,0.9202093283400813,0.8855719423987833,0.6508156601828341,0.010930917035291502,0.9488416081987161,0.3155631752971845
975,train,975:33,0,wrong_branch,4,2,D1,LAD,9.794246673583984,-180.4312286376953,144.058349609375,4.0244140625,-178.80609130859375,141.99267578125,0.7935160186411446,0.3078599556140641,0.5249329251335002,-0.7741182069268001,0.6157002815089823,-0.1471535424452826,6.340271923393206,0.8142363865642749,0.9102292894143261,0.501971475660813,0.32580208752615875,0.9100292039203373,0.25631981541760385
975,train,975:34,1,positive_gap,6,6,OM1,OM1,19.2724609375,-172.52178955078125,139.78839111328125,15.1513671875,-171.8310546875,139.94436645507812,-0.9587087325087019,0.28317901783131555,0.02621469190453482,-0.9986836670970596,0.0007210578905654866,-0.051287553549452816,4.1814897650107765,0.9926172882303057,0.982465034162015,0.956306453710178,0.03730138074282074,0.9855563403464122,0.16518870118039614
975,train,975:34,0,wrong_branch,3,7,LCX,OM2,4.8486328125,-167.705322265625,136.49269104003906,11.0302734375,-166.60247802734375,134.95562744140625,0.9791095268734193,0.041454818719629555,-0.19906288551769644,0.9463156433870265,0.31956723287586547,-0.04861570479855966,6.464635390863323,0.9906504177851252,0.9709660572341068,0.9494718460558673,0.23776493269909604,0.9562241721685821,0.17059651033682968
976,train,976:0,1,positive_gap,11,11,R-PLA,R-PLA,60.45572280883789,-113.59552001953125,-12.446624755859375,56.7041015625,-112.52295684814453,-12.221304893493652,-0.6478628208881437,0.5679282978289979,0.5076723488982969,-0.927621236529638,0.05095705051561248,-0.3700300265410561,3.9084297067960057,0.806989967887213,0.8830561989055821,0.44205724923856027,0.05764971593935407,0.9598794216036545,0.2744230424617176
976,train,976:0,0,wrong_branch,10,9,R-PDA,RCA,9.193596839904785,-125.74246978759766,-26.368000030517578,5.893467903137207,-126.5887680053711,-25.550003051757812,-0.879534434108798,0.22827533321653862,0.41750395382773914,0.6848289467902198,0.7287038586683883,0.0,3.5037395351192,0.8707567932759306,0.8210440793557116,0.4359855240227563,0.23346398057295567,0.9418876328246544,0.24154141861593767
976,train,976:1,1,positive_gap,11,11,R-PLA,R-PLA,42.6904296875,-110.39419555664062,-3.5595571994781494,39.65254592895508,-111.62925720214844,-1.8799134492874146,-0.8613089947761567,0.133589409602726,0.4902047380020733,-0.7351976951940514,-0.5879685172712188,0.3373090151170574,3.684469856870902,0.8888483016531291,0.9570390363069697,0.7200364981032779,0.4558712149750631,0.8245104116891584,0.3352074229090612
976,train,976:1,0,wrong_branch,5,2,D2,LAD,57.72875213623047,-158.70387268066406,43.4404411315918,54.3115234375,-157.9429168701172,44.96177673339844,-0.9900334503201419,0.10488811331838042,0.0939800560316171,-0.645662158279134,0.4989227240884546,0.5780973038810044,3.8171936993498976,0.9446628668958731,0.9078694154707183,0.745887814534009,0.3985481800584911,0.8952201454467593,0.19934954065246221
976,train,976:2,1,positive_gap,11,11,R-PLA,R-PLA,56.7041015625,-112.52295684814453,-12.221304893493652,52.9443359375,-111.88418579101562,-12.377554893493652,-0.927621236529638,0.05095705051561248,-0.3700300265410561,-0.9124524104830353,0.15624729167456708,0.37817639065396624,3.816841636858572,0.9374257198006392,0.9094753527359776,0.7144355145506227,0.040936987925074254,0.9850462719470993,0.1673559235364669
976,train,976:2,0,wrong_branch,1,2,LM,LAD,34.1455078125,-145.6845703125,52.95107650756836,37.9052734375,-146.58633422851562,52.93929672241211,-0.9999036299541727,-6.695783236300264e-05,-0.01388259057659588,0.8321092188631682,-0.5505662711142332,-0.0668657535237335,3.8664136455503315,0.9722651859686955,0.9377693207701705,0.8310638938557615,0.0030466955261775432,0.972416810427651,0.2332300676244047
976,train,976:3,1,positive_gap,6,6,OM1,OM1,69.35794830322266,-124.49320983886719,32.78946304321289,72.0849609375,-123.25048065185547,30.57598876953125,0.5588889759304798,0.5912863258274691,-0.5813979647993548,0.785149217876201,-0.2571801829849176,-0.5633818058370668,3.7256465344970033,0.9517315930348759,0.8236255431890928,0.614293152177315,0.5941181626293166,0.7319568856108664,0.3335606787989346
976,train,976:3,0,wrong_branch,3,1,LCX,LM,37.56352233886719,-144.01461791992188,51.39506530761719,34.1455078125,-145.6845703125,52.95107650756836,0.5629682954931358,0.46640848979458466,-0.6822974563319786,-0.9999036299541727,-6.695783236300264e-05,-0.01388259057659588,4.110077268167595,0.9159867378260123,0.8263094001723265,0.5534732156764626,0.3785844154323872,0.8316180702585789,0.4063068121642987
976,train,976:4,1,positive_gap,9,9,RCA,RCA,1.6748046875,-130.2654266357422,-24.99513816833496,4.750192642211914,-127.68565368652344,-25.540449142456055,0.7522465550629108,0.6313833697204368,-0.18836178178295426,0.8087345589563639,0.585784072608488,-0.05296634240599805,4.051000320909002,0.998516701674555,0.9941360736899666,0.9881989422574754,0.1346114369101634,0.7591675416164444,0.6368236842400141
976,train,976:4,0,wrong_branch,9,11,RCA,R-PLA,5.893467903137207,-126.5887680053711,-25.550003051757812,8.628626823425293,-123.506103515625,-25.221303939819336,0.6848289467902198,0.7287038586683883,0.0,-0.6102109494526361,-0.715686489645914,-0.33975792221289186,4.134242104879947,0.9964258035300487,0.9643662067286088,0.9394136284353198,0.07950649807143348,0.6615865377258818,0.7456419850466426
976,train,976:5,1,positive_gap,10,10,R-PDA,R-PDA,35.50455093383789,-123.1259765625,-27.005840301513672,32.0947265625,-120.7651138305664,-26.550003051757812,-0.6632364648354971,0.7105473353040116,0.2350316489430323,-0.9751225917379591,0.2216662605861468,0.0,4.172333002130556,0.9697597874723031,0.9223425814598386,0.804241231311803,0.10925236540877516,0.8172464588988225,0.5658375615580168
976,train,976:5,0,wrong_branch,3,6,LCX,OM1,57.16952896118164,-131.3291015625,40.62015151977539,60.80561828613281,-128.48341369628906,40.44770431518555,0.521567764918604,0.7881683473745739,-0.3267380032910845,0.838747069784694,0.5445212143962708,0.0,4.620478660192565,0.9080646073237105,0.9954156306585845,0.866637820180736,0.03732236793463662,0.7869507885141132,0.6158859450488923
976,train,976:6,1,positive_gap,5,5,D2,D2,62.1728515625,-160.26547241210938,41.60945129394531,58.7548828125,-158.79727172851562,43.12123489379883,-0.6597189199818572,0.3995717226515114,0.6364851805621836,-0.9240408143388844,0.09558047173317835,0.3701525994224468,4.015421930017787,0.9472922279254182,0.9608615576556948,0.8833951058760324,0.3764943326508203,0.8512103608461539,0.3656404505384684
976,train,976:6,0,wrong_branch,2,4,LAD,D1,43.03300857543945,-150.4696807861328,50.78717041015625,46.7919921875,-148.7606964111328,48.44993209838867,-0.7657616984318434,0.5245018873214511,0.37216500562386895,-0.8585731286988184,0.27675568195400974,0.43157673151189824,4.744814887403728,0.6010684341075356,0.7930949773677399,0.9632390514824187,0.49258788113575286,0.792229771079097,0.36017935695171527
976,train,976:7,1,positive_gap,11,11,R-PLA,R-PLA,39.65254592895508,-111.62925720214844,-1.8799134492874146,36.5380859375,-113.8974609375,-2.9359242916107178,-0.7351976951940514,-0.5879685172712188,0.3373090151170574,-0.6640206018294335,-0.5182473290840657,-0.5389771296106256,3.994967850000988,0.8178224056190441,0.9543811017643887,0.6110976849281152,0.26433525424317045,0.7795957585626897,0.5677652037552696
976,train,976:7,0,wrong_branch,10,9,R-PDA,RCA,9.193596839904785,-125.74246978759766,-26.368000030517578,4.750192642211914,-127.68565368652344,-25.540449142456055,-0.879534434108798,0.22827533321653862,0.41750395382773914,0.8087345589563639,0.585784072608488,-0.05296634240599805,4.919821643256028,0.7744288489580169,0.9706963793022434,0.5997034956625682,0.16820749776486515,0.9031636754116447,0.39497039523565874
976,train,976:8,1,positive_gap,11,11,R-PLA,R-PLA,38.24628829956055,-112.97454071044922,-2.004824161529541,35.5126953125,-114.47189331054688,-4.059622764587402,-0.8189411699764514,-0.5111418998231985,-0.26090097424642245,-0.5724199211698843,-0.2479868758934308,-0.7815612216790695,3.733201404566107,0.9482773806068852,0.9487936487302625,0.7994448070053745,0.5504119334533147,0.7322382831306847,0.40109076308238634
976,train,976:8,0,wrong_branch,3,1,LCX,LM,38.2470703125,-143.55580139160156,50.50600814819336,34.1455078125,-145.6845703125,52.95107650756836,0.6041237015937694,0.33520774496022143,-0.7229594185646421,-0.9999036299541727,-6.695783236300264e-05,-0.01388259057659588,5.228081038201886,0.9485538025409271,0.7779844760058214,0.5940513773375286,0.467679888951366,0.7845254253003443,0.40717978649209946
976,train,976:9,1,positive_gap,10,10,R-PDA,R-PDA,26.6259765625,-120.38507080078125,-26.05955696105957,22.5244140625,-121.0679702758789,-26.33447265625,-0.9957883471512596,-0.06522635948025383,-0.0644289508428866,-0.9737962445745937,-0.05349358388165346,0.2210414226698575,4.167102743388617,0.99506635051279,0.9526640900949988,0.9589426776237523,0.0659728622306233,0.9842719876555477,0.16387872273634752
976,train,976:9,0,wrong_branch,10,9,R-PDA,RCA,10.9033203125,-125.43895721435547,-26.606014251708984,5.893467903137207,-126.5887680053711,-25.550003051757812,-0.8936047048091104,-0.39668668676096386,0.21002453211382646,0.6848289467902198,0.7287038586683883,0.0,5.247460878668508,0.9823285382892666,0.8134912499458522,0.9010334881663009,0.20124231973676465,0.9547193443077168,0.21911755372769512
976,train,976:10,1,positive_gap,6,6,OM1,OM1,63.1982421875,-127.56275939941406,39.77869415283203,66.61542510986328,-126.46513366699219,37.766849517822266,0.9169119939951921,0.0611649887065766,-0.39437449134583386,0.6821179436053856,0.2987800786518835,-0.6674170926881736,4.11454009687395,0.9706582955288765,0.9725534066050276,0.9069292803920203,0.4889597835097727,0.8305139436992022,0.2667675381887282
976,train,976:10,0,wrong_branch,5,2,D2,LAD,59.0966796875,-158.8592529296875,43.004859924316406,54.3115234375,-157.9429168701172,44.96177673339844,-0.9241918759515563,0.3037661913702381,0.23150697053342303,-0.645662158279134,0.4989227240884546,0.5780973038810044,5.250420507792753,0.9815964874902638,0.8909883540576754,0.8821051324703684,0.37271620552630896,0.9113853343551815,0.1745262228444889
976,train,976:11,1,positive_gap,3,3,LCX,LCX,51.9189453125,-136.7970733642578,42.77761459350586,54.99433517456055,-134.1017608642578,41.504859924316406,0.7166623776596758,0.6304069414913506,-0.2982987170047855,0.7486967705880319,0.6352102622302602,-0.1896340382642738,4.28283045710014,0.999997793058588,0.9937311944076325,0.9935713566869061,0.29717605726826324,0.718074155133113,0.6293297217805274
976,train,976:11,0,wrong_branch,9,11,RCA,R-PLA,5.893467903137207,-126.5887680053711,-25.550003051757812,9.536916732788086,-122.74671936035156,-25.040449142456055,0.6848289467902198,0.7287038586683883,0.0,-0.7649361294477441,-0.6398231654584549,-0.07415547726383176,5.319370484508997,0.9953912616033918,0.9931670674597489,0.9900920134264846,0.09579214510169469,0.6849398514845477,0.7222750617217388
976,train,976:12,1,positive_gap,10,10,R-PDA,R-PDA,36.227264404296875,-124.4931640625,-27.834537506103516,33.8037109375,-121.54145050048828,-26.551149368286133,-0.18967601660608563,0.7930827891131305,0.5788287297093898,-0.8302290501693371,0.5572727180277263,0.012916733213572052,4.029058136944344,0.8794872144142236,0.9117741639952269,0.6069145168948652,0.3185330402779222,0.6015186141332051,0.7326063466163613
976,train,976:12,0,wrong_branch,2,4,LAD,D1,45.4248046875,-151.96128845214844,49.769142150878906,43.0322265625,-147.2550811767578,50.7333869934082,-0.7680284400334911,0.5155219468805159,0.3799597841670152,-0.8003430135875729,0.17244890870894733,0.5742059164504101,5.366803994884899,0.8627286274473899,0.6111903084626982,0.9217625494543445,0.17966835447098845,0.445810602973458,0.8769105933207383
976,train,976:13,1,positive_gap,11,11,R-PLA,R-PLA,51.2353515625,-111.53581237792969,-11.59531307220459,48.16649627685547,-110.48680877685547,-9.377620697021484,-0.9331553943955393,0.20213853850248908,0.29725581771023973,-0.6696569225732077,0.04049540763895655,0.7415657273700934,3.928923617257065,0.950638201066837,0.9524554403899983,0.8535143788849918,0.5644529115919447,0.7810931401580719,0.2669951628651333
976,train,976:13,0,wrong_branch,5,2,D2,LAD,57.72875213623047,-158.70387268066406,43.4404411315918,53.2861328125,-157.00289916992188,45.93929672241211,-0.9900334503201419,0.10488811331838042,0.0939800560316171,-0.6310276160442725,0.5221612668387774,0.5737174907590017,5.3734957526366305,0.8954312890183997,0.9537990461598328,0.7334249600141094,0.46503351000029935,0.8267652061603649,0.31654877737784853
976,train,976:14,1,positive_gap,10,10,R-PDA,R-PDA,38.93070983886719,-128.9365234375,-30.66637420654297,36.91164016723633,-125.8603515625,-28.87870216369629,-0.6337488111407106,0.6482374543801718,0.42207895839102283,-0.502618253744986,0.6515044779750991,0.568257693463744,4.090873632393964,0.9846824774502717,0.9862977394157819,0.980712940443228,0.4369902870357158,0.49355464212892525,0.751959642713245
976,train,976:14,0,wrong_branch,2,4,LAD,D1,46.4501953125,-152.82479858398438,49.131935119628906,44.3994140625,-147.82073974609375,49.78939437866211,-0.7220930258900986,0.5983540044669226,0.3472090829734723,-0.8142532649379634,0.4053272781558375,0.41557360132790844,5.447803343156884,0.8633441797821925,0.7289836542964155,0.974786732949216,0.12068336862031803,0.37644186488046333,0.918546159375658
976,train,976:15,1,positive_gap,4,4,D1,D1,50.5517578125,-149.5209503173828,46.43821716308594,47.1337890625,-148.8705291748047,48.27761459350586,-0.9731550391132402,0.20968449983393098,0.0948771857608673,-0.833341289923994,0.27301227929050137,0.48063144910047145,3.9355991850955307,0.9241575234655706,0.9934903211030086,0.913817678101033,0.46737417707216883,0.8684748088535428,0.16526610358121036
976,train,976:15,0,wrong_branch,2,4,LAD,D1,37.9052734375,-146.58633422851562,52.93929672241211,43.0322265625,-147.2550811767578,50.7333869934082,0.8321092188631682,-0.5505662711142332,-0.0668657535237335,-0.8003430135875729,0.17244890870894733,0.5742059164504101,5.621290648885235,0.8506719521411038,0.9758065462508839,0.7993120637657959,0.3924205074579025,0.9120597822168708,0.11896679784291309
976,train,976:16,1,positive_gap,10,10,R-PDA,R-PDA,36.91164016723633,-125.8603515625,-28.87870216369629,35.50455093383789,-123.1259765625,-27.005840301513672,-0.502618253744986,0.6515044779750991,0.568257693463744,-0.6632364648354971,0.7105473353040116,0.2350316489430323,3.600599714795987,0.9867674092449555,0.9210458904728264,0.9298380672588011,0.520152755244201,0.3907930191785188,0.7594221009249099
976,train,976:16,0,wrong_branch,2,4,LAD,D1,47.4755859375,-153.57687377929688,48.893985748291016,45.4248046875,-148.3018035888672,49.27869415283203,-0.7700925245999319,0.6041100822441966,0.20495978163096626,-0.8275074679019817,0.31746363506319997,0.4630855547076698,5.6727479942119725,0.8540594703534753,0.625769497572472,0.9239542119388445,0.06781693897446915,0.36151460493088294,0.929896797074708
976,train,976:17,1,positive_gap,9,9,RCA,RCA,-2.761239767074585,-134.0634765625,-23.211750030517578,0.3076171875,-131.33636474609375,-24.55955696105957,0.6470533935811505,0.6830555765569257,-0.3387580038753365,0.7254138752742116,0.6847874598040555,-0.06957617735086782,4.321065307171418,0.9962968204202015,0.9690801563501168,0.9606988898791002,0.3119154270371976,0.7102084176976875,0.6311202498791728
976,train,976:17,0,wrong_branch,9,11,RCA,R-PLA,4.750192642211914,-127.68565368652344,-25.540449142456055,8.628626823425293,-123.506103515625,-25.221303939819336,0.8087345589563639,0.585784072608488,-0.05296634240599805,-0.6102109494526361,-0.715686489645914,-0.33975792221289186,5.710756954154807,0.9750080012833009,0.957201076675507,0.8947406952484993,0.05588492124577771,0.6791453764096301,0.7318732357989155
976,train,976:18,1,positive_gap,10,10,R-PDA,R-PDA,43.03300857543945,-132.8819122314453,-32.55000305175781,40.07315444946289,-130.265380859375,-31.388256072998047,-0.8631941374846521,0.4850604393229377,0.140043747507578,-0.5985609119921471,0.6898509346154066,0.40722293973372775,4.11784274963798,0.9681768414063471,0.9834663107897578,0.9083226941223402,0.28212514401184957,0.7187875559931904,0.6354131352636875
976,train,976:18,0,wrong_branch,3,6,LCX,OM1,56.58700180053711,-132.3544464111328,40.94999694824219,60.80561828613281,-128.48341369628906,40.44770431518555,0.5210427108021328,0.8427190597603579,-0.1354218587842574,0.838747069784694,0.5445212143962708,0.0,5.747514003563053,0.9618582604303495,0.982374579199452,0.8959014527335563,0.08739302466166322,0.7339897707044226,0.6735142728567487
976,train,976:19,1,positive_gap,2,2,LAD,LAD,65.59974670410156,-183.72561645507812,1.790542483329773,69.00060272216797,-182.52713012695312,-0.4454784691333771,0.6770530216126509,0.19229947075040274,-0.7103661868883501,0.7439026940651748,0.30197501071491295,-0.5961710112596076,4.2428741242435235,0.971374989410035,0.9957565613440109,0.9852309295448022,0.5270061960326994,0.8015453483840406,0.2824703946027817
976,train,976:19,0,wrong_branch,2,4,LAD,D1,43.03300857543945,-150.4696807861328,50.78717041015625,47.8173828125,-149.064208984375,47.77761459350586,-0.7657616984318434,0.5245018873214511,0.37216500562386895,-0.7430517303761655,0.12019856897401944,0.6583512968025386,5.824346662014483,0.6947679321572916,0.9215534621260532,0.8770602454327815,0.516719898607386,0.8214439343494988,0.241309778300816
976,train,976:20,1,positive_gap,10,10,R-PDA,R-PDA,15.3466796875,-123.66145324707031,-27.050003051757812,11.5869140625,-125.1767578125,-26.87870216369629,-0.89821596415036,-0.4395544127243397,0.0,-0.8851079843964186,-0.3031889984050768,0.3530726372913024,4.057256397517214,0.9965207810551143,0.9483511829054571,0.9282861837202352,0.042220868310503826,0.9266768615611133,0.3734801099474411
976,train,976:20,0,wrong_branch,3,6,LCX,OM1,57.16952896118164,-131.3291015625,40.62015151977539,61.8310546875,-127.83968353271484,40.278629302978516,0.521567764918604,0.7881683473745739,-0.3267380032910845,0.8451685885610881,0.4136043780270825,-0.33855793505172516,5.832880738390206,0.9074656110109043,0.9426969272390869,0.8774223145088654,0.05855120859047949,0.7991807025365095,0.5982323634390281
976,train,976:21,1,positive_gap,10,10,R-PDA,R-PDA,20.8154296875,-121.33818054199219,-26.504758834838867,17.0556640625,-122.85646057128906,-27.050003051757812,-0.8818067491048356,-0.3820801721037615,-0.2764626544731162,-0.8940437011302536,-0.4479797545306235,0.0,4.091247127512211,0.988996981973748,0.9878536699512539,0.9595379513613855,0.13327090736034206,0.9189778832270695,0.3711044534775157
976,train,976:21,0,wrong_branch,10,9,R-PDA,RCA,11.9287109375,-125.05965423583984,-26.99399185180664,5.893467903137207,-126.5887680053711,-25.550003051757812,-0.9116575269979799,-0.3507236044154059,0.2141810140367101,0.6848289467902198,0.7287038586683883,0.0,6.391201065422769,0.9931851545312662,0.8210319439698242,0.8799031079109945,0.22593387146916652,0.9443049862746838,0.23925295947954991
977,train,977:0,1,positive_gap,11,11,R-PLA,R-PLA,24.1474609375,-155.5562744140625,-1149.5582275390625,21.017452239990234,-156.19467163085938,-1147.550048828125,-0.9964124338636159,0.008941623403548074,0.0841564555628054,-0.46848879720889625,-0.3587012806374732,0.8073732954208965,3.7732329888258125,0.8698303256052177,0.8790121846798531,0.531546365757608,0.5322169918699938,0.8295296650853753,0.1691910408626892
977,train,977:0,0,wrong_branch,4,2,D1,LAD,52.69892883300781,-176.28041076660156,-1077.3804931640625,49.8017578125,-177.14454650878906,-1075.6021728515625,-0.7758855896157848,-0.5392588051680055,0.3274163906638472,-0.8767907057818801,0.42980481090262146,0.21565222646537732,3.5075281377126997,0.9397265373363076,0.7276639157627333,0.5191213185703224,0.507001011162141,0.825986537173467,0.2463660185349256
977,train,977:1,1,positive_gap,11,11,R-PLA,R-PLA,31.7353515625,-159.85397338867188,-1153.1021728515625,28.4833984375,-158.08493041992188,-1151.7196044921875,-0.9647793681152639,0.15414876432703128,0.21316409011735898,-0.6077922282330029,0.6072532233008706,0.5116953489042714,3.9517347356352195,0.9375191511957303,0.9510311119894764,0.7890678093719043,0.3498636552973892,0.8229178683668064,0.4476623779418828
977,train,977:1,0,wrong_branch,1,3,LM,LCX,31.012723922729492,-172.13912963867188,-1072.0931396484375,33.78855895996094,-170.02117919921875,-1074.0418701171875,0.9310103108099784,0.2439002809583236,-0.2715372057637002,-0.3744469401850827,-0.5620164795384235,0.7375140444176408,3.998565324930428,0.9078387569778216,0.9170644412367231,0.6859524422588403,0.4873574170715609,0.6942077499458491,0.5296775886711256
977,train,977:2,1,positive_gap,11,11,R-PLA,R-PLA,7.888301849365234,-172.21438598632812,-1147.4326171875,5.35836935043335,-174.61524963378906,-1148.7178955078125,-0.6881738839956322,-0.5835168950845212,-0.4311899100596929,-0.839264821440032,-0.42826755233356656,-0.3349947210202677,3.717074799289959,0.9943778960723912,0.9636762751685468,0.9719078279016192,0.34577682444217045,0.6806245866817521,0.6459013544520422
977,train,977:2,0,wrong_branch,6,3,OM1,LCX,52.3310546875,-148.65280151367188,-1094.2708740234375,49.356143951416016,-151.21975708007812,-1093.0078125,0.6989917558536396,0.5748180651995437,-0.4254347390245641,-0.47199619916732455,-0.8430517482687804,0.2578436303509402,4.127308951309563,0.9915227594859762,0.9434465296340334,0.9242184644026639,0.30602543651032965,0.7207870239857058,0.6219441279266906
977,train,977:3,1,positive_gap,11,11,R-PLA,R-PLA,27.3994140625,-157.00161743164062,-1151.0509033203125,24.1474609375,-155.5562744140625,-1149.5582275390625,-0.6758783844662174,0.6692423319160318,0.3087120188507858,-0.9964124338636159,0.008941623403548074,0.0841564555628054,3.8590538417582883,0.9396128322103577,0.8755587982568105,0.7054178482556179,0.3867983817945118,0.8426814598467284,0.37453300131194545
977,train,977:3,0,wrong_branch,9,10,RCA,R-PDA,-2.5908203125,-181.81069946289062,-1149.71875,1.3837890625,-180.4807586669922,-1151.38134765625,0.7738983616251872,0.5578081603132895,-0.29988561512976003,0.8828545274484773,-0.04593414521953912,-0.4673948412923234,4.5089348155635225,0.957295860223404,0.9370287946940846,0.7977822207947058,0.3687340190661439,0.8814963040230284,0.2949567581478161
977,train,977:4,1,positive_gap,11,11,R-PLA,R-PLA,35.7099609375,-160.01351928710938,-1153.71875,31.7353515625,-159.85397338867188,-1153.1021728515625,-0.9030482459443703,-0.2520755450038973,-0.3477956082353318,-0.9647793681152639,0.15414876432703128,0.21316409011735898,4.02531265338749,0.8284085903078803,0.9913880920257483,0.7582476479440953,0.15317497087303797,0.9874038906406882,0.03963565371828561
977,train,977:4,0,wrong_branch,4,2,D1,LAD,52.69892883300781,-176.28041076660156,-1077.3804931640625,48.3564453125,-176.5067901611328,-1075.2178955078125,-0.7758855896157848,-0.5392588051680055,0.3274163906638472,-0.8759798744249084,0.33258011237403456,0.3493561627562853,4.856463670096612,0.8647068469678352,0.9233376398753808,0.6146983412041028,0.44530296181686013,0.894165758357547,0.04661404056724809
977,train,977:5,1,positive_gap,11,11,R-PLA,R-PLA,25.9541015625,-155.9241485595703,-1150.38134765625,22.340848922729492,-155.59390258789062,-1148.9234619140625,-0.8380720298494654,0.3188602176067888,0.44267757387487805,-0.8143200603180294,-0.1374975255190126,0.5638947329420531,3.910254196071248,0.9663928252286043,0.9510967851223305,0.8882399272900929,0.3728365648586945,0.9240454606252589,0.08445639467927578
977,train,977:5,0,wrong_branch,4,2,D1,LAD,54.1376953125,-175.7971954345703,-1077.71875,49.8017578125,-177.14454650878906,-1075.6021728515625,-0.9316880723491544,-0.0401908516007036,0.36102912803529735,-0.8767907057818801,0.42980481090262146,0.21565222646537732,5.0095516512351175,0.9697551355521908,0.7344082979594178,0.8774779564309844,0.42250829930372164,0.865534044135659,0.26895641926090474
977,train,977:6,1,positive_gap,2,2,LAD,LAD,39.6845703125,-173.5909881591797,-1072.88134765625,36.0712890625,-172.80857849121094,-1072.4898681640625,-0.9147791045849593,0.19371451942319587,0.35447690302667173,-0.8907488883092954,0.43734341004763616,-0.12368168685645961,3.7176904756765206,0.9671834599533224,0.9447502818876846,0.8557159376399123,0.10530179818594532,0.9719155679151796,0.2104558389375792
977,train,977:6,0,wrong_branch,1,2,LM,LAD,31.012723922729492,-172.13912963867188,-1072.0931396484375,36.0712890625,-172.80857849121094,-1072.4898681640625,0.9310103108099784,0.2439002809583236,-0.2715372057637002,-0.8907488883092954,0.43734341004763616,-0.12368168685645961,5.118069612126949,0.9093319249431325,0.9280104857155812,0.6890440391194461,0.07751526370117677,0.9883736492728724,0.13080104478314342
977,train,977:7,1,positive_gap,2,2,LAD,LAD,59.881317138671875,-184.4619140625,-1080.7105712890625,57.0283203125,-181.5718994140625,-1079.1666259765625,-0.6051976152763068,0.7202045131129886,0.33917739570253586,-0.6479464956407188,0.6421319419952943,0.4096729279025694,4.344599254974024,0.9970309260627566,0.9982215519455158,0.993553793403248,0.35537116817676,0.6566766366093604,0.6651970593441487
977,train,977:7,0,wrong_branch,6,3,OM1,LCX,52.3310546875,-148.65280151367188,-1094.2708740234375,48.717803955078125,-152.3037109375,-1092.550048828125,0.6989917558536396,0.5748180651995437,-0.4254347390245641,-0.5176972721890694,-0.7822213902350296,0.3465822139504193,5.417191138326811,0.9887670281738925,0.982575058390144,0.9589492251232264,0.31766004768367934,0.6669970913261678,0.67394879202209
977,train,977:8,1,positive_gap,4,4,D1,D1,75.45602416992188,-182.2939453125,-1092.6756591796875,72.5654296875,-180.1265869140625,-1090.0418701171875,-0.6326309402491004,0.6331389701673055,0.44599679135059145,-0.5759302819689087,0.3277914009812486,0.748903937600787,4.4709980669678195,0.9786584505504703,0.9724176293003827,0.9058975790466608,0.5890830242040802,0.6465210763068487,0.48475941299330016
977,train,977:8,0,wrong_branch,1,3,LM,LCX,29.5673828125,-172.5380859375,-1071.60205078125,33.78855895996094,-170.02117919921875,-1074.0418701171875,0.9319483262011053,0.2976882237916031,-0.20701217043149553,-0.3744469401850827,-0.5620164795384235,0.7375140444176408,5.486881262530949,0.9455724644922004,0.8738207286553162,0.6689452697506226,0.4446641396449825,0.7693215773205604,0.45871354196578135
977,train,977:9,1,positive_gap,11,11,R-PLA,R-PLA,14.7529296875,-166.31060791015625,-1143.0086669921875,11.8623046875,-168.56289672851562,-1145.2105712890625,-0.8479694459156463,-0.4681736712796098,-0.24851807240939972,-0.5961389706700859,-0.5903092031108428,-0.544199754107857,4.275149160500515,0.9479989735581764,0.9943598800807966,0.9171183333549345,0.5150473619070665,0.6761459989998522,0.5268328036759511
977,train,977:9,0,wrong_branch,1,3,LM,LCX,31.012723922729492,-172.13912963867188,-1072.0931396484375,34.63249206542969,-169.16424560546875,-1075.21875,0.9310103108099784,0.2439002809583236,-0.2715372057637002,-0.6109988435427919,-0.4636774344894672,0.6416257865256326,5.632237254209802,0.8778635901010361,0.9936607236339338,0.8561625529964345,0.5549500510168087,0.6426874400567214,0.5281886928643774
977,train,977:10,1,positive_gap,2,2,LAD,LAD,43.6591796875,-174.5906524658203,-1073.998779296875,39.6845703125,-173.5909881591797,-1072.88134765625,-0.9269912745053606,0.3063612210421855,0.21640235496054194,-0.9147791045849593,0.19371451942319587,0.35447690302667173,4.24799975062135,0.996351618364974,0.9947370647979861,0.9840485013482658,0.2630488950620947,0.9356425631660262,0.23532588637614804
977,train,977:10,0,wrong_branch,9,10,RCA,R-PDA,-2.5908203125,-181.81069946289062,-1149.71875,2.4677734375,-180.4807586669922,-1151.88134765625,0.7738983616251872,0.5578081603132895,-0.29988561512976003,0.9237549313752194,0.048060222781008036,-0.3799566314018005,5.659941861092923,0.9373278564625385,0.9820792563398585,0.8556443405187508,0.38208831633341317,0.8937536593393904,0.234974285697279
977,train,977:11,1,positive_gap,9,9,RCA,RCA,11.011216163635254,-199.2757568359375,-1079.5509033203125,8.286652565002441,-201.8056640625,-1081.550048828125,-0.5232995960712262,-0.774607676091902,-0.355162611899387,-0.5269021249325377,-0.6259721862709616,-0.5749199707409103,4.2214049959006585,0.9701675940188791,0.9874860593129375,0.9648006080932454,0.47357349265323734,0.6454163012737689,0.5993045512144071
977,train,977:11,0,wrong_branch,6,3,OM1,LCX,53.414432525634766,-147.72833251953125,-1095.050048828125,49.356143951416016,-151.21975708007812,-1093.0078125,0.7300743851261743,0.5303636142593382,-0.43093599159551577,-0.47199619916732455,-0.8430517482687804,0.2578436303509402,5.729788899561473,0.9938673695119141,0.9399169995885074,0.90283040763033,0.35642435767246183,0.7082788991631697,0.6093461071164575
977,train,977:12,1,positive_gap,11,11,R-PLA,R-PLA,18.35911750793457,-161.6982421875,-1143.050048828125,16.191696166992188,-165.3049774169922,-1142.7216796875,-0.32850906744760616,-0.8635342940614633,0.3826098738721653,-0.7061028740902158,-0.7061343319390125,-0.05284918597841765,4.2206730005234165,0.9363896228713025,0.9619100953038318,0.8215117881515205,0.0778001850852407,0.5135250564717038,0.8545403136051779
977,train,977:12,0,wrong_branch,9,11,RCA,R-PLA,-2.5908203125,-181.81069946289062,-1149.71875,1.390305757522583,-177.6031951904297,-1149.7178955078125,0.7738983616251872,0.5578081603132895,-0.29988561512976003,-0.6779366176916868,-0.6779415682764798,-0.28424843428870966,5.792448335405971,0.9370322524335228,0.9584265157187251,0.817573360151186,0.0001475183097062724,0.6872959134893278,0.7263775227381548
977,train,977:13,1,positive_gap,11,11,R-PLA,R-PLA,16.191696166992188,-165.3049774169922,-1142.7216796875,13.3076171875,-167.24069213867188,-1143.890380859375,-0.7061028740902158,-0.7061343319390125,-0.05284918597841765,-0.656883902122582,-0.4675443297434569,-0.5915283922661292,3.664800877649175,0.9455073002898718,0.9525367238175354,0.8252385081820074,0.3188989554664906,0.7869674440108217,0.5281909676144184
977,train,977:13,0,wrong_branch,9,10,RCA,R-PDA,-3.6747756004333496,-182.6617889404297,-1149.498779296875,1.3837890625,-180.4807586669922,-1151.38134765625,0.7149652152275612,0.6789111845570391,-0.16704593529315495,0.8828545274484773,-0.04593414521953912,-0.4673948412923234,5.821514676649774,0.9296376136477401,0.901087772628304,0.6781014807040868,0.3233811926861619,0.8689430404123802,0.37464996561559166
977,train,977:14,1,positive_gap,10,10,R-PDA,R-PDA,3.9130859375,-180.04168701171875,-1152.390380859375,7.5263671875,-179.7705535888672,-1154.3895263671875,0.843978219856744,0.37043444375342355,-0.38791634057942576,0.9044436693243719,-0.03825170332890027,-0.42487463587687135,4.13834477611468,0.9485601751277025,0.9924316311677924,0.9139768235061948,0.4830785292107572,0.8731223340439893,0.06551735960146811
977,train,977:14,0,wrong_branch,4,2,D1,LAD,52.69892883300781,-176.28041076660156,-1077.3804931640625,47.2724609375,-175.9430694580078,-1074.8822021484375,-0.7758855896157848,-0.5392588051680055,0.3274163906638472,-0.8448674189903262,0.41552991534082917,0.33694796895881085,5.983461454560673,0.8099635028317939,0.9303336298510654,0.5417645777102255,0.41753273328447194,0.9069111477891593,0.056378955752547553
977,train,977:15,1,positive_gap,10,10,R-PDA,R-PDA,2.1064453125,-180.48666381835938,-1151.709716796875,5.7197265625,-179.76467895507812,-1153.4244384765625,0.9085935643824782,0.007424529337331483,-0.4176153866021492,0.8271601195268311,0.0006986149658165803,-0.5619658785028572,4.064152306840767,0.9853121494216415,0.9726214267424583,0.9862431458114165,0.4219137350736798,0.8890614763423451,0.1776470980346892
977,train,977:15,0,wrong_branch,4,2,D1,LAD,54.1376953125,-175.7971954345703,-1077.71875,48.3564453125,-176.5067901611328,-1075.2178955078125,-0.9316880723491544,-0.0401908516007036,0.36102912803529735,-0.8759798744249084,0.33258011237403456,0.3493561627562853,6.338820823273025,0.9966715225775925,0.8995285784363105,0.9289010734914862,0.3945299231373752,0.9120387152724211,0.11194427896703091
977,train,977:16,1,positive_gap,11,11,R-PLA,R-PLA,33.9033203125,-160.1309814453125,-1153.7186279296875,29.9287109375,-159.3641815185547,-1152.8714599609375,-0.9028684619393623,0.2513390583236603,0.3487939480498854,-0.822069341169155,0.41841177088011994,0.3861781820593615,4.135600969483114,0.985772881691056,0.9467548829152733,0.9820803149246565,0.20484760860665985,0.9610717775551649,0.1854143889645259
977,train,977:16,0,wrong_branch,4,2,D1,LAD,55.5830078125,-176.02354431152344,-1078.1094970703125,49.8017578125,-177.14454650878906,-1075.6021728515625,-0.9360290127559395,0.22181278737668728,0.273219279399031,-0.8767907057818801,0.42980481090262146,0.21565222646537732,6.400482187046899,0.9136521676547492,0.8011652920471983,0.9749580877764842,0.3917398948198382,0.9032522599156542,0.17514339771685875
979,train,979:0,1,positive_gap,10,10,R-PDA,R-PDA,11.9384765625,-166.8836669921875,80.44903564453125,15.204011917114258,-168.17079162597656,79.1202621459961,0.7185818927947528,-0.1986042177078724,-0.6664806284177764,0.5806727564090167,-0.7504885079210072,-0.31557273241339306,3.7531386845614505,0.9292981279292236,0.874336021374698,0.7766342244195307,0.3540432715692257,0.8700811851283432,0.34294619569579304
979,train,979:0,0,wrong_branch,9,10,RCA,R-PDA,-1.3466796875,-166.53480529785156,83.958984375,1.7998424768447876,-165.0996856689453,82.84516143798828,-0.8519748399288453,-0.5178615083382058,-0.07719022159507616,0.8129520161734287,0.0434579977914734,-0.5807068294996311,3.63328661338442,0.9187204448306437,0.8992253838280789,0.6702949992839891,0.3065607136273206,0.866026410565444,0.39499213291335433
979,train,979:1,1,positive_gap,10,10,R-PDA,R-PDA,8.4423828125,-166.52638244628906,82.39456939697266,11.9384765625,-166.8836669921875,80.44903564453125,0.9280997783979076,-0.29590471723100187,-0.22598937952522374,0.7185818927947528,-0.1986042177078724,-0.6664806284177764,4.016892497617487,0.9435442907585936,0.9658830656375665,0.876301164027006,0.4843380184048609,0.8703478502533027,0.0889455085268902
979,train,979:1,0,wrong_branch,2,4,LAD,D1,41.655235290527344,-176.43536376953125,155.06483459472656,44.8017578125,-176.1313934326172,153.2697296142578,-0.7496297901709531,0.2942675630711492,0.5928421198029202,0.9181359501598138,0.23696028603581196,-0.31761013816621475,3.635299690246806,0.9169786629856864,0.9713388675314371,0.8068250013316661,0.49379834770840514,0.8655469397514882,0.08361630754393883
979,train,979:2,1,positive_gap,6,6,OM1,OM1,51.91303253173828,-144.701171875,136.13026428222656,50.401790618896484,-145.78030395507812,139.94993591308594,-0.4937004906175685,-0.5721558612815794,0.654902661442986,-0.045740033092334056,0.044253729734059576,0.99797267336202,4.247148400159263,0.9100331260543311,0.9025577124535673,0.6508368057597947,0.8993496979564316,0.35582507848916395,0.25408391193433666
979,train,979:2,0,wrong_branch,7,3,OM2,LCX,45.85133361816406,-132.15264892578125,125.44994354248047,44.60240936279297,-133.20217895507812,128.95005798339844,-0.576915967210692,-0.005219288530464453,0.816786830087623,-0.08646913776123855,-0.563171331961303,0.8218035891085897,3.8616222209807947,0.9283273502179602,0.9258972093216872,0.7240631284216279,0.9063844779795657,0.3234195848018208,0.2717847498376757
979,train,979:3,1,positive_gap,4,4,D1,D1,58.4442253112793,-194.38304138183594,137.44000244140625,60.8837890625,-195.43258666992188,134.78074645996094,0.48774498769005803,-0.5149666159652007,-0.7049214221631903,0.8710954978330121,-0.0009314699588385474,-0.4911127833998749,3.7582787260747565,0.9591976934657998,0.9132013555248395,0.7715480605167664,0.7075728479092098,0.6491173031673056,0.2792622273606912
979,train,979:3,0,wrong_branch,11,9,R-PLA,RCA,1.7998424768447876,-165.01589965820312,86.4500503540039,-1.3466796875,-166.53480529785156,83.958984375,-0.5558332872317835,-0.24330334609245094,-0.7948917150060922,-0.8519748399288453,-0.5178615083382058,-0.07719022159507616,4.291047166440789,0.9551571287257463,0.8528515944593325,0.6609112813330021,0.5805263569428724,0.7332760611332715,0.3539708562346786
979,train,979:4,1,positive_gap,2,2,LAD,LAD,55.29703140258789,-222.96376037597656,91.78074645996094,58.4365234375,-222.93270874023438,89.46005249023438,0.67457013976503,-0.12008738776922243,-0.7283777494103951,0.9328673295627502,0.0421606197521922,-0.3577443606495768,3.9042278292236063,0.9744360954611285,0.9631235808823468,0.8847945184668019,0.594405365474805,0.8041262375655029,0.00795333599892976
979,train,979:4,0,wrong_branch,2,4,LAD,D1,40.6064453125,-175.9735107421875,155.77967834472656,44.8017578125,-176.1313934326172,153.2697296142578,-0.8312462988967325,0.3185198534027524,0.4556036584124113,0.9181359501598138,0.23696028603581196,-0.31761013816621475,4.891361420522435,0.9570277436746555,0.9428132717091793,0.8324248957813778,0.5131390863774421,0.8576983255414211,0.03227786230787755
979,train,979:5,1,positive_gap,9,9,RCA,RCA,-30.3642578125,-206.38885498046875,78.94004821777344,-33.8603515625,-206.93862915039062,80.45106506347656,-0.9285340708502746,-0.3641472980807063,0.0722580415645094,-0.7144067000535579,0.1519579719234905,0.683031362155125,3.848128773144289,0.9239878049687826,0.8955423086536217,0.6573703851021468,0.39266275501182873,0.908517868320544,0.14286792421259253
979,train,979:5,0,wrong_branch,9,10,RCA,R-PDA,-1.3466796875,-166.53480529785156,83.958984375,3.1982421875,-165.3662109375,82.45101165771484,-0.8519748399288453,-0.5178615083382058,-0.07719022159507616,0.9942515149018085,-0.10612090082456237,-0.014222500611429285,4.929088084521859,0.8847333019908631,0.8959528091760821,0.7910235075164309,0.30593340825464993,0.9220614030558302,0.2370812491708435
979,train,979:6,1,positive_gap,7,7,OM2,OM2,53.1923828125,-134.21368408203125,114.99542236328125,50.04664611816406,-132.280029296875,115.79080200195312,-0.7512720052993213,0.6226389712215786,-0.21888601044760905,-0.7019026380878921,0.24106873557382674,0.6702376827470191,3.7772091480169663,0.8983286685372074,0.8491025725143058,0.5307129395244035,0.21057336448775918,0.8328203631476029,0.5119268511174231
979,train,979:6,0,wrong_branch,9,10,RCA,R-PDA,-2.7451171875,-167.46389770507812,83.61924743652344,1.7998424768447876,-165.0996856689453,82.84516143798828,-0.7840383755956771,-0.531942935956477,-0.3198758172780417,0.8129520161734287,0.0434579977914734,-0.5807068294996311,5.181251396665145,0.8826897099846595,0.8197044970070053,0.4747486814486972,0.1494013587206728,0.8771934261422059,0.45630135562511237
979,train,979:7,1,positive_gap,8,8,IM,IM,47.2490234375,-167.80715942382812,148.49441528320312,43.4033203125,-167.57533264160156,150.1203155517578,-0.983007029993213,0.043718757138751924,0.17828586387643142,-0.8769434994288972,0.000842037228851071,0.48059274836674876,4.181713508345412,0.9757635026276513,0.9933859489245598,0.9477613309818792,0.3888119703346227,0.9196476796713025,0.05543822688089647
979,train,979:7,0,wrong_branch,2,4,LAD,D1,41.655235290527344,-176.43536376953125,155.06483459472656,46.200157165527344,-176.16122436523438,152.55580139160156,-0.7496297901709531,0.2942675630711492,0.5928421198029202,0.7855997035383682,-0.23215756189103914,-0.5735293996450715,5.198722427407089,0.9259580843312825,0.9513587458505339,0.9972377659629259,0.48262495991277676,0.8742382264995867,0.05273207179741746
979,train,979:8,1,positive_gap,4,4,D1,D1,68.69424438476562,-198.45938110351562,126.94898223876953,71.01547241210938,-199.30862426757812,123.77978515625,0.41565407586195635,-0.40933257884914837,-0.8122059647109524,0.6726441187218092,0.08227977255084307,-0.7353774055394564,4.019094880005118,0.9670066706034357,0.9509705266294037,0.8431853931587472,0.7885350252083364,0.5775499451112223,0.21130209398326485
979,train,979:8,0,wrong_branch,7,3,OM2,LCX,46.89866638183594,-132.0716094970703,124.1202621459961,44.60240936279297,-133.20217895507812,128.95005798339844,-0.6877669931777076,-0.08692359268832092,0.7207085764228495,-0.08646913776123855,-0.563171331961303,0.8218035891085897,5.466069102003119,0.9437199074415249,0.8789503272350137,0.7007043891594995,0.883595824947108,0.42009293629337263,0.20683409538190786
979,train,979:9,1,positive_gap,2,2,LAD,LAD,52.1745719909668,-215.4413604736328,122.94999694824219,52.537418365478516,-216.6777801513672,118.94999694824219,0.4635383141915589,-0.26894993671450595,-0.8442737487436827,-0.1446175535313657,-0.3520546356334837,-0.9247395832014424,4.202426812091446,0.9227580536675053,0.971289171582171,0.8083826495283896,0.9518309726396632,0.08634210439256619,0.29421563611218227
979,train,979:9,0,wrong_branch,7,3,OM2,LCX,45.85133361816406,-132.15264892578125,125.44994354248047,44.57755661010742,-134.13192749023438,130.4499969482422,-0.576915967210692,-0.005219288530464453,0.816786830087623,0.14313339453615292,-0.44733353402150816,0.8828394761837433,5.526353731207107,0.873843899063967,0.9259852746559957,0.6408504792627735,0.904765356862086,0.23049139993766068,0.3581527098557255
979,train,979:10,1,positive_gap,4,4,D1,D1,64.0302734375,-195.2021026611328,132.32516479492188,66.78910064697266,-196.4744873046875,129.6212158203125,0.7933859002678852,0.2175993801188631,-0.5684974257004193,0.5167116746429989,-0.5818243282382147,-0.6280839882991589,4.0671157237250535,0.8480536982833656,0.9500908964904131,0.640411274474577,0.664832072231483,0.6783252301820069,0.31284692395949726
979,train,979:10,0,wrong_branch,11,9,R-PLA,RCA,2.4990234375,-164.62965393066406,87.44898223876953,-1.3466796875,-166.53480529785156,83.958984375,-0.5324376599351586,-0.38489721375288194,-0.7538993786494593,-0.8519748399288453,-0.5178615083382058,-0.07719022159507616,5.531647073580079,0.9783689694377846,0.8193654644162552,0.7111406018629279,0.6309147740893033,0.6952184537165461,0.344409421252988
979,train,979:11,1,positive_gap,7,7,OM2,OM2,61.544254302978516,-143.34011840820312,106.38552856445312,59.1357421875,-140.54324340820312,107.4410629272461,-0.11433371461316243,0.6569373395816197,0.7452255588519356,-0.7098882938589121,0.7028624579245796,0.045199286303010074,3.8389573020637457,0.7552459472099322,0.9698733537016272,0.5765844221929304,0.274953400035352,0.6273870548608989,0.72855069226648
979,train,979:11,0,wrong_branch,3,6,LCX,OM1,44.689697265625,-139.84469604492188,138.4489288330078,48.29082107543945,-142.6493377685547,141.61026000976562,-0.18654383828319232,-0.5667757996424485,0.8024752889268537,-0.6702326280038398,0.6631367614864875,-0.33322343843775426,5.552307871569761,0.6222143705608763,0.9593994916230332,0.5182256763308768,0.5693724573425057,0.6485814355240959,0.5051308011923837
979,train,979:12,1,positive_gap,7,7,OM2,OM2,62.20892333984375,-146.4873046875,101.50542449951172,61.62101745605469,-144.26361083984375,104.94994354248047,-0.4204416656402964,0.8426487338918629,0.3364103403048927,-0.101644364493048,0.42306776215014547,0.900378860145035,4.141878691327452,0.7918495451375294,0.9903483262364376,0.702129798781413,0.8316320442173062,0.1419418403103065,0.5368804867009678
979,train,979:12,0,wrong_branch,3,2,LCX,LAD,25.303966522216797,-161.52047729492188,155.78070068359375,26.741159439086914,-166.0654296875,158.99441528320312,0.36128475347407674,0.6522118427336526,-0.6664030605460549,-0.5690713144201452,0.786376334095684,-0.2403541143362463,5.748919660148827,0.7978307929974586,0.8983144825472262,0.46745988581174047,0.5590119169496585,0.24999356432699069,0.7905750403999324
979,train,979:13,1,positive_gap,3,3,LCX,LCX,32.2158203125,-150.021484375,146.5658416748047,35.3623046875,-147.8857421875,144.6302032470703,0.6586080385727315,0.5524106095711793,-0.5109578945085175,0.7041872667966939,0.627566332084571,-0.33208551927977814,4.267136596888882,0.9939068472659982,0.9839927829849149,0.9801394123540135,0.45361529535886563,0.7373760608680922,0.5005094491367218
979,train,979:13,0,wrong_branch,11,9,R-PLA,RCA,1.7998424768447876,-165.01589965820312,86.4500503540039,-2.7451171875,-167.46389770507812,83.61924743652344,-0.5558332872317835,-0.24330334609245094,-0.7948917150060922,-0.7840383755956771,-0.531942935956477,-0.3198758172780417,5.887512033587773,0.9124444658243449,0.9802312801246968,0.8194847608567841,0.48081479941458644,0.771966093388203,0.4157949967506431
979,train,979:14,1,positive_gap,9,9,RCA,RCA,-27.186717987060547,-204.17214965820312,78.45101165771484,-30.3642578125,-206.38885498046875,78.94004821777344,-0.6219254594804035,-0.7829947123283797,-0.011313855040918171,-0.9285340708502746,-0.3641472980807063,0.0722580415645094,3.905086245537796,0.9491028725838647,0.9712968750858495,0.8617868705548244,0.12523066823873572,0.8136926115448322,0.5676456761482734
979,train,979:14,0,wrong_branch,1,2,LM,LAD,22.077186584472656,-162.6073760986328,157.4499969482422,26.741159439086914,-166.0654296875,158.99441528320312,0.9874234309347321,-0.15809796975635895,0.0,-0.5690713144201452,0.786376334095684,-0.2403541143362463,6.007995123618146,0.8575285471429605,0.9561712101922685,0.6862388516162534,0.2570605173911751,0.7762943808458871,0.5755752988668659
979,train,979:15,1,positive_gap,8,8,IM,IM,32.5654296875,-164.40538024902344,157.49435424804688,28.7197265625,-163.26858520507812,157.9499969482422,-0.8653633812399344,0.42492016064245297,0.2656860468458589,-0.9999994961522229,0.0010038402763399585,0.0,4.036006165482737,0.9742392699007516,0.9531309394176738,0.8657894972000002,0.11289445097783049,0.952848674486607,0.28166335662902614
979,train,979:15,0,wrong_branch,9,10,RCA,R-PDA,-1.3466796875,-166.53480529785156,83.958984375,4.5966796875,-165.6778106689453,82.44999694824219,-0.8519748399288453,-0.5178615083382058,-0.07719022159507616,0.9872443980286113,-0.15921211813528802,0.0,6.191526751011233,0.8706928559393312,0.9256366884637646,0.7586575603378145,0.24371814698391744,0.9599182259899465,0.1384141042056034
979,train,979:16,1,positive_gap,10,10,R-PDA,R-PDA,2.4990234375,-165.24794006347656,82.50547790527344,6.6943359375,-166.0343780517578,82.44999694824219,0.9405424629707825,-0.2496058155592634,-0.23038405367526946,0.9779134559513311,-0.20901022144700018,0.0,4.268748038788564,0.973341817591938,0.9995966229402388,0.9719392972172354,0.012997009082549422,0.982796937621691,0.1842315313846527
979,train,979:16,0,wrong_branch,1,8,LM,IM,22.077186584472656,-162.6073760986328,157.4499969482422,28.3701171875,-163.2685546875,157.9499969482422,0.9874234309347321,-0.15809796975635895,0.0,-0.999999999047546,4.3645251355077946e-05,0.0,6.3472933366037605,0.995435027838566,0.9914398343698553,0.9874303302198855,0.07877373448562477,0.9914352889186772,0.10416701321400779
979,train,979:17,1,positive_gap,2,2,LAD,LAD,60.1845703125,-222.7021484375,89.4410629272461,64.0295639038086,-222.0029296875,89.7142562866211,0.9977886918647306,0.0197929015560632,0.06345051169897488,0.7840915066379263,0.25386271766296037,-0.566351683849393,3.9175907378339456,0.9872559975901245,0.775376774736615,0.7514470143481399,0.06973504320822697,0.9814689304259763,0.17848182640604296
979,train,979:17,0,wrong_branch,1,3,LM,LCX,19.2802734375,-162.79989624023438,157.4499969482422,25.303966522216797,-161.52047729492188,155.78070068359375,0.9641225039257009,0.2654576997213375,8.415873812200601e-05,0.36128475347407674,0.6522118427336526,-0.6664030605460549,6.380308866791539,0.9634438257443845,0.6462296551576255,0.5214013330120403,0.26163251646591135,0.9441068152780394,0.20052617702752068
979,train,979:18,1,positive_gap,6,6,OM1,OM1,55.171024322509766,-141.60125732421875,132.94993591308594,52.8427734375,-143.69039916992188,135.2808074951172,-0.4588652972028484,-0.033862657134402535,0.8878603265574713,-0.5951516821431927,-0.6066207337634528,0.5270728228721512,3.9010547505690663,0.8224918739878546,0.9949919964514147,0.7616032920602992,0.597497787410247,0.5968259955003533,0.5355325621611364
979,train,979:18,0,wrong_branch,3,6,LCX,OM1,44.91452407836914,-139.1455078125,137.4510040283203,48.29082107543945,-142.6493377685547,141.61026000976562,-0.19175312299268246,-0.5661932830527687,0.80165822271619,-0.6702326280038398,0.6631367614864875,-0.33322343843775426,6.401219890970847,0.7296626783956541,0.9330072299234125,0.514075689973074,0.649759897689516,0.5274458704086548,0.5473690977241645
979,train,979:19,1,positive_gap,9,9,RCA,RCA,-10.4365234375,-197.44232177734375,136.94000244140625,-6.978476047515869,-195.39524841308594,135.9499969482422,0.8888214178643842,0.4531972858851549,-0.06788745990147838,0.6634426607770061,0.6547347744824168,-0.3621687603101421,4.138684813624357,0.9830474699893529,0.9648126206699438,0.9109927863867213,0.23920775264282285,0.8355425807252586,0.4946192948829886
979,train,979:19,0,wrong_branch,9,10,RCA,R-PDA,-2.7451171875,-167.46389770507812,83.61924743652344,3.1982421875,-165.3662109375,82.45101165771484,-0.7840383755956771,-0.531942935956477,-0.3198758172780417,0.9942515149018085,-0.10612090082456237,-0.014222500611429285,6.410037852474919,0.8427377868312186,0.8897296736949613,0.7185316451193728,0.18225099534436248,0.9271956752494473,0.32725029334549205
979,train,979:20,1,positive_gap,6,6,OM1,OM1,50.007144927978516,-145.0811309814453,141.71424865722656,47.598594665527344,-142.107177734375,141.2896728515625,-0.5221294426966036,0.6776065829359402,0.5179094166272833,-0.8235591720678467,0.41304341721382104,-0.3887742604638997,3.850425547555614,0.7928613235779801,0.8770510103315474,0.5085355796453405,0.11026724200227639,0.625528329973866,0.772370017375945
979,train,979:20,0,wrong_branch,9,10,RCA,R-PDA,-3.7939453125,-168.201171875,83.28074645996094,1.7998424768447876,-165.0996856689453,82.84516143798828,-0.7312950242748736,-0.6133436991086815,-0.2983573264300563,0.8129520161734287,0.0434579977914734,-0.5807068294996311,6.410882375300397,0.9145427842434958,0.7698179985626673,0.4479043164339497,0.0679446285975955,0.8725456905739403,0.4837846063131614
979,train,979:21,1,positive_gap,8,8,IM,IM,42.0048828125,-167.38282775878906,151.0658416748047,38.5087890625,-166.98822021484375,153.07681274414062,-0.8326458969484491,0.11151247969563181,0.5424626965672792,-0.785842970458776,0.2583177519208394,0.5618921291699065,4.052454967576288,0.9983796497131968,0.9819390169247233,0.9879400976338125,0.4962352661351518,0.8627100801791168,0.09737493620597128
979,train,979:21,0,wrong_branch,2,4,LAD,D1,40.6064453125,-175.9735107421875,155.77967834472656,46.200157165527344,-176.16122436523438,152.55580139160156,-0.8312462988967325,0.3185198534027524,0.4556036584124113,0.7855997035383682,-0.23215756189103914,-0.5735293996450715,6.458965188624763,0.9565546096477803,0.9733735266146584,0.9882757312458816,0.49913211466176444,0.8660383961936714,0.02906249183343916
979,train,979:22,1,positive_gap,9,9,RCA,RCA,-32.1123046875,-207.0747528076172,79.28978729248047,-35.25804138183594,-206.58834838867188,81.95999908447266,-0.8774564275411174,-0.24247622952935516,0.41385443803347965,-0.5847336116108108,0.13221163777570316,0.80037908911293,4.154789961352469,0.9019431566283527,0.9725901965459931,0.812260524618064,0.642682738918282,0.7571349511280556,0.11707076012742121
979,train,979:22,0,wrong_branch,2,4,LAD,D1,39.2080078125,-175.4161834716797,156.44993591308594,44.8017578125,-176.1313934326172,153.2697296142578,-0.8269209039949328,0.4142544577537465,0.38025657491666426,0.9181359501598138,0.23696028603581196,-0.31761013816621475,6.474200835147942,0.9470145014200165,0.9231119837693986,0.7818372983933551,0.4912121788936525,0.8640062522669916,0.11047077147416864
980,test,980:0,1,positive_gap,11,11,R-PLA,R-PLA,19.7490234375,-125.09880828857422,-200.9345245361328,16.1748046875,-126.5224609375,-199.4345245361328,-0.7915025413391346,-0.03521787584147511,0.610150332520524,-0.8273383433569969,-0.5474087822113395,-0.1259162053478353,4.129385733695141,0.918869534027201,0.8590948153115974,0.5972911612781203,0.36325015310636516,0.8655570054487607,0.34476136179504824
980,test,980:0,0,wrong_branch,9,10,RCA,R-PDA,-1.6962890625,-155.79327392578125,-216.54066467285156,1.8779296875,-155.19873046875,-218.4140625,0.7644869539636424,0.6422412638931368,-0.05555048309724909,-0.8309511008816342,0.19290031790174417,0.521833053089785,4.078987743780891,0.7890075437242338,0.9396729119554516,0.5403508102263818,0.4592800824186713,0.8762514070922384,0.14575759830064025
980,test,980:1,1,positive_gap,10,10,R-PDA,R-PDA,16.93345832824707,-157.97561645507812,-220.593505859375,14.0302734375,-156.1951446533203,-219.55929565429688,-0.5986741002119972,0.7679225670093952,0.22778115113647196,-0.9959430710978427,0.05174448076870195,0.07362002337798475,3.559234903038085,0.9386566946982996,0.8596440324364923,0.6527503301240754,0.29057093258872735,0.8156766748575586,0.5002400376097798
980,test,980:1,0,wrong_branch,1,2,LM,LAD,21.536165237426758,-164.01333618164062,-144.0500030517578,25.468381881713867,-165.8388671875,-142.82789611816406,0.9760449423058956,0.1649921693554363,0.141823321955411,-0.6447837225105083,0.6514476776764946,-0.39983730995918043,4.504268702919536,0.8236953336126112,0.9354040459429938,0.5785603812162701,0.27132194240579294,0.8729977946782707,0.4052890993550449
980,test,980:2,1,positive_gap,11,11,R-PLA,R-PLA,54.0615234375,-133.6648712158203,-206.8807830810547,50.844696044921875,-130.84326171875,-206.5491485595703,-0.7014252654320019,0.6584976678571065,0.2727332367724868,-0.7886455643491133,0.6147782486520125,0.009267082433705342,4.291787516110103,0.9797397988130887,0.9960125164223131,0.9605334086795561,0.07727188735218529,0.7495309076936136,0.6574438940601843
980,test,980:2,0,wrong_branch,9,11,RCA,R-PLA,-1.6962890625,-155.79327392578125,-216.54066467285156,1.5138343572616577,-152.61422729492188,-215.8807830810547,0.7644869539636424,0.6422412638931368,-0.05555048309724909,-0.6410156348958048,-0.6768465488586319,-0.3619084208985583,4.565815761336959,0.9766394206590278,0.9742580472267963,0.9046426855473623,0.14452654822051972,0.7030777384722311,0.6962713339813975
980,test,980:3,1,positive_gap,8,8,IM,IM,31.9013671875,-165.2377166748047,-139.5602264404297,28.3271484375,-163.36865234375,-140.50650024414062,-0.9452484559977621,0.3214385491910081,-0.05641467475601397,-0.7820260768869272,0.607669383472396,-0.13846709161067838,4.14293075709238,0.9733925201905562,0.9804492173164986,0.942348882676144,0.22840685958629392,0.8627271271384904,0.4511454428377768
980,test,980:3,0,wrong_branch,1,8,LM,IM,21.536165237426758,-164.01333618164062,-144.0500030517578,25.467164993286133,-162.31640625,-142.37229919433594,0.9760449423058956,0.1649921693554363,0.141823321955411,-0.7320358072379473,-0.12279305316137522,-0.6701085307745266,4.59858896909395,0.9469752883247569,0.9155520273952711,0.8297967573693877,0.3648301400054089,0.8548273790675167,0.369011003819932
980,test,980:4,1,positive_gap,11,11,R-PLA,R-PLA,39.0571174621582,-125.48796844482422,-205.82794189453125,37.262664794921875,-123.38855743408203,-203.1122283935547,-0.4742793153233835,0.6436823089250783,0.6006098702429578,-0.9566664382891836,0.05954126430938365,0.28503361853565223,3.873330193304398,0.9897193503511984,0.6753268488029573,0.6632467664752152,0.701131420623798,0.46328419671999427,0.5420170514693836
980,test,980:4,0,wrong_branch,8,3,IM,LCX,26.5400390625,-162.50784301757812,-141.22860717773438,23.75843048095703,-160.4775390625,-144.3807830810547,-0.7185052596342828,0.2370171679129996,-0.6538907049288688,-0.06179681757346823,-0.9219193725600954,0.3824210033931082,4.66858580047455,0.9726705274513732,0.6223169898305202,0.424170919761451,0.6751885984402175,0.5958139574644264,0.4348862893066568
980,test,980:5,1,positive_gap,9,9,RCA,RCA,-16.7080078125,-188.95034790039062,-171.00738525390625,-19.9248046875,-188.0063018798828,-173.21926879882812,-0.9231386118939949,0.25742577753123186,-0.2855644800966482,-0.7124933323864086,0.044272286769485046,-0.7002808121954445,4.016395627940874,0.957128458806167,0.9667078062557924,0.869102259743887,0.5507135625620287,0.8009163371809535,0.23504806497157904
980,test,980:5,0,wrong_branch,9,10,RCA,R-PDA,-2.7685546875,-156.58367919921875,-216.21922302246094,1.8779296875,-155.19873046875,-218.4140625,0.733839161962776,0.6164982047764893,-0.28532446070594186,-0.8309511008816342,0.19290031790174417,0.521833053089785,5.322144339015064,0.9187710224774681,0.8904651471240954,0.6397534942671632,0.41239758595973136,0.8730474183005521,0.2602238199960307
980,test,980:6,1,positive_gap,11,11,R-PLA,R-PLA,38.5269660949707,-124.3719253540039,-204.22012329101562,35.4755859375,-123.66244506835938,-203.0509033203125,-0.34967847764627996,0.6427456538228761,0.6816179184578289,-0.9998723231111084,-0.00929483428780071,-0.012997827970770684,3.3438538366703763,0.693803836598178,0.9059004648471608,0.3348000649987443,0.3496624038649277,0.9125339522941284,0.2121744311500745
980,test,980:6,0,wrong_branch,3,6,LCX,OM1,24.99544906616211,-153.6865234375,-146.5500030517578,30.1142578125,-152.61361694335938,-145.0500030517578,-0.5397200928774685,-0.8415601340019517,0.021880635341638074,0.9999568918901733,-0.009284948086838827,6.40341247368195e-05,5.440894349898223,0.6676877142507887,0.9389489899488329,0.531881583300935,0.2756899699822436,0.9408028197484927,0.1971930394422554
980,test,980:7,1,positive_gap,11,11,R-PLA,R-PLA,35.4755859375,-123.66244506835938,-203.0509033203125,31.5439453125,-123.74691772460938,-204.49716186523438,-0.9998723231111084,-0.00929483428780071,-0.012997827970770684,-0.8704440281152576,-0.3729784285430687,-0.3212698021290326,4.190059356687428,0.9428797275058087,0.9351702313262371,0.8779754748363024,0.3451642141091902,0.9383257587329913,0.020160252888823584
980,test,980:7,0,wrong_branch,9,10,RCA,R-PDA,-1.6962890625,-155.79327392578125,-216.54066467285156,3.3076171875,-155.44189453125,-218.7626953125,0.7644869539636424,0.6422412638931368,-0.05555048309724909,-0.9663357355013903,0.11328372309113804,0.23100226054218045,5.4863435365666495,0.7608940710872188,0.9676648802271053,0.678827868612776,0.4050112109893474,0.9120657896554982,0.06404618890328238
980,test,980:8,1,positive_gap,11,11,R-PLA,R-PLA,14.7451171875,-127.36491394042969,-199.60369873046875,12.013384819030762,-129.618896484375,-202.04151916503906,-0.8153016708962311,-0.5455793146294696,-0.19397524811751604,-0.4095719642809571,-0.4350937689434974,-0.8018380249785995,4.299507822130496,0.9140090452681617,0.9429618557412437,0.7268395969355448,0.5669998835732601,0.6353593205269732,0.5242419916864849
980,test,980:8,0,wrong_branch,8,3,IM,LCX,26.5400390625,-162.50784301757812,-141.22860717773438,23.5963134765625,-159.4052734375,-144.71922302246094,-0.7185052596342828,0.2370171679129996,-0.6538907049288688,0.09839419492292374,-0.9192026010766501,0.38129406050893405,5.520494298519415,0.9297946070264065,0.8101605371539937,0.5378881858264295,0.632301322304189,0.533235871057235,0.5620093803756355
980,test,980:9,1,positive_gap,11,11,R-PLA,R-PLA,41.9091796875,-127.82511138916016,-207.37144470214844,39.0571174621582,-125.48796844482422,-205.82794189453125,-0.9069746989486541,0.30847168215715465,0.2867788638901642,-0.4742793153233835,0.6436823089250783,0.6006098702429578,3.997361254202952,0.9382025883524417,0.946648167767371,0.8009593200714142,0.38613042691458016,0.7134862335354475,0.5846714359075231
980,test,980:9,0,wrong_branch,1,2,LM,LAD,21.536165237426758,-164.01333618164062,-144.0500030517578,26.175912857055664,-166.5537109375,-142.2627410888672,0.9760449423058956,0.1649921693554363,0.141823321955411,-0.6156690766975987,0.6500478056615276,-0.44540929306982235,5.583463727656456,0.7814030675869611,0.9499438905353232,0.5568373163769686,0.32009914455749344,0.8309801667819458,0.4549818678459733
980,test,980:10,1,positive_gap,11,11,R-PLA,R-PLA,65.17940521240234,-146.5380859375,-209.15704345703125,63.674137115478516,-142.9638671875,-208.00650024414062,-0.13151499502823324,0.8177879595278299,0.5602915842077518,-0.6389637263451651,0.7606144707966103,0.11485200577218282,4.0453209268483175,0.9308428508626119,0.9424608034991956,0.7704052796171401,0.2844133342436704,0.37210103330332617,0.8835439300447913
980,test,980:10,0,wrong_branch,3,2,LCX,LAD,23.75843048095703,-160.4775390625,-144.3807830810547,25.468381881713867,-165.8388671875,-142.82789611816406,-0.06179681757346823,-0.9219193725600954,0.3824210033931082,-0.6447837225105083,0.6514476776764946,-0.39983730995918043,5.837741941571411,0.9303082169746507,0.8935091314251851,0.7136428374535125,0.2660081549395479,0.2929131533855621,0.9183907371480745
980,test,980:11,1,positive_gap,9,9,RCA,RCA,-6.669061660766602,-160.8349609375,-215.88082885742188,-3.8408203125,-157.61819458007812,-216.0509033203125,0.59174847516447,0.7516492196913821,-0.2913025792502718,0.7073939073975481,0.7067597171629448,-0.009195758401748353,4.286660733626306,0.9660271280486997,0.9974490188819716,0.9525134040985566,0.039675279537867765,0.6597772774693199,0.7504130971196892
980,test,980:11,0,wrong_branch,9,11,RCA,R-PLA,-2.7685546875,-156.58367919921875,-216.21922302246094,1.5138343572616577,-152.61422729492188,-215.8807830810547,0.733839161962776,0.6164982047764893,-0.28532446070594186,-0.6410156348958048,-0.6768465488586319,-0.3619084208985583,5.84892690543828,0.939177332149853,0.9496224707956977,0.784415733579663,0.0578635956437704,0.7321666203043041,0.6786632776357854
980,test,980:12,1,positive_gap,8,8,IM,IM,35.8330078125,-166.1896209716797,-140.54066467285156,31.9013671875,-165.2377166748047,-139.5602264404297,-0.9960274734883109,0.05179138758148748,0.07243565578412473,-0.9452484559977621,0.3214385491910081,-0.05641467475601397,4.162352570620851,0.9697259279700905,0.9530775673535392,0.9540547459691604,0.23554905928491157,0.9445717435737457,0.22869381695193955
980,test,980:12,0,wrong_branch,1,2,LM,LAD,20.1064453125,-164.05239868164062,-144.5500030517578,25.468381881713867,-165.8388671875,-142.82789611816406,0.9128019808830167,0.008514653040596787,0.4083136593106322,-0.6447837225105083,0.6514476776764946,-0.39983730995918043,5.908255731214761,0.9448363781105805,0.8986819504249391,0.7462720433575518,0.2914746774577542,0.9075329188757765,0.30236817550415507
980,test,980:13,1,positive_gap,11,11,R-PLA,R-PLA,21.1787109375,-124.9718017578125,-202.3807830810547,17.9619140625,-125.48799896240234,-200.0056915283203,-0.6992081541783054,-0.19433145004010044,0.6879994510578327,-0.8617796776177961,-0.4315888575023209,0.26658365539696677,4.031786399712455,0.9880448134324118,0.8998779607876547,0.8698440747691941,0.5890916128155415,0.7978589528526165,0.1280318829952546
980,test,980:13,0,wrong_branch,1,8,LM,IM,21.536165237426758,-164.01333618164062,-144.0500030517578,26.5400390625,-162.50784301757812,-141.22860717773438,0.9760449423058956,0.1649921693554363,0.141823321955411,-0.7185052596342828,0.2370171679129996,-0.6538907049288688,5.938479401517573,0.9316425440457877,0.8560047327018605,0.7549243999465561,0.4751040937015682,0.8426187053531762,0.2535149256689806
980,test,980:14,1,positive_gap,9,9,RCA,RCA,-14.92150592803955,-171.9150390625,-214.82882690429688,-12.412911415100098,-168.6982421875,-215.5500030517578,0.6428253279976809,0.6494404420029378,-0.40620525596759915,0.6844125987985566,0.7290949131806821,-4.668896728872196e-05,4.142574513635971,0.96429203707868,0.9806214917386608,0.9134804412904914,0.17408887760185524,0.6055641255653937,0.7765211861395322
980,test,980:14,0,wrong_branch,9,11,RCA,R-PLA,-1.6962890625,-155.79327392578125,-216.54066467285156,2.3118715286254883,-151.5419921875,-215.21917724609375,0.7644869539636424,0.6422412638931368,-0.05555048309724909,-0.41017874865338505,-0.8039795754539246,-0.43054643931412356,5.990415408097677,0.9550465841432637,0.939996194808998,0.806008098122741,0.22060029843196893,0.6690955998990268,0.7096806229054642
980,test,980:15,1,positive_gap,9,9,RCA,RCA,-28.1455078125,-183.71063232421875,-206.8798370361328,-24.9287109375,-181.68637084960938,-209.0491485595703,0.580114820416292,0.5742081697729653,-0.5777125348296979,0.7920344600513575,0.4888675812594999,-0.3656362975480428,4.376223159108344,0.9784001686619737,0.9895722094425693,0.9514153599347873,0.4957040453758527,0.7350623489811755,0.4625590151627045
980,test,980:15,0,wrong_branch,1,8,LM,IM,20.1064453125,-164.05239868164062,-144.5500030517578,25.467164993286133,-162.31640625,-142.37229919433594,0.9128019808830167,0.008514653040596787,0.4083136593106322,-0.7320358072379473,-0.12279305316137522,-0.6701085307745266,6.040975029687792,0.9596535524887103,0.9264571488379515,0.9428637415033795,0.3604888030027865,0.8873931202233729,0.28736957579020883
982,train,982:0,1,positive_gap,10,10,R-PDA,R-PDA,42.8486328125,-185.87042236328125,95.12544250488281,46.3935546875,-186.58740234375,94.46263122558594,0.750898806279676,-0.57515577600314,-0.3245717425438997,0.9750127297213568,0.2037047192185363,-0.08862597953989464,3.676934889851824,0.8945990864062126,0.9162615461487126,0.6437394376115397,0.1802619026859041,0.9640969941523376,0.19499392889647915
982,train,982:0,0,wrong_branch,4,2,D1,LAD,68.9521484375,-176.08956909179688,162.7761993408203,65.40729522705078,-175.96078491210938,162.96107482910156,0.8416922055694774,0.41156438137161505,-0.3495268102303291,-0.920719942251604,0.37681150895391996,-0.10142916079743917,3.5520062774067767,0.8432674499029912,0.9272485410889634,0.5844283922913616,0.052048187374325976,0.9979861896632739,0.03625674326834857
982,train,982:1,1,positive_gap,10,10,R-PDA,R-PDA,55.4169921875,-190.9564208984375,92.01023864746094,58.96184539794922,-191.34906005859375,91.43746948242188,0.9577047330029272,0.1558084025851353,-0.24192020599292693,0.791241913308119,-0.6070168491644048,-0.07393767277258288,3.6122312093967466,0.9612647835142472,0.8541879139854529,0.6810848167426904,0.15856381605614794,0.9813472629403531,0.10869712856000209
982,train,982:1,0,wrong_branch,10,9,R-PDA,RCA,22.86809539794922,-179.99732971191406,101.6240005493164,19.3232421875,-180.99673461914062,102.46263122558594,0.9137467278535591,-0.14712486615944284,-0.3787099036128838,-0.7265674076711344,-0.6839131502971106,0.06605001862777334,3.777313312845647,0.9026676287444443,0.8774682594457479,0.5882917568105499,0.22201776945999405,0.938458877211511,0.2645808871156782
982,train,982:2,1,positive_gap,10,10,R-PDA,R-PDA,46.3935546875,-186.58740234375,94.46263122558594,50.25160217285156,-186.8536376953125,94.57484436035156,0.9750127297213568,0.2037047192185363,-0.08862597953989464,0.7573314000147007,-0.6245590364007857,0.19072273226308226,3.868850404094613,0.9557017272242115,0.8037275854345637,0.5942791435192677,0.029004257866074065,0.9972077186722916,0.06881510623432965
982,train,982:2,0,wrong_branch,2,1,LAD,LM,57.6728515625,-172.62591552734375,160.46107482910156,53.4833984375,-172.7379913330078,159.62533569335938,-0.9390478691508657,0.3278092752042944,-0.10358657506286106,-0.8767610859824683,-0.33746168882346045,0.3426508524478832,4.273469126576043,0.9322470288267916,0.8013639348931035,0.6772035296763541,0.19556456616121434,0.9803400939406439,0.026225954217635596
982,train,982:3,1,positive_gap,2,2,LAD,LAD,70.6755599975586,-181.0048828125,163.9499969482422,73.02851867675781,-184.2275390625,162.9499969482422,0.5900453427252251,-0.8073701093849533,0.0,0.5343810882031662,-0.7439523142184417,-0.40121291945776755,4.1136270919570475,0.9700025184977714,0.9860135650102596,0.9159539336424484,0.24309447055986122,0.5719912443691644,0.7834099148901777
982,train,982:3,0,wrong_branch,11,9,R-PLA,RCA,21.835186004638672,-177.46002197265625,103.27455139160156,19.3232421875,-180.99673461914062,102.46263122558594,0.4177209622183463,0.834238913309016,0.35993698510207445,-0.7265674076711344,-0.6839131502971106,0.06605001862777334,4.41332215459585,0.9725088832349812,0.9494601359960921,0.8502755553796665,0.18397029212338945,0.5691730014594194,0.8013719648363739
982,train,982:4,1,positive_gap,4,4,D1,D1,83.1318359375,-174.24644470214844,159.0101318359375,86.9990234375,-174.16497802734375,158.12234497070312,0.967785740492779,0.06894098705356942,-0.24215263947131113,0.9109712203555503,-0.40070656425677376,-0.09780432017785086,3.9686195959480246,0.9986357090097117,0.9013415343021554,0.8776834252834641,0.22370167857378134,0.974441466737808,0.020527710664903553
982,train,982:4,0,wrong_branch,4,2,D1,LAD,70.2412109375,-175.56512451171875,162.39141845703125,65.40729522705078,-175.96078491210938,162.96107482910156,0.9502420611432391,0.17715805472308258,-0.2562324118470998,-0.920719942251604,0.37681150895391996,-0.10142916079743917,4.88342058708907,0.9848524810271545,0.8690247661090946,0.7821621832345472,0.11665109771138424,0.989862663729859,0.08102115992971884
982,train,982:5,1,positive_gap,4,4,D1,D1,85.0654296875,-174.02711486816406,158.7760009765625,88.6103515625,-174.96336364746094,157.43870544433594,0.896958525325082,0.2384669564252053,-0.37228875156248437,0.7818728153460333,-0.4008023690977192,-0.47752734115286377,3.902741628278963,0.8850812873879274,0.9699653002405196,0.7835074240325555,0.3426554098628059,0.9083157976212853,0.23989514768615197
982,train,982:5,0,wrong_branch,10,9,R-PDA,RCA,22.86809539794922,-179.99732971191406,101.6240005493164,18.3564453125,-181.75335693359375,102.7761001586914,0.9137467278535591,-0.14712486615944284,-0.3787099036128838,-0.7840989525603724,-0.5296194890033141,0.32356147709762245,4.9765401240958616,0.8641469088200404,0.972639881687666,0.7610835915848813,0.23150614295193964,0.9065836852403347,0.3528610596701906
982,train,982:6,1,positive_gap,10,10,R-PDA,R-PDA,23.8349609375,-179.9250030517578,101.44999694824219,27.7021484375,-179.4688720703125,100.45154571533203,0.9634297507541152,0.26533092543850906,-0.03745150688300798,0.9943791229505572,-0.10409906443388646,-0.01932730255545472,4.01996262381758,0.9662235725479298,0.949577255409361,0.9311175660805104,0.24837326272500798,0.9619958845108623,0.11346647323107326
982,train,982:6,0,wrong_branch,10,9,R-PDA,RCA,24.1572265625,-179.8207550048828,101.43746948242188,19.3232421875,-180.99673461914062,102.46263122558594,0.9508764306366244,0.2965861025955854,-0.08871695106863013,-0.7265674076711344,-0.6839131502971106,0.06605001862777334,5.079496982038799,0.9914860193424261,0.8631160499698746,0.8995747152544045,0.2018234771649741,0.9516659606439503,0.2315149744976913
982,train,982:7,1,positive_gap,7,7,OM2,OM2,65.04620361328125,-150.35081481933594,151.43736267089844,67.6630859375,-147.4892578125,149.8362274169922,0.7056683708905295,0.7043736761827311,-0.07674551860226968,0.6334149341259963,0.6333549516511737,-0.4445751077659425,4.195261100751872,0.9499138134106475,0.9967862362668968,0.9272185874886542,0.38165330248915746,0.6237710267305542,0.68209270844265
982,train,982:7,0,wrong_branch,3,7,LCX,OM2,60.864891052246094,-154.5791015625,152.7775421142578,64.43936157226562,-150.81585693359375,151.45144653320312,0.5818539214285409,0.7459258138681467,-0.3240998215417163,0.8256655595339422,0.5638648237294065,-0.018244022585699238,5.356993478208948,0.9924798983795986,0.9515546004947176,0.9069309556195194,0.2475447443512761,0.6672531028009794,0.7024919190613705
982,train,982:8,1,positive_gap,11,11,R-PLA,R-PLA,36.98173904418945,-148.1337890625,106.96263122558594,39.304710388183594,-144.88058471679688,107.77599334716797,0.44566676688729895,0.8915234890634608,0.08103703684325658,0.746534013152647,0.5886854716786174,-0.3100586761255476,4.079349497253706,0.9809141570916653,0.8327556327905505,0.8324060893242732,0.19938525054781447,0.5694465123809588,0.7974811542608061
982,train,982:8,0,wrong_branch,11,9,R-PLA,RCA,21.835186004638672,-177.46002197265625,103.27455139160156,18.3564453125,-181.75335693359375,102.7761001586914,0.4177209622183463,0.834238913309016,0.35993698510207445,-0.7840989525603724,-0.5296194890033141,0.32356147709762245,5.548226340150454,0.9397996252916181,0.8723925245908521,0.6529020133496253,0.08983974379398507,0.6270005004958642,0.7738211633271391
982,train,982:9,1,positive_gap,11,11,R-PLA,R-PLA,45.7490234375,-140.96961975097656,107.73967742919922,49.6162109375,-139.82827758789062,108.49739837646484,0.9035677743009851,0.39745002951023445,-0.1599960977245317,0.8774741678503055,0.3763333812683744,0.2973420099792933,4.102674996550306,0.9327231835498415,0.9867183147017851,0.8948575330556556,0.1846894886635542,0.9426014742214986,0.2781946325374601
982,train,982:9,0,wrong_branch,2,1,LAD,LM,57.6728515625,-172.62591552734375,160.46107482910156,52.1943359375,-173.2705078125,159.78573608398438,-0.9390478691508657,0.3278092752042944,-0.10358657506286106,-0.9043166748907013,-0.31432711696840143,-0.2888075744383419,5.557491798294313,0.9002696365860838,0.9630187514616084,0.7760738896915224,0.12151862200218815,0.9857892415930236,0.11598618739376028
982,train,982:10,1,positive_gap,10,10,R-PDA,R-PDA,51.919036865234375,-190.02725219726562,93.7761001586914,55.4169921875,-190.9564208984375,92.01023864746094,0.5602137559432783,-0.7093803778356186,-0.4277148900771633,0.9577047330029272,0.1558084025851353,-0.24192020599292693,4.027072483659687,0.8378349308030736,0.9020035453038779,0.5294648163781264,0.4384975732112239,0.8686099732396136,0.23073056294419447
982,train,982:10,0,wrong_branch,2,1,LAD,LM,58.9619140625,-173.15127563476562,160.90249633789062,53.4833984375,-172.7379913330078,159.62533569335938,-0.9016290803249765,0.30410770614086036,-0.30754431319418235,-0.8767610859824683,-0.33746168882346045,0.3426508524478832,5.640574144481044,0.9676418213751758,0.7492608728643558,0.5825082704390917,0.22642387314079956,0.9712691447129352,0.07326989968958848
982,train,982:11,1,positive_gap,9,9,RCA,RCA,18.6787109375,-181.5363311767578,102.62389373779297,15.456122398376465,-184.2275390625,102.94999694824219,-0.7690318993544504,-0.5548718086322345,0.3173439990932232,-0.7065584253189726,-0.7076547121377584,0.0,4.211177992039351,0.9676712018992167,0.9929271650939929,0.9360236178389404,0.07743752723481925,0.7652463384866164,0.6390629631019025
982,train,982:11,0,wrong_branch,6,1,OM1,LM,58.3173828125,-169.7255859375,159.4499969482422,53.4833984375,-172.7379913330078,159.62533569335938,0.9517205091358409,0.30696591421559416,0.0,-0.8767610859824683,-0.33746168882346045,0.3426508524478832,5.698485314552279,0.9696099124164995,0.9326865788958139,0.9380207429641594,0.030769359827851655,0.8482928547091989,0.5286326504720479
982,train,982:12,1,positive_gap,11,11,R-PLA,R-PLA,22.22370147705078,-176.8154296875,103.43746948242188,24.37462043762207,-173.2705078125,104.50362396240234,0.5438313470489714,0.8355528271109777,0.07809570457940672,0.5216077849738053,0.7886747238069913,0.3254496868683182,4.281309244843336,0.9845046210211935,0.9961219227889928,0.9680622820825645,0.24902533757976225,0.5023974764640008,0.8279994908729649
982,train,982:12,0,wrong_branch,11,9,R-PLA,RCA,22.620153427124023,-176.1708984375,103.4625244140625,19.3232421875,-180.99673461914062,102.46263122558594,0.48605281888692076,0.8701503444018938,0.08118519193389828,-0.7265674076711344,-0.6839131502971106,0.06605001862777334,5.929427034912632,0.9921451942830911,0.949474220970385,0.942895116442399,0.168632345518237,0.5560252652088841,0.8138790060533617
982,train,982:13,1,positive_gap,5,5,D2,D2,84.4208984375,-198.6490936279297,155.00857543945312,80.8759765625,-197.7310791015625,154.2650146484375,-0.8759929499536266,0.4379135210989768,0.20215860028759358,-0.8711173878204977,0.18329761702056308,-0.45558366984712634,3.7365899454463114,0.898418179294337,0.9621251368932404,0.7512610381811216,0.19899448477663007,0.9487050831788775,0.24568243766912365
982,train,982:13,0,wrong_branch,4,2,D1,LAD,70.2412109375,-175.56512451171875,162.39141845703125,64.1181640625,-175.31524658203125,162.62379455566406,0.9502420611432391,0.17715805472308258,-0.2562324118470998,-0.8070056363516656,0.48636227473021665,-0.33495319167891574,6.132547648767842,0.9512606207658915,0.8128806668388112,0.5948618405993468,0.03789226141267761,0.998450762340224,0.04074618641368498
982,train,982:14,1,positive_gap,9,9,RCA,RCA,15.4560546875,-204.32008361816406,147.4499969482422,19.3232421875,-203.03009033203125,148.43736267089844,0.9205852430227885,0.3528038331925403,0.16748810588612997,0.9592865575890204,0.2686411148134593,0.08718515848921045,4.19453369383302,0.9966691509698711,0.9875638529312022,0.9924851408626282,0.23539344173296703,0.921958859380651,0.30754152434856225
982,train,982:14,0,wrong_branch,10,9,R-PDA,RCA,24.1572265625,-179.8207550048828,101.43746948242188,18.3564453125,-181.75335693359375,102.7761001586914,0.9508764306366244,0.2965861025955854,-0.08871695106863013,-0.7840989525603724,-0.5296194890033141,0.32356147709762245,6.259069053194622,0.9918037687802913,0.9594173535958254,0.9313643811100447,0.21387057162858678,0.9267801969750258,0.3087682708540401
982,train,982:15,1,positive_gap,10,10,R-PDA,R-PDA,48.3271484375,-186.4833984375,94.44999694824219,51.15321731567383,-188.4169921875,94.48631286621094,0.999999995516242,-9.469696927237139e-05,0.0,0.3934983797812157,-0.8881191307601315,-0.23749407295220326,3.4244370252816236,0.8253187166547233,0.8236946070577467,0.3935824802069,0.010604930883716106,0.825265250115503,0.5646457317581953
982,train,982:15,0,wrong_branch,4,2,D1,LAD,68.9521484375,-176.08956909179688,162.7761993408203,62.8291015625,-174.64016723632812,162.27609252929688,0.8416922055694774,0.41156438137161505,-0.3495268102303291,-0.8383432904583177,0.41796096954928297,-0.349984507195596,6.312097559054015,0.6942855162507524,0.9369370879081892,0.4112801968700931,0.07922989257447215,0.9700494673465807,0.22962285387838172
983,train,983:0,1,positive_gap,7,7,OM2,OM2,73.3623046875,-108.7925796508789,-194.04986572265625,76.43379974365234,-110.7833480834961,-192.29843139648438,0.8938371039387462,-0.44838586029039984,0.0023134204185531197,0.5016311300416758,-0.6842164085087641,0.5293525438689035,4.057679513116643,0.8975820919838723,0.9438892762897653,0.7563940944595813,0.43163446509520526,0.7569585143980911,0.4906174640411924
983,train,983:0,0,wrong_branch,2,1,LAD,LM,41.96513748168945,-129.8365020751953,-160.0369415283203,39.29792404174805,-127.83855438232422,-161.37710571289062,-0.6451272964250012,0.7580583850025433,-0.09569877917039706,-0.906234191517812,0.1460127400404431,-0.39676172934135107,3.5919162795446677,0.9364097076485571,0.9021846389823388,0.7332922089261401,0.3731056294942931,0.7425600243331724,0.5562344824819707
983,train,983:1,1,positive_gap,11,11,R-PLA,R-PLA,46.3017578125,-129.1266632080078,-232.04998779296875,50.4404296875,-129.00086975097656,-231.7242889404297,0.9476380381030834,-0.3193463883197268,-0.00018167907172221692,0.8581922017301655,0.3670680218673311,0.35884148619123674,4.153373162297502,0.934597467035155,0.8944115539867027,0.6959685333238343,0.07841791233583674,0.9964603981575858,0.030287058763018883
983,train,983:1,0,wrong_branch,3,1,LCX,LM,43.7548828125,-127.368408203125,-161.5631561279297,39.29792404174805,-127.83855438232422,-161.37710571289062,-0.8524152802913234,0.09660352426422711,0.5138637455839782,-0.906234191517812,0.1460127400404431,-0.39676172934135107,4.485547198607389,0.8581710044923655,0.86869744970923,0.5827117493038966,0.04147775216741112,0.9936265461961227,0.1048135619540874
983,train,983:2,1,positive_gap,7,7,OM2,OM2,85.4137954711914,-120.65144348144531,-203.46115112304688,87.02019500732422,-124.1533203125,-202.43655395507812,0.5938866553729159,-0.7753538319797879,-0.21476749242897628,0.1908120422129984,-0.8158832767152371,0.5458252864451342,3.986660277246472,0.8651759777368877,0.9338378250133591,0.6286934225299888,0.25700639049094604,0.40294367325483,0.8783986062322277
983,train,983:2,0,wrong_branch,6,3,OM1,LCX,63.48485565185547,-114.2841796875,-174.30030822753906,61.26360321044922,-110.4638671875,-175.11097717285156,-0.59521123466187,0.6327616975513339,0.49531426412354257,-0.01275713584716645,0.9691939274111272,-0.24596826330722385,4.492875932518452,0.742937483442897,0.874798099610814,0.49903039600568694,0.18043430477237435,0.4943943422361858,0.8503044725427236
983,train,983:3,1,positive_gap,2,2,LAD,LAD,57.68208694458008,-177.3193359375,-197.8755645751953,57.474857330322266,-180.14454650878906,-200.11260986328125,0.4013738509347141,-0.7828609914837689,-0.4754237055499949,-0.45087481439434585,-0.47798693320070507,-0.7538172148699239,3.6095886893240907,0.8843431304163676,0.8671823491532323,0.5516105374996929,0.6197507474195995,0.05741086647094327,0.7826959840729372
983,train,983:3,0,wrong_branch,3,7,LCX,OM2,61.01020812988281,-109.1904296875,-175.611083984375,60.84451675415039,-105.68952178955078,-178.62413024902344,-0.40571384121774634,0.8357936470549903,-0.3699260177209216,0.38818770802067576,0.5792837631063945,-0.7167570195979591,4.621932229579661,0.8887763529149653,0.8921207845065547,0.5918156328452407,0.6519018702536141,0.03584894098447016,0.7574554805334319
983,train,983:4,1,positive_gap,7,7,OM2,OM2,74.9541015625,-109.6856460571289,-193.7095947265625,77.53044891357422,-112.3740234375,-192.1257781982422,0.8042552811621642,-0.4126716484135894,0.4276395132800281,0.5820144821976191,-0.7627531368313496,-0.28189855403349257,4.046407469355835,0.9536263084832615,0.7669924948678968,0.6623038548879001,0.3914130102602956,0.6366999296500306,0.6643862242571107
983,train,983:4,0,wrong_branch,7,3,OM2,LCX,62.57788848876953,-103.82643127441406,-182.54998779296875,59.07705307006836,-106.61400604248047,-181.04998779296875,0.46058169283886946,0.13156606718993188,-0.8778125507110589,0.09199831204437499,0.43434551395514837,-0.8960358726569064,4.719790431406154,0.6983127379688964,0.6095387910513923,0.8860694042779539,0.31781072100548946,0.741735352359316,0.5906140979305964
983,train,983:5,1,positive_gap,3,3,LCX,LCX,58.183799743652344,-118.09618377685547,-176.7244110107422,54.8974609375,-120.69019317626953,-176.86087036132812,-0.5493789310810364,-0.7642999533205405,-0.337680872183305,-0.7100914671915649,-0.5954214290476241,0.37582366882969975,4.188977043077898,0.915289397978074,0.9135512644194966,0.7182813973650728,0.032575817241927985,0.7845206054740441,0.6192465064234596
983,train,983:5,0,wrong_branch,9,11,RCA,R-PLA,-9.7294921875,-150.08200073242188,-221.66342163085938,-6.291530132293701,-146.7569122314453,-222.54833984375,0.7633698792126163,0.39039285904901344,-0.5146453566432448,0.4556890194429379,0.889959294090522,0.01788777294783783,4.864039152378445,0.9000639997809382,0.9272141147674927,0.6860871656996183,0.18193073393702286,0.7068121673167834,0.6836064424667804
983,train,983:6,1,positive_gap,11,11,R-PLA,R-PLA,1.0947265625,-137.00601196289062,-224.16342163085938,4.5966796875,-135.18484497070312,-225.56138610839844,0.7265762516493228,0.4818129663388711,-0.48983999020798386,0.9546228444410426,0.277409811438173,-0.10834676455312446,4.187437113986501,0.9807136537025292,0.9551711140756984,0.8803385102810896,0.3338472768629067,0.836299872612556,0.43491208168944234
983,train,983:6,0,wrong_branch,2,1,LAD,LM,43.11823654174805,-130.41769409179688,-159.44960021972656,39.29792404174805,-127.83855438232422,-161.37710571289062,-0.8285518851546475,0.29176673160308403,-0.477884868913354,-0.906234191517812,0.1460127400404431,-0.39676172934135107,4.996201223410901,0.9685278435928076,0.9213891259868167,0.9830701347238191,0.38579420783379836,0.7646434419212358,0.5162201428932601
983,train,983:7,1,positive_gap,7,7,OM2,OM2,68.59522247314453,-106.10951232910156,-192.53541564941406,71.7705078125,-107.92425537109375,-194.0369415283203,0.6288455139597093,-0.45091269278808926,-0.6334280251578258,0.8529766900165147,-0.5158374897566801,-0.07963950307477811,3.9535185923187486,0.9526104651423825,0.9520981275058028,0.8194341297335271,0.3797948191829803,0.803154270103775,0.4590197313142863
983,train,983:7,0,wrong_branch,2,1,LAD,LM,41.96513748168945,-129.8365020751953,-160.0369415283203,37.7060546875,-127.61741638183594,-162.05010986328125,-0.6451272964250012,0.7580583850025433,-0.09569877917039706,-0.8806092996463073,0.15204058903618245,-0.44878828044187047,5.207396115826247,0.8876806630913957,0.9585338347094599,0.7263092306114086,0.38659788696361,0.8178910725161289,0.42614113541605947
983,train,983:8,1,positive_gap,11,11,R-PLA,R-PLA,21.1513671875,-131.7133331298828,-226.88697814941406,24.334888458251953,-129.83673095703125,-224.48736572265625,0.811738054712786,0.39546163042216803,0.4297574076091562,0.5510207578559494,0.4292100779818602,0.7156499377283984,4.406198270065914,0.9889615643899738,0.9706611209595801,0.9245764973144963,0.5445992848437834,0.7225097636617086,0.42590052871667294
983,train,983:8,0,wrong_branch,9,10,RCA,R-PDA,-9.7294921875,-150.08200073242188,-221.66342163085938,-5.272534370422363,-148.5159912109375,-224.37393188476562,0.7633698792126163,0.39039285904901344,-0.5146453566432448,-0.6918117125247346,-0.30439080100001287,0.6547845406545306,5.446441465867425,0.9930553435799934,0.9795119910271548,0.9839220419481284,0.497666278228249,0.8183247437816357,0.2875289363336553
983,train,983:9,1,positive_gap,10,10,R-PDA,R-PDA,23.3798828125,-143.36585998535156,-235.04986572265625,19.878976821899414,-142.0536651611328,-233.7244110107422,-0.96712312526305,-0.254296274213626,0.0025030985795726946,-0.7647541773353612,0.4445751888491958,0.4663731871664759,3.966740249255645,0.7702643581012321,0.9778452929259045,0.6277250139727248,0.33414204828833516,0.8825649703828042,0.3307992814666859
983,train,983:9,0,wrong_branch,2,4,LAD,D1,57.97733688354492,-144.2099609375,-165.88697814941406,63.1748046875,-145.79351806640625,-167.51358032226562,-0.28674781510339814,0.8467941351805238,0.4480127042364941,-0.9632423455299455,0.03358698266741926,0.2665259806721806,5.671609946248495,0.6276961741465469,0.9685327050841578,0.42405592328719205,0.28679725655807553,0.9164007844708998,0.2792076930384994
983,train,983:10,1,positive_gap,9,9,RCA,RCA,-19.91587257385254,-160.3341827392578,-200.66342163085938,-22.1455078125,-157.5236358642578,-202.61260986328125,-0.7073250555876711,0.5184918837543773,-0.4804762556242872,-0.5514012252514366,0.19364750608089076,-0.8114538386007338,4.08286441109703,0.9725675105310008,0.8218140332447963,0.880308864497136,0.47740704470226214,0.5460958322758451,0.6883762456967878
983,train,983:10,0,wrong_branch,7,3,OM2,LCX,63.922576904296875,-103.5394515991211,-185.04998779296875,59.426719665527344,-106.04663848876953,-182.54998779296875,0.41420384110197106,0.21375061984512284,-0.8847292526712331,0.25757668796208494,0.17822422983098074,-0.9496790898612207,5.722649597085375,0.8055599320811725,0.6953190347775603,0.9849936645804258,0.43686057613474794,0.7856251134193738,0.4381164436357213
983,train,983:11,1,positive_gap,7,7,OM2,OM2,87.48117065429688,-125.7451171875,-202.00216674804688,88.4455337524414,-129.2470703125,-203.73733520507812,0.3539234408093862,-0.9231188760255067,0.15029883156914522,0.22443234497228556,-0.6690322111018382,-0.7085379474935879,4.025479033486126,0.8230662535564561,0.9412013774009025,0.5905357048680122,0.43104645250842805,0.2395648046164032,0.8699469295129468
983,train,983:11,0,wrong_branch,6,3,OM1,LCX,63.48485565185547,-114.2841796875,-174.30030822753906,61.01020812988281,-109.1904296875,-175.611083984375,-0.59521123466187,0.6327616975513339,0.49531426412354257,-0.40571384121774634,0.8357936470549903,-0.3699260177209216,5.812770639309127,0.6961950204973508,0.9885497044177659,0.5871140100161698,0.22549930801875384,0.4257259877480352,0.876303283937144
983,train,983:12,1,positive_gap,2,2,LAD,LAD,56.209651947021484,-140.3896484375,-163.61097717285156,53.6240234375,-137.2060546875,-162.54986572265625,-0.614117217998867,0.7571206261402721,0.2227743253391071,-0.6091324398682701,0.6091324398682701,0.507853661402826,4.236354737746233,0.9995933131184996,0.9567446583519792,0.9484022104301904,0.25047747789880087,0.6103427757084041,0.7514936654463671
983,train,983:12,0,wrong_branch,4,2,D1,LAD,61.6218376159668,-148.3486328125,-167.92514038085938,57.97733688354492,-144.2099609375,-165.88697814941406,-0.5510811991230283,0.6571331648354538,0.5142815528934179,-0.28674781510339814,0.8467941351805238,0.4480127042364941,5.879208769828618,0.9824899650343296,0.9291689545654684,0.9448825090590915,0.34667287916444,0.6198964648312896,0.7039504867116063
983,train,983:13,1,positive_gap,4,4,D1,D1,66.27793884277344,-162.9931640625,-178.8755645751953,65.0944595336914,-160.01687622070312,-176.0369415283203,-0.40954801331257906,0.8408383723834436,0.3539226699708302,-0.028178339703989634,0.44549650205890257,0.8948401241701273,4.279800625555247,0.9327354289418657,0.9111144292794762,0.7028351426812617,0.6632605803936781,0.2765267386558435,0.6954267504951217
983,train,983:13,0,wrong_branch,3,7,LCX,OM2,61.26360321044922,-110.4638671875,-175.11097717285156,60.84451675415039,-105.68952178955078,-178.62413024902344,-0.01275713584716645,0.9691939274111272,-0.24596826330722385,0.38818770802067576,0.5792837631063945,-0.7167570195979591,5.942411292849722,0.9250011148509357,0.8617871489290793,0.7327856214489353,0.5911999191976359,0.0705246465863275,0.803435703565993
983,train,983:14,1,positive_gap,9,9,RCA,RCA,-5.272387504577637,-159.74557495117188,-177.4512481689453,-6.975239276885986,-159.49952697753906,-181.04998779296875,-0.7844691981702844,-0.03561266886056254,-0.619144421713302,-0.3509759363416363,0.035352097323497776,-0.9357169023395598,3.9888808762983703,0.8912805403526386,0.9962091934298362,0.8534147292098692,0.9021928043544437,0.42689963052709007,0.061683459913483764
983,train,983:14,0,wrong_branch,7,3,OM2,LCX,61.97366714477539,-104.38563537597656,-181.04998779296875,59.67277908325195,-104.97953033447266,-186.54998779296875,0.3113881317876707,0.41595989192788324,-0.8544090353508254,-0.001004464277969179,0.2765429462513978,-0.9610010353428923,5.991393585251111,0.623518372410528,0.8551565374168641,0.9358059633596506,0.9179834243470893,0.38403220031938573,0.09912467776413031
983,train,983:15,1,positive_gap,11,11,R-PLA,R-PLA,65.7216796875,-130.8387908935547,-231.09791564941406,68.9052734375,-129.24916076660156,-229.5631561279297,0.726654358112436,0.6390615805696457,0.2521383351972287,0.995427883975039,0.000119275772140414,0.09551603833004353,3.875265138586393,0.9589577466638989,0.8556373886847146,0.7474914895297419,0.3960398751049637,0.8215163701447538,0.4101990625428497
983,train,983:15,0,wrong_branch,7,3,OM2,LCX,63.454410552978516,-103.73859405517578,-184.04998779296875,59.07705307006836,-106.61400604248047,-181.04998779296875,0.4680644710131723,0.09760389229768464,-0.8782876130195058,0.09199831204437499,0.43434551395514837,-0.8960358726569064,6.035665052827652,0.8225108106897009,0.7190159455649033,0.8724321618009001,0.4970454744824728,0.7252485756908272,0.47640350518748287
983,train,983:16,1,positive_gap,11,11,R-PLA,R-PLA,53.6240234375,-127.41759490966797,-230.7244110107422,57.4443359375,-128.02174377441406,-230.82763671875,0.8426057590153566,0.40902564835638094,0.3503049440998468,0.7785246360461672,-0.5952556679700193,-0.19892229844527018,3.869165154813627,0.7587539790350147,0.8669478286821845,0.3428310417015038,0.026679064831179263,0.9873738512420827,0.15614450161024332
983,train,983:16,0,wrong_branch,3,1,LCX,LM,43.7548828125,-127.368408203125,-161.5631561279297,37.7060546875,-127.61741638183594,-162.05010986328125,-0.8524152802913234,0.09660352426422711,0.5138637455839782,-0.8806092996463073,0.15204058903618245,-0.44878828044187047,6.073503988574371,0.8037914509946452,0.90678035094318,0.5347164529552049,0.08017673755835711,0.9959371289422396,0.0409990969264823
983,train,983:17,1,positive_gap,2,2,LAD,LAD,54.540348052978516,-172.5439453125,-188.0516357421875,55.176918029785156,-174.72525024414062,-191.54998779296875,0.14242431873509964,-0.8736209718589478,-0.46529744353592833,0.10230046591659195,-0.13951156531566372,-0.984921894272039,4.171544032055361,0.8687601083779223,0.9145395973361035,0.5947319429284308,0.8386228273988942,0.15259816794813894,0.5229010924681226
983,train,983:17,0,wrong_branch,3,7,LCX,OM2,61.01020812988281,-109.1904296875,-175.611083984375,61.55144119262695,-104.84452819824219,-180.05010986328125,-0.40571384121774634,0.8357936470549903,-0.3699260177209216,0.4047834316780407,0.38755651726681606,-0.8282211778039517,6.235763284164985,0.8106148431497603,0.8948158564543326,0.4660715961761106,0.7118656813318514,0.08679499815500384,0.6969317613921839
983,train,983:18,1,positive_gap,3,3,LCX,LCX,56.80754470825195,-119.27510833740234,-177.04986572265625,53.6240234375,-121.9248046875,-175.7242889404297,-0.828645283585829,-0.5597699341248071,-0.0021482180685622617,-0.5839859870422949,-0.5839160117275131,0.5639170667628984,4.348890920065609,0.946996069860428,0.9551509531418023,0.8095644444299521,0.30480800889035964,0.7320306094740875,0.6092809405432689
983,train,983:18,0,wrong_branch,2,1,LAD,LM,44.3916015625,-131.01565551757812,-159.4906463623047,39.29792404174805,-127.83855438232422,-161.37710571289062,-0.8794348202696086,0.4296855136995969,0.2048530112399491,-0.906234191517812,0.1460127400404431,-0.39676172934135107,6.292714135447322,0.8673943726531117,0.9262198664728387,0.7784356275502592,0.2997846890834232,0.8094563666985749,0.5048856609196756
983,train,983:19,1,positive_gap,11,11,R-PLA,R-PLA,28.1552734375,-125.1083984375,-216.9383087158203,30.3837890625,-121.9248046875,-217.06455993652344,0.5867354914212404,0.6659177529942684,0.4607548256434652,0.5254482132503241,0.7797574775843459,-0.34041511620863757,3.888121709339515,0.8665855133971379,0.9506848514021999,0.670705555456177,0.032471005318547914,0.5731599449798508,0.8187999213997869
983,train,983:19,0,wrong_branch,9,11,RCA,R-PLA,-9.7294921875,-150.08200073242188,-221.66342163085938,-5.4213714599609375,-145.4833984375,-222.2852783203125,0.7633698792126163,0.39039285904901344,-0.5146453566432448,0.48320711571307207,0.8638896972928856,0.14214596102408342,6.331962808808185,0.8534457510025251,0.9422047315861674,0.6329673675790847,0.09820915065832046,0.6803768211566527,0.7262522591770297
983,train,983:20,1,positive_gap,10,10,R-PDA,R-PDA,-2.2961716651916504,-145.8416290283203,-225.61097717285156,-5.272534370422363,-148.5159912109375,-224.37393188476562,-0.6482671282309844,-0.7278507137685005,0.2235689355027585,-0.6918117125247346,-0.30439080100001287,0.6547845406545306,4.188225051459971,0.9914890852786564,0.8794016349660344,0.8164193366651901,0.2953626590946245,0.7106501366714247,0.6385430939736473
983,train,983:20,0,wrong_branch,9,11,RCA,R-PLA,-11.0029296875,-150.81399536132812,-220.8756866455078,-6.291530132293701,-146.7569122314453,-222.54833984375,0.7867439543052295,0.39329656074595204,-0.47576440143160853,0.4556890194429379,0.889959294090522,0.01788777294783783,6.438554031237731,0.9471211666620609,0.8895866701488602,0.7000181450702345,0.2597870873067195,0.7317480807566651,0.630123333624163
983,train,983:21,1,positive_gap,4,4,D1,D1,66.89237213134766,-147.7119140625,-170.54823303222656,64.4482421875,-145.6761016845703,-168.22451782226562,-0.5128297739194809,0.758560139172014,0.4019852462977077,-0.732459648584036,-0.06396383625959133,0.6777990047551756,3.9392836401493456,0.947331621473207,0.8212203898804737,0.5995718993202925,0.5898826848306971,0.6204503577597156,0.5167976119263415
983,train,983:21,0,wrong_branch,7,3,OM2,LCX,64.75933837890625,-103.2860336303711,-186.54998779296875,59.63297653198242,-105.88851928710938,-183.54998779296875,0.5075896006988015,0.06283899466183628,-0.8593044035801988,0.1078320049619856,0.2105120322352777,-0.9716259274999055,6.4847912363564,0.8240109143362156,0.6192208903448788,0.9028852069444542,0.4626209064650793,0.7905207214972998,0.40132142452754366
984,test,984:0,1,positive_gap,7,7,OM2,OM2,88.08773040771484,-150.779296875,147.14785766601562,85.28804779052734,-148.4251708984375,147.95779418945312,-0.6572684981894628,0.6597283311892255,-0.3643578602336553,-0.40441802934329174,0.37481842790190817,0.8342404950895338,3.7464822223662315,0.8269410792963137,0.7180852893657342,0.2091274850148146,0.21618587126938352,0.7472830380653068,0.6283563718809436
984,test,984:0,0,wrong_branch,5,2,D2,LAD,64.728515625,-234.333984375,172.7928009033203,61.446258544921875,-233.431884765625,173.95018005371094,-0.9452167638739516,-0.0001605327384296793,0.3264433235967528,0.23013531801784956,-0.6368910939266391,-0.7358039615806321,3.595347235346877,0.9679505393009763,0.6067582642496929,0.4576238094125839,0.32191025640363824,0.9129179645874885,0.2509075063755187
984,test,984:1,1,positive_gap,7,7,OM2,OM2,97.03572082519531,-162.009765625,150.45407104492188,94.7144775390625,-158.865234375,150.7892608642578,-0.546320150014489,0.6774922163616914,-0.4924820712040889,-0.42556417032940147,0.8442459012464676,0.32579747568142386,3.9228305329990585,0.8242676869694366,0.9564011388723419,0.6440148925482417,0.08544590864078959,0.591726628669373,0.8015975259568406
984,test,984:1,0,wrong_branch,2,3,LAD,LCX,32.13903045654297,-189.8579864501953,186.4499969482422,32.97505187988281,-185.81851196289062,186.26402282714844,-0.376489466921043,0.9264208985647445,0.0,-0.5683090004504314,-0.8228151992361412,0.0001670719029227854,4.129270193095293,0.8300499032447989,0.9199907969056862,0.5483108436030615,0.045038012141885096,0.20246227159893448,0.9782538556230213
984,test,984:2,1,positive_gap,6,6,OM1,OM1,83.59920501708984,-153.5111541748047,165.4867706298828,86.25814056396484,-156.169921875,164.64378356933594,0.6145608918090322,-0.5143004643100121,-0.5981721680832308,0.602741640829796,-0.7117173101516787,0.3607783042815414,3.85351931489733,0.9097488230495575,0.8280251031088739,0.5206504429177988,0.21875770994269297,0.690001873507112,0.6899583167824735
984,test,984:2,0,wrong_branch,1,2,LM,LAD,28.791015625,-187.4741668701172,185.75637817382812,32.13903045654297,-189.8579864501953,186.4499969482422,0.8588026397763633,-0.26323849263638677,0.4395037222910323,-0.376489466921043,0.9264208985647445,0.0,4.168081825830103,0.9135245517316574,0.8322563571248287,0.5671997889248178,0.16641198599212323,0.8032507449337773,0.5719224525068843
984,test,984:3,1,positive_gap,6,6,OM1,OM1,82.21517181396484,-152.9925079345703,167.2928009033203,84.943359375,-154.822265625,164.61126708984375,0.7336700294768789,-0.13939355371584897,-0.6650546782256797,0.6826847269467299,-0.6826905252355462,-0.26052871309566467,4.240476879631782,0.9527259780873423,0.8985467626877839,0.7692938215995322,0.6323660969257333,0.6433681018612359,0.43149809381547033
984,test,984:3,0,wrong_branch,10,9,R-PDA,RCA,3.1857099533081055,-194.51699829101562,111.95800018310547,0.48673099279403687,-196.14999389648438,114.94599914550781,-0.6680921774110052,-0.02464317980552523,0.7436703276125076,-0.6769191082061203,-0.7032032750953128,0.2174526956389752,4.345031631196179,0.9356652487705583,0.8343015714578399,0.6312866430866104,0.6876817514858351,0.6211643986976096,0.3758305448789539
984,test,984:4,1,positive_gap,4,4,D1,D1,64.69914245605469,-218.162109375,185.41357421875,62.931480407714844,-215.46694946289062,187.10311889648438,-0.14269915913857065,0.7218631805557834,0.6771635685261232,-0.6814679369799748,0.6814650321844412,0.26684613689936704,3.639103912647038,0.9183246144046121,0.9596073098775484,0.7698678994673347,0.4642749199501208,0.4857410205288886,0.7406108692699984
984,test,984:4,0,wrong_branch,3,7,LCX,OM2,52.62914276123047,-149.88070678710938,171.91729736328125,54.845863342285156,-146.73617553710938,169.82550048828125,0.14249601033898798,0.7336713169241394,-0.6643954287623223,-0.6576305265486491,-0.6576305265486491,0.3674835793647021,4.3792169486059676,0.9163068536853145,0.980637387447165,0.8203487910478973,0.4776645915352241,0.5061910855456326,0.7180578827000101
984,test,984:5,1,positive_gap,7,7,OM2,OM2,84.76590728759766,-148.047607421875,149.94981384277344,82.248046875,-146.2577362060547,151.8766326904297,-0.4084441725573831,0.15994987667489835,0.89865977703222,-0.7768834946084922,0.6296345170298445,0.0035228922055106555,3.640864031824298,0.8366831780759293,0.8486548365678821,0.4211893810019493,0.5292202155351554,0.6915557380306928,0.4916061682543735
984,test,984:5,0,wrong_branch,5,2,D2,LAD,64.728515625,-234.333984375,172.7928009033203,61.134605407714844,-232.537109375,174.94981384277344,-0.9452167638739516,-0.0001605327384296793,0.3264433235967528,0.20350180614352525,-0.6556921530112928,-0.7270865253707695,4.560444631447667,0.8992277140454914,0.7626228103113938,0.42960060047304616,0.472983034281112,0.7880613641271873,0.39401311609162115
984,test,984:6,1,positive_gap,11,11,R-PLA,R-PLA,23.092199325561523,-169.64599609375,111.9540023803711,25.47599983215332,-166.05299377441406,112.94999694824219,0.5268367111612332,0.849083917134676,0.038724429447703074,0.43018078286585837,0.8533255557079739,0.2945844361615104,4.425401190989294,0.9818778538665084,0.9908413221502901,0.9625876484959919,0.2250631128990229,0.5386631411962225,0.8119043142691263
984,test,984:6,0,wrong_branch,9,11,RCA,R-PLA,0.48673099279403687,-196.14999389648438,114.94599914550781,3.1857099533081055,-192.56300354003906,114.06999969482422,-0.6769191082061203,-0.7032032750953128,0.2174526956389752,0.7018437394885142,0.7021452531457234,-0.12003086613745068,4.573659616120031,0.9926104302415533,0.9878296791442934,0.9949433152407835,0.19153140465374852,0.5901136479421027,0.7842713838613686
984,test,984:7,1,positive_gap,7,7,OM2,OM2,89.29097747802734,-152.126953125,148.41357421875,86.74039459228516,-149.4646759033203,147.07467651367188,-0.4322558210502522,0.6576191077832912,-0.6170024426584391,-0.7535385971728331,0.6377079184435525,0.15971284646261308,3.922478824261379,0.938022100303323,0.8682975495969177,0.6465471409758224,0.3413396897892102,0.650247713248643,0.6787231597562561
984,test,984:7,0,wrong_branch,3,6,LCX,OM1,50.35000991821289,-158.3831329345703,179.03382873535156,53.04548263549805,-154.5104522705078,178.07041931152344,-0.7188768181767016,-0.6424588128840419,0.2654482888168037,0.7796099255719975,0.4930899630844412,0.38609668770271643,4.815743599212174,0.972121118812816,0.7556523697271048,0.7747447899739168,0.2000541357695482,0.559720978028423,0.8041708584103286
984,test,984:8,1,positive_gap,10,10,R-PDA,R-PDA,16.662099838256836,-190.65199279785156,105.41699981689453,12.619099617004395,-191.20899963378906,106.82599639892578,-0.8922696861674531,-0.4101765755306914,0.18870607841972104,-0.8738093712635885,-0.0029233761415139808,0.486259844696092,4.317566302039164,0.9500268502347112,0.9773048022467983,0.8726329022678381,0.326340462071373,0.9364072114753522,0.12900944582470653
984,test,984:8,0,wrong_branch,1,8,LM,IM,28.791015625,-187.4741668701172,185.75637817382812,33.732261657714844,-188.06460571289062,186.98269653320312,0.8588026397763633,-0.26323849263638677,0.4395037222910323,-0.9786092233810116,0.0038085106220067545,-0.20569269107203436,5.125269466224777,0.963452338232283,0.9931267794226022,0.9318374343186548,0.23926905062384826,0.9640948764308614,0.11520152192277783
984,test,984:9,1,positive_gap,7,7,OM2,OM2,77.306640625,-142.8671417236328,150.64378356933594,74.162109375,-140.89663696289062,151.98641967773438,-0.871826853535683,0.467822171152512,-0.14512185787199777,-0.7290574063688983,0.2794637510486758,0.6248002161238894,3.9463448295745125,0.8789112214621282,0.9330425847168846,0.6756789952527744,0.34022270388956305,0.796821206913902,0.49932401902006207
984,test,984:9,0,wrong_branch,1,2,LM,LAD,27.892578125,-187.1988983154297,185.13970947265625,32.13903045654297,-189.8579864501953,186.4499969482422,0.867652227566032,-0.13284451140468376,0.4790949256560264,-0.376489466921043,0.9264208985647445,0.0,5.1787991253953285,0.9008731670218788,0.7843863597375121,0.4497318562541125,0.25300990516520866,0.8199685349291882,0.5134565119018091
984,test,984:10,1,positive_gap,8,8,IM,IM,49.904296875,-191.65469360351562,192.10311889648438,45.861328125,-191.04190063476562,191.44981384277344,-0.9571677064561448,0.03486964555618938,0.2874266681020906,-0.9452663017019366,0.0,-0.32629989100020146,4.14100459179053,0.8943215643446806,0.9743663395166942,0.8109910875180617,0.15776487063214165,0.9763255896926837,0.1479817167952075
984,test,984:10,0,wrong_branch,10,11,R-PDA,R-PLA,17.56049919128418,-181.77200317382812,110.94999694824219,12.619099617004395,-183.15899658203125,111.64399719238281,-0.9993567462148997,-0.03558547895887749,0.004446063656283215,0.7625488003070781,0.6178439989156788,-0.19180229444435376,5.179074898662753,0.9636206256826243,0.9187190382974629,0.7848973277387602,0.13400081244621836,0.9541085369427007,0.26780717316161023
984,test,984:11,1,positive_gap,11,11,R-PLA,R-PLA,102.77100372314453,-172.3419952392578,137.5659942626953,105.125,-175.17799377441406,136.75599670410156,0.4758556457515708,-0.7713379314482447,0.4226099855842246,0.6777832029340901,-0.5556032804817741,-0.4815754608971443,3.773629845094195,0.7858117322799967,0.9437237671923261,0.5475662501969815,0.2146467968093811,0.6238015845448428,0.7515306618753593
984,test,984:11,0,wrong_branch,2,3,LAD,LCX,32.13903045654297,-189.8579864501953,186.4499969482422,33.732421875,-184.919921875,186.41322326660156,-0.376489466921043,0.9264208985647445,0.0,-0.678579701474398,-0.7318863343709653,-0.06222525458323797,5.188904534183759,0.7660251039513455,0.9044407680418898,0.42255668546367015,0.007086983658759812,0.3070766494083668,0.9516583977724105
984,test,984:12,1,positive_gap,7,7,OM2,OM2,79.103515625,-144.14920043945312,151.10684204101562,75.509765625,-141.794921875,151.29315185546875,-0.8418477759414816,0.45470932096241407,-0.290743453189029,-0.7023678148771865,0.6457298667617503,0.29952026942512355,4.300276499075964,0.9398778181449308,0.9534656399796226,0.7978226146548545,0.04332507793235131,0.8357020765460591,0.5474714393269847
984,test,984:12,0,wrong_branch,4,2,D1,LAD,54.845542907714844,-213.22421264648438,187.94981384277344,50.349853515625,-210.52554321289062,187.98251342773438,-0.9993326278347899,-0.036270654647996795,-0.004328805403210806,-0.6862236386489992,0.7122577839931654,0.1476007008806979,5.2435778896492975,0.8381042733485575,0.9558403118087625,0.659292681278402,0.006236120765076405,0.8573705753402141,0.5146618378494695
984,test,984:13,1,positive_gap,7,7,OM2,OM2,83.59554290771484,-147.2147674560547,151.28890991210938,80.451171875,-144.93960571289062,151.4499969482422,-0.676032472268468,0.5473741777507991,0.4933169427155527,-0.821300105954714,0.5665966423892745,-0.06659114649843419,3.884505011213604,0.8882801452451219,0.9939089498743087,0.8325153715445817,0.04146912815604411,0.8094650473194971,0.5857018427306012
984,test,984:13,0,wrong_branch,1,2,LM,LAD,28.791015625,-187.4741668701172,185.75637817382812,32.83430480957031,-190.759765625,186.4499969482422,0.8588026397763633,-0.26323849263638677,0.4395037222910323,-0.6768124274703233,0.7361555121180092,0.0,5.255897032131663,0.8832234523541901,0.9808525491409296,0.7750327667008743,0.131969627672243,0.7692862245686829,0.6251261649146606
984,test,984:14,1,positive_gap,9,9,RCA,RCA,-15.652299880981445,-215.4669952392578,122.83000183105469,-17.20319938659668,-218.61099243164062,125.4540023803711,-0.5704617199238899,-0.703863024851935,0.4232614657014758,-0.30387634261057084,-0.6501314527098491,0.6964109868454145,4.378970941333293,0.9610272706177728,0.9917115234915286,0.9257172469283459,0.599227668890961,0.354169855519302,0.7179762630316838
984,test,984:14,0,wrong_branch,3,7,LCX,OM2,52.45869827270508,-150.7464141845703,172.6070098876953,54.845863342285156,-146.73617553710938,169.82550048828125,0.2615488261756944,0.7134548059928612,-0.6500572677324707,-0.6576305265486491,-0.6576305265486491,0.3674835793647021,5.432988645123545,0.9743485591769577,0.9625065220426755,0.8800775235482194,0.5119667242284125,0.43938340856329816,0.7381275591401031
984,test,984:15,1,positive_gap,6,6,OM1,OM1,62.033203125,-148.6741180419922,175.48269653320312,65.03666687011719,-146.73648071289062,173.9459228515625,0.8376693229665281,0.5167429542933124,-0.17688082018415155,0.4789188313546204,0.4760867962471352,-0.7375487207046485,3.8906177190703892,0.9738802273966699,0.8981464153897535,0.7776483334535386,0.3949947778492656,0.7719760618976528,0.49802819732300374
984,test,984:15,0,wrong_branch,10,9,R-PDA,RCA,3.1857099533081055,-194.51699829101562,111.95800018310547,-0.4046989977359772,-197.0489959716797,115.1760025024414,-0.6680921774110052,-0.02464317980552523,0.7436703276125076,-0.6861502702724815,-0.7118634254123037,0.14982746799322866,5.445878039203333,0.8913628641965086,0.8718780919372554,0.5873764486947812,0.5909060570527748,0.6592892689108618,0.4649383740210355
984,test,984:16,1,positive_gap,9,9,RCA,RCA,-13.88479995727539,-223.55299377441406,159.95399475097656,-17.478500366210938,-224.93299865722656,158.60699462890625,-0.9963618696781619,-0.07208234935945478,-0.04546602646217253,-0.72760277122208,-0.6130882099800197,-0.3077613589998672,4.078419477521567,0.9173511494847587,0.950222435272165,0.7831411821501081,0.3302750316622352,0.8811502663574514,0.33836756871588924
984,test,984:16,0,wrong_branch,1,3,LM,LCX,28.791015625,-187.4741668701172,185.75637817382812,33.732421875,-184.919921875,186.41322326660156,0.8588026397763633,-0.26323849263638677,0.4395037222910323,-0.678579701474398,-0.7318863343709653,-0.06222525458323797,5.601170297225465,0.689142230601935,0.9397013585316695,0.4174536144937263,0.11726925944365682,0.882209607597134,0.45601987791416204
984,test,984:17,1,positive_gap,7,7,OM2,OM2,86.74039459228516,-149.4646759033203,147.07467651367188,84.76590728759766,-148.047607421875,149.94981384277344,-0.7535385971728331,0.6377079184435525,0.15971284646261308,-0.4084441725573831,0.15994987667489835,0.89865977703222,3.7647175005132985,0.757221372312076,0.9607355752057055,0.5533072627132345,0.7637059961895025,0.5244715717496172,0.37640765376209584
984,test,984:17,0,wrong_branch,5,2,D2,LAD,64.728515625,-234.333984375,172.7928009033203,60.79389572143555,-231.638671875,175.91322326660156,-0.9452167638739516,-0.0001605327384296793,0.3264433235967528,0.320262530663873,-0.6908422668543214,-0.6482043456969062,5.6993840880789515,0.831191051613545,0.902697270736078,0.5142085910024238,0.5475016800162747,0.6903587901356313,0.47291294258227273
984,test,984:18,1,positive_gap,6,6,OM1,OM1,87.22217559814453,-157.517578125,165.37290954589844,89.88492584228516,-160.3539581298828,163.95372009277344,0.6442232412810668,-0.7642160662159608,0.03082563106764448,0.7040301099851997,-0.49032383512611794,-0.5137354775966353,4.14118208952845,0.9270940685845146,0.9645770106841027,0.8124296915673824,0.3427015336306066,0.6429927944665259,0.6849203786655482
984,test,984:18,0,wrong_branch,3,7,LCX,OM2,52.62914276123047,-149.88070678710938,171.91729736328125,55.743980407714844,-145.837890625,169.28907775878906,0.14249601033898798,0.7336713169241394,-0.6643954287623223,-0.6266515745269027,-0.6291063500691648,0.4599271729802525,5.740567426135344,0.8981912245727274,0.993641991209189,0.8564261448749692,0.45783272094785815,0.5426010035703632,0.7042537543768689
984,test,984:19,1,positive_gap,7,7,OM2,OM2,94.7144775390625,-158.865234375,150.7892608642578,92.13436126708984,-155.720703125,151.40931701660156,-0.42556417032940147,0.8442459012464676,0.32579747568142386,-0.6863651599239566,0.7121812775790208,-0.14731155795956746,4.114553000167087,0.9611676867069388,0.9524817793485102,0.8453548106446819,0.1506983024203529,0.6270708560244287,0.7642461404367145
984,test,984:19,0,wrong_branch,3,6,LCX,OM1,49.52099609375,-159.0063018798828,179.1070098876953,53.04548263549805,-154.5104522705078,178.07041931152344,-0.7050718219456287,-0.7090825484069904,0.008698588559057351,0.7796099255719975,0.4930899630844412,0.38609668770271643,5.805961515174621,0.9786426426973593,0.7861503746654666,0.8959639820174278,0.17853900227595607,0.6070461425788565,0.7743505701208186
984,test,984:20,1,positive_gap,11,11,R-PLA,R-PLA,17.144399642944336,-177.2830047607422,111.91300201416016,20.22279930114746,-174.13900756835938,111.51499938964844,0.6430881289425356,0.7624630714264997,0.07132827717011765,0.6443070600106005,0.7647669007092922,0.0,4.418106935153827,0.9842394614934035,0.9931537842732271,0.997452741726815,0.09008442537796141,0.6967689337053005,0.7116163638699584
984,test,984:20,0,wrong_branch,9,11,RCA,R-PLA,-0.4046989977359772,-197.0489959716797,115.1760025024414,3.1857099533081055,-192.56300354003906,114.06999969482422,-0.6861502702724815,-0.7118634254123037,0.14982746799322866,0.7018437394885142,0.7021452531457234,-0.12003086613745068,5.851359392733584,0.9950992957975697,0.9916462861899025,0.9993857173348053,0.18901638634445514,0.6136025340543556,0.766658161043993
984,test,984:21,1,positive_gap,5,5,D2,D2,75.509765625,-236.8882293701172,164.57431030273438,71.916015625,-237.02914428710938,166.4828643798828,-0.8308834331425652,-0.3150950437948427,0.4586369303764693,-0.6763762128525164,0.4171063228375487,0.6070729232441734,4.071544515504017,0.9592728995901592,0.8671358010256698,0.7089877168006397,0.4687543191240726,0.8826503029293613,0.03460969576916038
984,test,984:21,0,wrong_branch,5,2,D2,LAD,66.076171875,-234.33749389648438,172.25621032714844,61.134605407714844,-232.537109375,174.94981384277344,-0.8581802601627264,0.03140928092137696,0.5123866685805137,0.20350180614352525,-0.6556921530112928,-0.7270865253707695,5.908973132041217,0.9608217848833897,0.7014075766971123,0.5677854944762192,0.4558496807201613,0.8362817628141971,0.3046865303417692
984,test,984:22,1,positive_gap,9,9,RCA,RCA,-20.1737003326416,-226.8679962158203,157.10299682617188,-22.869300842285156,-228.18600463867188,153.9499969482422,-0.7463486947769692,-0.3777930445661116,-0.5479379903622147,-0.6668112437702286,-0.005207908215969317,-0.7452084559863869,4.352564363742698,0.9735503945372714,0.9543714047740102,0.9079692367253592,0.7244005175878605,0.6193131874391519,0.30281193170414805
984,test,984:22,0,wrong_branch,10,9,R-PDA,RCA,4.533199787139893,-194.0449981689453,110.83000183105469,0.48673099279403687,-196.14999389648438,114.94599914550781,-0.8161400932346216,-0.30976648102232784,0.4878115163154995,-0.6769191082061203,-0.7032032750953128,0.2174526956389752,6.143805873329482,0.9704690467470724,0.8324492593088054,0.8763655572398322,0.6699426054981394,0.65862575702656,0.3426208071900411
984,test,984:23,1,positive_gap,8,8,IM,IM,69.669921875,-192.8646240234375,189.94627380371094,66.076171875,-191.2747344970703,191.45407104492188,-0.878600323842658,0.33645856151501785,0.33890574991702527,-0.7118239362620952,0.00012089401091407865,0.7023579352075228,4.209066439147213,0.9986544694281194,0.8594121495609051,0.8634825594855192,0.35822604917503464,0.8538116591783046,0.3777297292292945
984,test,984:23,0,wrong_branch,5,2,D2,LAD,66.974609375,-234.4787139892578,171.4459228515625,61.446258544921875,-233.431884765625,173.95018005371094,-0.665078034161701,0.23058598827066853,0.7102825567961291,0.23013531801784956,-0.6368910939266391,-0.7358039615806321,6.15871889749723,0.9250136524397574,0.6140282449784434,0.8225448263445626,0.40661982529615265,0.8976462348890005,0.16997515896661905
984,test,984:24,1,positive_gap,11,11,R-PLA,R-PLA,49.00590133666992,-148.5330047607422,114.94999694824219,53.04880142211914,-147.80799865722656,115.76000213623047,0.9089615630682846,0.27921382632502123,0.3095618129766683,0.9674948986222353,0.14861405228040414,0.20461545543958343,4.186500132046832,0.9860310649903967,0.9996347191527651,0.984251904844061,0.1934802728866175,0.9656992614192501,0.17317713618730032
984,test,984:24,0,wrong_branch,1,8,LM,IM,27.892578125,-187.1988983154297,185.13970947265625,33.732261657714844,-188.06460571289062,186.98269653320312,0.867652227566032,-0.13284451140468376,0.4790949256560264,-0.9786092233810116,0.0038085106220067545,-0.20569269107203436,6.184493056477848,0.9806437803468936,0.9858777647536032,0.9481447368531036,0.29800131453239614,0.9442461135271485,0.13998033299660126
984,test,984:25,1,positive_gap,11,11,R-PLA,R-PLA,30.142200469970703,-157.9669952392578,114.60700225830078,33.283199310302734,-154.85499572753906,114.94599914550781,0.6928988328523221,0.718663741901346,0.05842630835715604,0.7643470308392157,0.6440364519542014,-0.03147483123892283,4.434561259633354,0.9995762199424627,0.990940057965446,0.9906218538494485,0.0764442900570189,0.7082997970788493,0.7017604063893453
984,test,984:25,0,wrong_branch,9,11,RCA,R-PLA,0.48673099279403687,-196.14999389648438,114.94599914550781,4.500319957733154,-191.51699829101562,113.91400146484375,-0.6769191082061203,-0.7032032750953128,0.2174526956389752,0.7640467027104005,0.6256022024734681,-0.1576531646929759,6.21599258949605,0.997302254534459,0.985792579642863,0.9914054359512376,0.16602299082659133,0.6456875401880927,0.7453348019265192
984,test,984:26,1,positive_gap,6,6,OM1,OM1,53.947265625,-153.8944549560547,178.40931701660156,57.091796875,-151.3730926513672,177.296875,0.7728303617839548,0.6261066990552379,0.1035549772006892,0.7962276628849662,0.5229977048586288,-0.3041297577833371,4.181252431272976,0.9312119298276796,0.9950980611603903,0.9113071292389783,0.26605473715990907,0.7520548691298822,0.6030160451039487
984,test,984:26,0,wrong_branch,1,2,LM,LAD,27.892578125,-187.1988983154297,185.13970947265625,32.83430480957031,-190.759765625,186.4499969482422,0.867652227566032,-0.13284451140468376,0.4790949256560264,-0.6768124274703233,0.7361555121180092,0.0,6.230352469165624,0.8648778622362939,0.9575660704054658,0.6850320296641812,0.21030711858929754,0.7931696816556054,0.5715354511952978
984,test,984:27,1,positive_gap,3,3,LCX,LCX,38.673828125,-179.08023071289062,184.9539031982422,35.978515625,-182.2574920654297,185.45407104492188,-0.5711092648003537,-0.8201956090586272,0.03336720755692898,-0.7601545260731141,-0.6488322668007949,0.03437711518876366,4.196411210766504,0.9917957859186219,0.9835923607133857,0.9674477371035571,0.11918942676457303,0.6422898912015065,0.7571377524650911
984,test,984:27,0,wrong_branch,3,6,LCX,OM1,50.35000991821289,-158.3831329345703,179.03382873535156,54.396484375,-153.5039825439453,178.40931701660156,-0.7188768181767016,-0.6424588128840419,0.2654482888168037,0.7727113515010414,0.6262531537640914,-0.1035574944751141,6.369464573307767,0.9748614417735391,0.9807752069427926,0.9853152951708276,0.0980477576352514,0.6352927173415001,0.7660220626819779
984,test,984:28,1,positive_gap,4,4,D1,D1,71.466796875,-222.0638427734375,179.48658752441406,67.873046875,-221.5819091796875,181.6109161376953,-0.9414196112448994,-0.2919551987318591,0.16879359435992533,-0.7551508125211289,0.35301504950142787,0.5523835851780744,4.202388738383234,0.8569166243757185,0.9654978518273664,0.7010880162300138,0.5055050223884174,0.855168387249821,0.11468086932276812
984,test,984:28,0,wrong_branch,1,3,LM,LCX,27.892578125,-187.1988983154297,185.13970947265625,33.732421875,-184.919921875,186.41322326660156,0.867652227566032,-0.13284451140468376,0.4790949256560264,-0.678579701474398,-0.7318863343709653,-0.06222525458323797,6.396823119628729,0.8401573441251385,0.8926299437854275,0.5213559107905622,0.19908535379656195,0.9129287524115477,0.3562669152812153
984,test,984:29,1,positive_gap,11,11,R-PLA,R-PLA,31.486299514770508,-156.61900329589844,114.82599639892578,34.63090133666992,-154.06500244140625,114.60700225830078,0.6995643878509369,0.6992495229827266,0.14717259207873346,0.8887566475883325,0.34423250464338256,-0.3026806966334193,4.057018537875815,0.9744854147295303,0.9219186819974474,0.8179006120898801,0.05397908305828485,0.7751016645701286,0.6295265428659881
984,test,984:29,0,wrong_branch,4,2,D1,LAD,56.193359375,-213.220703125,187.9499969482422,50.349853515625,-210.52554321289062,187.98251342773438,-1.0,0.0,0.0,-0.6862236386489992,0.7122577839931654,0.1476007008806979,6.435177153880843,0.9080567200626287,0.9221812846873495,0.6862236386489992,0.005052926860386103,0.9080567200626287,0.41881673925387014
984,test,984:30,1,positive_gap,6,6,OM1,OM1,72.814453125,-147.5267333984375,169.79315185546875,76.10005187988281,-149.8152618408203,170.103271484375,0.8677311975089963,-0.4021067548239294,-0.29215188959609956,0.7028412798995979,-0.6990637199162983,-0.1316208599192479,4.0160547548453,0.9164833341405285,0.9631998725324329,0.9294288322323926,0.07721997030346663,0.8181160256639418,0.5698449304312256
984,test,984:30,0,wrong_branch,4,2,D1,LAD,54.845542907714844,-213.22421264648438,187.94981384277344,49.455078125,-209.6598358154297,188.25656127929688,-0.9993326278347899,-0.036270654647996795,-0.004328805403210806,-0.7563254898737617,0.6406402390466223,0.1324833479404145,6.4696202946743435,0.8124521944283201,0.9894039801941966,0.7320108037975109,0.04741351463484582,0.8331964686014358,0.5509406531923996
