{
  "test_loss": 1.1013101935386658,
  "test_bce_loss": 0.4539223998785019,
  "test_dice_loss": 0.5229996323585511,
  "test_topology_loss": 0.0,
  "test_dice": 0.7477753061433758,
  "test_iou": 0.5971574509047315,
  "test_precision": 0.771329563973062,
  "test_recall": 0.7256169832835342,
  "test_specificity": 0.9789278248679261,
  "test_accuracy": 0.9563282300937689,
  "test_balanced_accuracy": 0.8522724040757301,
  "dice": 0.7477753061433758,
  "iou": 0.5971574509047315,
  "precision": 0.771329563973062,
  "recall": 0.7256169832835342,
  "specificity": 0.9789278248679261,
  "balanced_accuracy": 0.8522724040757301,
  "run_dir": "C:\\sasha\\anza_lira\\results\\quick_arch_fix_20260425\\drive_implfix_best_ms_414243_e20\\az_thesis_seed43",
  "variant": "az_thesis",
  "dataset": "drive",
  "split": "test",
  "eval_tta": "none",
  "selected_threshold": 0.8
}