{
  "test_loss": 0.8258072137832642,
  "test_bce_loss": 0.3125903755426407,
  "test_dice_loss": 0.32502153515815735,
  "test_topology_loss": 0.27191290259361267,
  "test_axis_loss": 0.0,
  "test_dice": 0.7868250829507077,
  "test_iou": 0.6485668899786139,
  "test_precision": 0.7564645797419197,
  "test_recall": 0.8197245063636045,
  "test_specificity": 0.9620178101192036,
  "test_accuracy": 0.9441148367398497,
  "test_balanced_accuracy": 0.8908711582414041,
  "test_cldice": 0.7882593539442267,
  "test_skeleton_precision": 0.8110001331735756,
  "test_skeleton_recall": 0.7667591087310495,
  "dice": 0.7868250829507077,
  "iou": 0.6485668899786139,
  "precision": 0.7564645797419197,
  "recall": 0.8197245063636045,
  "specificity": 0.9620178101192036,
  "balanced_accuracy": 0.8908711582414041,
  "run_dir": "C:\\Users\\Comp1\\SASHA\\anza_lira\\results\\az_geometry_fix_drive_e80_20260430_182201\\az_thesis_seed42",
  "variant": "az_thesis",
  "dataset": "drive",
  "split": "test",
  "eval_tta": "none",
  "selected_threshold": 0.75
}