{
  "test_loss": 0.8258060216903687,
  "test_bce_loss": 0.3125898241996765,
  "test_dice_loss": 0.32502105832099915,
  "test_topology_loss": 0.2719123661518097,
  "test_axis_loss": 0.0,
  "test_dice": 0.7759138923081434,
  "test_iou": 0.6338719861556377,
  "test_precision": 0.8555871212121364,
  "test_recall": 0.7098151154873767,
  "test_specificity": 0.9827564978792693,
  "test_accuracy": 0.9484157230563097,
  "test_balanced_accuracy": 0.846285806683323,
  "test_cldice": 0.7600732936260306,
  "test_skeleton_precision": 0.8863827795976021,
  "test_skeleton_recall": 0.6652720665583665,
  "dice": 0.7759138923081434,
  "iou": 0.6338719861556377,
  "precision": 0.8555871212121364,
  "recall": 0.7098151154873767,
  "specificity": 0.9827564978792693,
  "balanced_accuracy": 0.846285806683323,
  "run_dir": "C:\\Users\\Comp1\\SASHA\\anza_lira\\results\\az_geometry_fix_drive_e80_20260430_182201\\az_thesis_seed42",
  "variant": "az_thesis",
  "dataset": "drive",
  "split": "test",
  "eval_tta": "none",
  "selected_threshold": 0.9
}