{
  "test_loss": 0.8258072137832642,
  "test_bce_loss": 0.31259047985076904,
  "test_dice_loss": 0.3250214457511902,
  "test_topology_loss": 0.2719130516052246,
  "test_axis_loss": 0.0,
  "test_dice": 0.7890692678194069,
  "test_iou": 0.6516221339915118,
  "test_precision": 0.7831129528689768,
  "test_recall": 0.7951168840238312,
  "test_specificity": 0.9683058777413718,
  "test_accuracy": 0.9465156890094568,
  "test_balanced_accuracy": 0.8817113808826015,
  "test_cldice": 0.7846382420486832,
  "test_skeleton_precision": 0.8310769572213752,
  "test_skeleton_recall": 0.7431146600364008,
  "dice": 0.7890692678194069,
  "iou": 0.6516221339915118,
  "precision": 0.7831129528689768,
  "recall": 0.7951168840238312,
  "specificity": 0.9683058777413718,
  "balanced_accuracy": 0.8817113808826015,
  "run_dir": "C:\\Users\\Comp1\\SASHA\\anza_lira\\results\\az_geometry_fix_drive_e80_20260430_182201\\az_thesis_seed42",
  "variant": "az_thesis",
  "dataset": "drive",
  "split": "test",
  "eval_tta": "none",
  "selected_threshold": 0.8
}