{
  "test_loss": 0.6162132322788239,
  "test_bce_loss": 0.2873009890317917,
  "test_dice_loss": 0.3163730204105377,
  "test_topology_loss": 0.2507839500904083,
  "test_axis_loss": 0.0,
  "test_dice": 0.8025295147972156,
  "test_iou": 0.670187302914048,
  "test_precision": 0.8380286373958556,
  "test_recall": 0.7699156759021831,
  "test_specificity": 0.9785828793696105,
  "test_accuracy": 0.9523289145643655,
  "test_balanced_accuracy": 0.8742492776358968,
  "test_cldice": 0.7924801238849585,
  "test_skeleton_precision": 0.8815863352936313,
  "test_skeleton_recall": 0.7197331930764752,
  "dice": 0.8025295147972156,
  "iou": 0.670187302914048,
  "precision": 0.8380286373958556,
  "recall": 0.7699156759021831,
  "specificity": 0.9785828793696105,
  "balanced_accuracy": 0.8742492776358968,
  "run_dir": "C:\\Users\\Comp1\\SASHA\\anza_lira\\results\\az_geometry_fix_drive_e80_20260430_182201\\az_thesis_seed42",
  "variant": "az_thesis",
  "dataset": "drive",
  "split": "test",
  "eval_tta": "flips",
  "selected_threshold": 0.85
}