{
  "test_loss": 0.6162137985229492,
  "test_bce_loss": 0.2873016595840454,
  "test_dice_loss": 0.31637293100357056,
  "test_topology_loss": 0.2507842183113098,
  "test_axis_loss": 0.0,
  "test_dice": 0.8044702984566289,
  "test_iou": 0.6728986301370101,
  "test_precision": 0.804955427372854,
  "test_recall": 0.8039857539412522,
  "test_specificity": 0.9719618770981168,
  "test_accuracy": 0.950827558181679,
  "test_balanced_accuracy": 0.8879738155196845,
  "test_cldice": 0.801204780035939,
  "test_skeleton_precision": 0.8594427595590094,
  "test_skeleton_recall": 0.7503586114565004,
  "dice": 0.8044702984566289,
  "iou": 0.6728986301370101,
  "precision": 0.804955427372854,
  "recall": 0.8039857539412522,
  "specificity": 0.9719618770981168,
  "balanced_accuracy": 0.8879738155196845,
  "run_dir": "C:\\Users\\Comp1\\SASHA\\anza_lira\\results\\az_geometry_fix_drive_e80_20260430_182201\\az_thesis_seed42",
  "variant": "az_thesis",
  "dataset": "drive",
  "split": "test",
  "eval_tta": "flips",
  "selected_threshold": 0.8
}