{
  "test_loss": 0.825806200504303,
  "test_bce_loss": 0.3125898092985153,
  "test_dice_loss": 0.32502123713493347,
  "test_topology_loss": 0.2719130218029022,
  "test_axis_loss": 0.0,
  "test_dice": 0.7881177399345985,
  "test_iou": 0.6503253376215623,
  "test_precision": 0.8154914719419125,
  "test_recall": 0.7625220412367741,
  "test_specificity": 0.9751693569461478,
  "test_accuracy": 0.9484146247707335,
  "test_balanced_accuracy": 0.868845699091461,
  "test_cldice": 0.778397325483339,
  "test_skeleton_precision": 0.8564978005651946,
  "test_skeleton_recall": 0.7133499091518329,
  "dice": 0.7881177399345985,
  "iou": 0.6503253376215623,
  "precision": 0.8154914719419125,
  "recall": 0.7625220412367741,
  "specificity": 0.9751693569461478,
  "balanced_accuracy": 0.868845699091461,
  "run_dir": "C:\\Users\\Comp1\\SASHA\\anza_lira\\results\\az_geometry_fix_drive_e80_20260430_182201\\az_thesis_seed42",
  "variant": "az_thesis",
  "dataset": "drive",
  "split": "test",
  "eval_tta": "none",
  "selected_threshold": 0.85
}