{
  "test_loss": 0.6154138445854187,
  "test_bce_loss": 0.28516918420791626,
  "test_dice_loss": 0.3175676465034485,
  "test_topology_loss": 0.2535405457019806,
  "test_axis_loss": 0.0,
  "test_dice": 0.8055896765331412,
  "test_iou": 0.6744664381289635,
  "test_precision": 0.8126848767488507,
  "test_recall": 0.7986172942963565,
  "test_specificity": 0.9735071964138544,
  "test_accuracy": 0.9515030038110515,
  "test_balanced_accuracy": 0.8860622453551055,
  "test_cldice": 0.8045387684209017,
  "test_skeleton_precision": 0.8664825308238088,
  "test_skeleton_recall": 0.7508606674955173,
  "dice": 0.8055896765331412,
  "iou": 0.6744664381289635,
  "precision": 0.8126848767488507,
  "recall": 0.7986172942963565,
  "specificity": 0.9735071964138544,
  "balanced_accuracy": 0.8860622453551055,
  "run_dir": "C:\\Users\\Comp1\\SASHA\\anza_lira\\results\\az_accuracy_mix35_e80_20260430_probe\\az_thesis_seed42",
  "variant": "az_thesis",
  "dataset": "drive",
  "split": "test",
  "eval_tta": "flips",
  "selected_threshold": 0.8
}