{
  "test_loss": 0.7268523424863815,
  "test_bce_loss": 0.3839493289589882,
  "test_dice_loss": 0.3346706867218018,
  "test_topology_loss": 0.274411216378212,
  "test_dice": 0.7647094126323325,
  "test_iou": 0.619052246048345,
  "test_precision": 0.719356809567089,
  "test_recall": 0.8161654156020647,
  "test_specificity": 0.9664901768504385,
  "test_accuracy": 0.9521762944469111,
  "test_balanced_accuracy": 0.8913277962262516,
  "dice": 0.7647094126323325,
  "iou": 0.619052246048345,
  "precision": 0.719356809567089,
  "recall": 0.8161654156020647,
  "specificity": 0.9664901768504385,
  "balanced_accuracy": 0.8913277962262516,
  "run_dir": "C:\\sasha\\anza_lira\\results\\chase_az_thesis_from_fives16_continue_dice_ft20",
  "variant": "az_thesis",
  "dataset": "chase_db1",
  "split": "test",
  "eval_tta": "flips",
  "selected_threshold": 0.75
}