{
  "variant": "az_fixed_dirs",
  "dataset": "cifar10",
  "epochs": 1,
  "batch_size": 32,
  "num_parameters": 257910,
  "best_val_accuracy": 45.28,
  "test_loss": 1.494324578666687,
  "test_accuracy": 46.22,
  "seconds_per_train_epoch_mean": 23.999970899894834,
  "seconds_per_forward_batch": 0.005195900099352002
}