{
  "variant": "az_cat",
  "dataset": "cifar10",
  "epochs": 1,
  "batch_size": 32,
  "num_parameters": 262015,
  "best_val_accuracy": 44.28,
  "test_loss": 1.5084722398757935,
  "test_accuracy": 44.77,
  "seconds_per_train_epoch_mean": 27.975523200351745,
  "seconds_per_forward_batch": 0.0033968999050557613
}