{
  "variant": "az_no_fuzzy",
  "dataset": "cifar10",
  "epochs": 20,
  "batch_size": 128,
  "num_parameters": 257918,
  "best_val_accuracy": 66.78,
  "test_loss": 0.9252658200263977,
  "test_accuracy": 67.46,
  "seconds_per_train_epoch_mean": 16.01755693501327,
  "seconds_per_forward_batch": 0.007393650012090802
}