{
  "variant": "az_full",
  "dataset": "cifar10",
  "epochs": 1,
  "batch_size": 32,
  "num_parameters": 257918,
  "best_val_accuracy": 45.72,
  "test_loss": 1.4863800041198731,
  "test_accuracy": 46.1,
  "seconds_per_train_epoch_mean": 21.705088299699128,
  "seconds_per_forward_batch": 0.004729100037366152
}