{
  "test_loss": 0.612219512462616,
  "test_bce_loss": 0.28256456553936005,
  "test_dice_loss": 0.31723907589912415,
  "test_topology_loss": 0.24831712245941162,
  "test_axis_loss": 0.0,
  "test_dice": 0.8075821724083495,
  "test_iou": 0.6772644233602688,
  "test_precision": 0.8126646277865351,
  "test_recall": 0.8025628939052879,
  "test_specificity": 0.9733727661969569,
  "test_accuracy": 0.9518819123348459,
  "test_balanced_accuracy": 0.8879678300511225,
  "test_cldice": 0.8064036361726442,
  "test_skeleton_precision": 0.8615535889872563,
  "test_skeleton_recall": 0.7578894520417525,
  "dice": 0.8075821724083495,
  "iou": 0.6772644233602688,
  "precision": 0.8126646277865351,
  "recall": 0.8025628939052879,
  "specificity": 0.9733727661969569,
  "balanced_accuracy": 0.8879678300511225,
  "run_dir": "C:\\Users\\Comp1\\SASHA\\anza_lira\\results\\az_accuracy_mix15_e80_20260430_probe\\az_thesis_seed42",
  "variant": "az_thesis",
  "dataset": "drive",
  "split": "test",
  "eval_tta": "flips",
  "selected_threshold": 0.8
}