{
  "test_loss": 1.2186652819315593,
  "test_bce_loss": 0.8237308979034423,
  "test_dice_loss": 0.3518512805302938,
  "test_topology_loss": 0.482343053817749,
  "test_dice": 0.6539425477123131,
  "test_iou": 0.48582068068559087,
  "test_precision": 0.8334438816690641,
  "test_recall": 0.5380591239746217,
  "test_specificity": 0.9625262060161462,
  "test_accuracy": 0.8528269333333337,
  "test_balanced_accuracy": 0.750292664995384,
  "test_cldice": 0.4467355111157848,
  "test_skeleton_precision": 0.829316567702942,
  "test_skeleton_recall": 0.3057066436894276,
  "dice": 0.6539425477123131,
  "iou": 0.48582068068559087,
  "precision": 0.8334438816690641,
  "recall": 0.5380591239746217,
  "specificity": 0.9625262060161462,
  "balanced_accuracy": 0.750292664995384,
  "run_dir": "C:\\Users\\Comp1\\SASHA\\anza_lira\\results\\article3_hrf_final_s42_e40",
  "variant": "az_thesis",
  "dataset": "hrf_seg_plus",
  "split": "test",
  "eval_tta": "none",
  "selected_threshold": 0.85
}