{
  "variant": "az_sota_pure",
  "dataset": "drive",
  "task": "segmentation",
  "epochs": 1,
  "batch_size": 1,
  "num_parameters": 2407736,
  "test_loss": 2.492554819583893,
  "seconds_per_train_epoch_mean": 9.534758899826556,
  "seconds_per_forward_batch": 0.11735620023682714,
  "regularization_weights": {
    "membership_entropy": 0.0005,
    "membership_smoothness": 0.0005,
    "geometry_smoothness": 0.0005,
    "hyperbolicity_penalty": 0.001
  },
  "bce_pos_weight": 7.024928913300719,
  "best_val_dice": 8.587597791269111e-14,
  "test_bce_loss": 1.2189263164997102,
  "test_dice_loss": 0.7973398059606552,
  "test_dice": 1.7311550786030664e-14,
  "test_iou": 1.7311550786030664e-14,
  "test_precision": 1.0,
  "test_recall": 1.7311550786030664e-14,
  "test_specificity": 1.0,
  "test_accuracy": 0.8727124729211928,
  "test_balanced_accuracy": 0.5000000000000087,
  "final_anisotropy_gap": 0.0013543707318603992
}