{
  "test_loss": 0.851216658949852,
  "test_bce_loss": 0.5328156501054764,
  "test_dice_loss": 0.31840101480484007,
  "test_dice": 0.772169810916467,
  "test_iou": 0.6288897420683449,
  "test_precision": 0.7646753264390178,
  "test_recall": 0.7798126543973974,
  "test_specificity": 0.9649978007793978,
  "test_accuracy": 0.9414260414447057,
  "test_balanced_accuracy": 0.8724052275883976,
  "bce_pos_weight": 6.9816205972426495,
  "variant": "az_sota",
  "task": "segmentation",
  "test_wall_seconds": 2.476106199901551,
  "seconds_per_forward_batch": 0.033809805009514096,
  "num_parameters": 3294656
}