{
  "variant": "az_sota",
  "dataset": "drive",
  "task": "segmentation",
  "epochs": 80,
  "batch_size": 2,
  "num_parameters": 3294656,
  "test_loss": 1.0700813353061676,
  "seconds_per_train_epoch_mean": 0.6351422424952033,
  "seconds_per_forward_batch": 0.03532752003520727,
  "regularization_weights": {
    "membership_entropy": 0.0005,
    "membership_smoothness": 0.0005,
    "geometry_smoothness": 0.0005,
    "hyperbolicity_penalty": 0.001
  },
  "bce_pos_weight": 6.9816205972426495,
  "best_val_dice": 0.7666549332229106,
  "test_bce_loss": 0.5328237265348434,
  "test_dice_loss": 0.3183964967727661,
  "test_dice": 0.7721721869289625,
  "test_iou": 0.6288928941897903,
  "test_precision": 0.7646783220700688,
  "test_recall": 0.779814385552476,
  "test_specificity": 0.9649983057669069,
  "test_accuracy": 0.9414267025080524,
  "test_balanced_accuracy": 0.8724063456596914,
  "final_anisotropy_gap": 0.00844776164740324
}