{
  "test_loss": 0.9027273178100585,
  "test_bce_loss": 0.4260971859097481,
  "test_dice_loss": 0.4654398441314697,
  "test_topology_loss": 0.3730093240737915,
  "test_dice": 0.7659138049358397,
  "test_iou": 0.6206323415651052,
  "test_precision": 0.7477091999547885,
  "test_recall": 0.7850269926586587,
  "test_specificity": 0.9721235749634249,
  "test_accuracy": 0.9543082898768421,
  "test_balanced_accuracy": 0.8785752838110419,
  "dice": 0.7659138049358397,
  "iou": 0.6206323415651052,
  "precision": 0.7477091999547885,
  "recall": 0.7850269926586587,
  "specificity": 0.9721235749634249,
  "balanced_accuracy": 0.8785752838110419,
  "run_dir": "C:\\sasha\\anza_lira\\results\\chase_baseline_ms_414243\\baseline_seed41",
  "variant": "baseline",
  "dataset": "chase_db1",
  "split": "test",
  "eval_tta": "flips",
  "selected_threshold": 0.8
}