{
  "test_loss": 0.7593905538320541,
  "test_bce_loss": 0.39555518329143524,
  "test_dice_loss": 0.35537777543067933,
  "test_topology_loss": 0.2819200962781906,
  "test_dice": 0.7518757057957963,
  "test_iou": 0.6024045115436112,
  "test_precision": 0.6879724924508863,
  "test_recall": 0.8288659939656547,
  "test_specificity": 0.9604369351217547,
  "test_accuracy": 0.9479087863072146,
  "test_balanced_accuracy": 0.8946514645437047,
  "dice": 0.7518757057957963,
  "iou": 0.6024045115436112,
  "precision": 0.6879724924508863,
  "recall": 0.8288659939656547,
  "specificity": 0.9604369351217547,
  "balanced_accuracy": 0.8946514645437047,
  "run_dir": "C:\\sasha\\anza_lira\\results\\retinal_transfer_fives16_continue_ms\\chase_finetune\\chase_seed42",
  "variant": "az_thesis",
  "dataset": "chase_db1",
  "split": "test",
  "eval_tta": "flips",
  "selected_threshold": 0.7
}