{
  "test_loss": 1.0842680156230926,
  "test_bce_loss": 0.44669380187988283,
  "test_dice_loss": 0.5132517993450165,
  "test_topology_loss": 0.0,
  "test_dice": 0.7515272434641032,
  "test_iou": 0.6019572630077638,
  "test_precision": 0.7841657483084069,
  "test_recall": 0.7214971285598898,
  "test_specificity": 0.9805473402743397,
  "test_accuracy": 0.9574356969894006,
  "test_balanced_accuracy": 0.8510222344171148,
  "dice": 0.7515272434641032,
  "iou": 0.6019572630077638,
  "precision": 0.7841657483084069,
  "recall": 0.7214971285598898,
  "specificity": 0.9805473402743397,
  "balanced_accuracy": 0.8510222344171148,
  "run_dir": "C:\\sasha\\anza_lira\\results\\quick_arch_fix_20260425\\drive_implfix_best_ms_414243_e20\\az_thesis_seed42",
  "variant": "az_thesis",
  "dataset": "drive",
  "split": "test",
  "eval_tta": "none",
  "selected_threshold": 0.8
}