{
  "variant": "baseline",
  "dataset": "drive",
  "task": "segmentation",
  "epochs": 1,
  "batch_size": 1,
  "num_parameters": 1542529,
  "test_loss": 1.4379258155822754,
  "seconds_per_train_epoch_mean": 0.5728356000036001,
  "seconds_per_forward_batch": 0.008297699969261885,
  "regularization_weights": {
    "membership_entropy": 0.0005,
    "membership_smoothness": 0.0005,
    "geometry_smoothness": 0.0005,
    "hyperbolicity_penalty": 0.001
  },
  "best_val_dice": 5.208333333062066e-11,
  "test_bce_loss": 0.6661669015884399,
  "test_dice_loss": 0.7717589139938354,
  "test_dice": 5.208333333062066e-11,
  "test_iou": 5.208333333062066e-11,
  "test_precision": 1.0,
  "test_recall": 5.208333333062066e-11,
  "test_specificity": 1.0,
  "test_accuracy": 0.8500000000011718,
  "final_anisotropy_gap": 0.0
}