{
  "test_loss": 0.7588667005300522,
  "test_bce_loss": 0.3966620862483978,
  "test_dice_loss": 0.3538531720638275,
  "test_topology_loss": 0.27838144898414613,
  "test_dice": 0.763922366840093,
  "test_iou": 0.6180213494254437,
  "test_precision": 0.7524389741900978,
  "test_recall": 0.7757617006828936,
  "test_specificity": 0.9731389414382672,
  "test_accuracy": 0.9543447348827875,
  "test_balanced_accuracy": 0.8744503210605804,
  "dice": 0.763922366840093,
  "iou": 0.6180213494254437,
  "precision": 0.7524389741900978,
  "recall": 0.7757617006828936,
  "specificity": 0.9731389414382672,
  "balanced_accuracy": 0.8744503210605804,
  "run_dir": "C:\\sasha\\anza_lira\\results\\retinal_transfer_fives16_continue_ms\\chase_finetune\\chase_seed43",
  "variant": "az_thesis",
  "dataset": "chase_db1",
  "split": "test",
  "eval_tta": "flips",
  "selected_threshold": 0.85
}