{
  "test_loss": 1.0659450531005858,
  "test_bce_loss": 0.5289519697427749,
  "test_dice_loss": 0.5254424542188645,
  "test_topology_loss": 0.3850208342075348,
  "test_dice": 0.7101484288774329,
  "test_iou": 0.5505660067998268,
  "test_precision": 0.666393791116525,
  "test_recall": 0.7600525942267402,
  "test_specificity": 0.9599566293935526,
  "test_accuracy": 0.9409218221694747,
  "test_balanced_accuracy": 0.8600046118101464,
  "dice": 0.7101484288774329,
  "iou": 0.5505660067998268,
  "precision": 0.666393791116525,
  "recall": 0.7600525942267402,
  "specificity": 0.9599566293935526,
  "balanced_accuracy": 0.8600046118101464,
  "run_dir": "C:\\sasha\\anza_lira\\results\\chase_baseline_ms_414243\\baseline_seed43",
  "variant": "baseline",
  "dataset": "chase_db1",
  "split": "test",
  "eval_tta": "flips",
  "selected_threshold": 0.8
}