{
  "test_loss": 1.1533264875411988,
  "test_bce_loss": 0.47384699881076814,
  "test_dice_loss": 0.5568692564964295,
  "test_topology_loss": 0.0,
  "test_dice": 0.7501665580353216,
  "test_iou": 0.6002132226963772,
  "test_precision": 0.7842518436585172,
  "test_recall": 0.7189207053412815,
  "test_specificity": 0.9806266634779192,
  "test_accuracy": 0.9572780828689044,
  "test_balanced_accuracy": 0.8497736844096003,
  "dice": 0.7501665580353216,
  "iou": 0.6002132226963772,
  "precision": 0.7842518436585172,
  "recall": 0.7189207053412815,
  "specificity": 0.9806266634779192,
  "balanced_accuracy": 0.8497736844096003,
  "run_dir": "C:\\sasha\\anza_lira\\results\\quick_arch_fix_20260425\\drive_implfix_best_ms_414243_e20\\az_thesis_seed41",
  "variant": "az_thesis",
  "dataset": "drive",
  "split": "test",
  "eval_tta": "none",
  "selected_threshold": 0.8
}