{
  "test_loss": 0.76158766746521,
  "test_bce_loss": 0.3750789165496826,
  "test_dice_loss": 0.37682206332683565,
  "test_topology_loss": 0.32288975119590757,
  "test_dice": 0.7647651811199254,
  "test_iou": 0.6191253431580733,
  "test_precision": 0.7214928635451869,
  "test_recall": 0.8135592820715161,
  "test_specificity": 0.9669495565670622,
  "test_accuracy": 0.9523437768356291,
  "test_balanced_accuracy": 0.8902544193192892,
  "dice": 0.7647651811199254,
  "iou": 0.6191253431580733,
  "precision": 0.7214928635451869,
  "recall": 0.8135592820715161,
  "specificity": 0.9669495565670622,
  "balanced_accuracy": 0.8902544193192892,
  "run_dir": "C:\\sasha\\anza_lira\\results\\chase_baseline_ms_414243\\baseline_seed42",
  "variant": "baseline",
  "dataset": "chase_db1",
  "split": "test",
  "eval_tta": "flips",
  "selected_threshold": 0.8
}