{
  "test_loss": 1.238564419746399,
  "test_bce_loss": 0.4961093723773956,
  "test_dice_loss": 0.6086341977119446,
  "test_topology_loss": 0.0,
  "test_dice": 0.7145109641803726,
  "test_iou": 0.5558281278725996,
  "test_precision": 0.7463240351475616,
  "test_recall": 0.6852991609754127,
  "test_specificity": 0.9771827143891784,
  "test_accuracy": 0.9511417838583999,
  "test_balanced_accuracy": 0.8312409376822956,
  "dice": 0.7145109641803726,
  "iou": 0.5558281278725996,
  "precision": 0.7463240351475616,
  "recall": 0.6852991609754127,
  "specificity": 0.9771827143891784,
  "balanced_accuracy": 0.8312409376822956,
  "run_dir": "C:\\sasha\\anza_lira\\results\\quick_arch_fix_20260424\\drive_quick_localgeom_fix_s42_e12\\az_thesis_seed42",
  "variant": "az_thesis",
  "dataset": "drive",
  "split": "test",
  "eval_tta": "none",
  "selected_threshold": 0.75
}