{
  "test_loss": 1.238566780090332,
  "test_bce_loss": 0.4961103737354279,
  "test_dice_loss": 0.6086354315280914,
  "test_topology_loss": 0.0,
  "test_dice": 0.7093891370859426,
  "test_iou": 0.549653778276919,
  "test_precision": 0.6803640055223654,
  "test_recall": 0.7410011195069369,
  "test_specificity": 0.9658991581740274,
  "test_accuracy": 0.9458344641104467,
  "test_balanced_accuracy": 0.8534501388404822,
  "dice": 0.7093891370859426,
  "iou": 0.549653778276919,
  "precision": 0.6803640055223654,
  "recall": 0.7410011195069369,
  "specificity": 0.9658991581740274,
  "balanced_accuracy": 0.8534501388404822,
  "run_dir": "C:\\sasha\\anza_lira\\results\\quick_arch_fix_20260424\\drive_quick_localgeom_fix_s42_e12\\az_thesis_seed42",
  "variant": "az_thesis",
  "dataset": "drive",
  "split": "test",
  "eval_tta": "none",
  "selected_threshold": 0.65
}