{
  "test_loss": 1.2385887265205384,
  "test_bce_loss": 0.4961185991764069,
  "test_dice_loss": 0.6086489260196686,
  "test_topology_loss": 0.0,
  "test_dice": 0.7141439360407239,
  "test_iou": 0.5553840402959326,
  "test_precision": 0.7136072204186966,
  "test_recall": 0.714681459615566,
  "test_specificity": 0.9719038229885764,
  "test_accuracy": 0.9489552545707324,
  "test_balanced_accuracy": 0.8432926413020712,
  "dice": 0.7141439360407239,
  "iou": 0.5553840402959326,
  "precision": 0.7136072204186966,
  "recall": 0.714681459615566,
  "specificity": 0.9719038229885764,
  "balanced_accuracy": 0.8432926413020712,
  "run_dir": "C:\\sasha\\anza_lira\\results\\quick_arch_fix_20260424\\drive_quick_localgeom_fix_s42_e12\\az_thesis_seed42",
  "variant": "az_thesis",
  "dataset": "drive",
  "split": "test",
  "eval_tta": "none",
  "selected_threshold": 0.7
}