{
  "test_loss": 0.8760028153657913,
  "test_bce_loss": 0.4504777371883392,
  "test_dice_loss": 0.42552508413791656,
  "test_dice": 0.765646514900248,
  "test_iou": 0.6202814057258296,
  "test_precision": 0.6917668129860085,
  "test_recall": 0.8571935552558758,
  "test_specificity": 0.9442925554236418,
  "test_accuracy": 0.9332059390812499,
  "test_balanced_accuracy": 0.9007430553397588,
  "bce_pos_weight": 6.9816205972426495,
  "variant": "baseline",
  "task": "segmentation",
  "test_wall_seconds": 2.90407619997859,
  "seconds_per_forward_batch": 0.010561404982581735,
  "num_parameters": 1542529
}