{
  "test_loss": 1.958915114402771,
  "test_bce_loss": 1.1847362518310547,
  "test_dice_loss": 0.7741788625717163,
  "test_dice": 5.208333333062066e-11,
  "test_iou": 5.208333333062066e-11,
  "test_precision": 1.0,
  "test_recall": 5.208333333062066e-11,
  "test_specificity": 1.0,
  "test_accuracy": 0.8500000000011718,
  "test_balanced_accuracy": 0.5000000000260416,
  "bce_pos_weight": 5.666666666666667,
  "variant": "az_full",
  "task": "segmentation",
  "test_wall_seconds": 0.39349279971793294,
  "seconds_per_forward_batch": 0.013539720000699163,
  "num_parameters": 1497846
}