candidate_id,source_junction_id,scan_id,split,side,degree,y,benchmark_group,geometry_score,geometry_pred,ct_score,ct_pred,geometry_plus_ct_score,geometry_plus_ct_pred,geometry_ambiguous
JPOS:953:left:298,953:left:298,953,train,left,3,1,competitive,0.9595965985842833,True,0.9992855254707534,True,0.9959543406551414,True,False
JPOS:953:left:330,953:left:330,953,train,left,3,1,competitive,0.9754085395849377,True,0.9958026535902585,True,0.9966130340892063,True,False
JPOS:953:left:413,953:left:413,953,train,left,3,1,competitive,0.9845444605622469,True,0.9277571281680607,True,0.9982161264896919,True,False
JPOS:953:left:492,953:left:492,953,train,left,3,1,competitive,0.9925710474520485,True,0.954901604778133,True,0.9803338297010744,True,True
JPOS:953:left:804,953:left:804,953,train,left,3,1,competitive,0.9819732251961827,True,0.860245368037255,False,0.9546040478091946,True,False
JPOS:953:left:874,953:left:874,953,train,left,3,1,isolated,0.9816846311018077,True,0.9999897653012494,True,0.9999994640100789,True,False
JPOS:953:left:941,953:left:941,953,train,left,3,1,competitive,0.9937428376202588,True,0.9433886180706109,True,0.9825266375277854,True,True
JPOS:953:left:1100,953:left:1100,953,train,left,3,1,isolated,0.9304492163645509,True,0.8180082038303833,False,0.9538084844468856,True,False
JPOS:953:right:11,953:right:11,953,train,right,3,1,competitive,0.9577824736378109,True,0.8106405952839625,False,0.9935320501796661,True,False
JPOS:953:right:136,953:right:136,953,train,right,3,1,isolated,0.9686663913790049,True,0.9997309123289215,True,0.9998640775432174,True,False
JPOS:955:left:42,955:left:42,955,train,left,3,1,isolated,0.9775780680386728,True,0.9964578474805599,True,0.999858799303158,True,False
JPOS:955:left:145,955:left:145,955,train,left,3,1,isolated,0.9861048688000547,True,0.9999133933920721,True,0.9996554561539437,True,False
JPOS:955:left:471,955:left:471,955,train,left,3,1,competitive,0.9624932507303265,True,0.9551892270520536,True,0.9868890333379731,True,False
JPOS:955:left:536,955:left:536,955,train,left,3,1,isolated,0.9807136288204271,True,0.9997157252857324,True,0.9968530871387218,True,False
JPOS:955:right:93,955:right:93,955,train,right,3,1,isolated,0.9757098530913947,True,0.9994519171926053,True,0.9995795516604438,True,False
JPOS:956:left:106,956:left:106,956,train,left,3,1,competitive,0.9657122497112199,True,0.8669230611973658,False,0.9530895151601314,True,True
JPOS:956:left:170,956:left:170,956,train,left,3,1,competitive,0.8702578917209458,True,0.9922919832683335,True,0.9965620407338166,True,False
JPOS:956:left:570,956:left:570,956,train,left,3,1,competitive,0.9734069594217359,True,0.6436061344181702,False,0.9535730211836826,True,True
JPOS:956:right:176,956:right:176,956,train,right,3,1,competitive,0.855587320159536,True,0.970486051929788,True,0.9932044778869835,True,False
JPOS:956:right:383,956:right:383,956,train,right,3,1,competitive,0.9671724479917502,True,0.8562547556288257,False,0.9938721555371222,True,False
JPOS:957:left:148,957:left:148,957,val,left,3,1,competitive,0.9552248631895855,True,0.9998343739876405,True,0.9997434378387764,True,True
JPOS:957:left:248,957:left:248,957,val,left,3,1,competitive,0.983716185636381,True,0.8975819022989681,True,0.9959197403785195,True,False
JPOS:957:left:542,957:left:542,957,val,left,3,1,competitive,0.8923201301357658,True,0.9994858869241188,True,0.9985944202597655,True,False
JPOS:957:left:762,957:left:762,957,val,left,3,1,isolated,0.9556247467174186,True,0.9825583077774769,True,0.9998062561999741,True,False
JPOS:957:left:1074,957:left:1074,957,val,left,3,1,competitive,0.8213904466278356,True,0.9658751599441444,True,0.9328780833851144,True,False
JPOS:957:left:1133,957:left:1133,957,val,left,3,1,competitive,0.965939773149381,True,0.6387717543576129,False,0.9527664849557965,True,False
JPOS:957:right:277,957:right:277,957,val,right,3,1,competitive,0.9158015676213482,True,0.9996284223651479,True,0.9994536288912723,True,False
JPOS:959:left:79,959:left:79,959,train,left,3,1,competitive,0.9837496189396644,True,0.9867334390984419,True,0.9972595068858819,True,False
JPOS:959:left:217,959:left:217,959,train,left,3,1,isolated,0.942676403205754,True,0.9954162146586886,True,0.999822701940323,True,False
JPOS:959:left:241,959:left:241,959,train,left,3,1,isolated,0.977163654846852,True,0.9318755124579912,True,0.987562803990839,True,False
JPOS:959:left:299,959:left:299,959,train,left,3,1,competitive,0.9774683225568784,True,0.7798111933798361,False,0.9944013935243746,True,False
JPOS:959:right:192,959:right:192,959,train,right,3,1,isolated,0.9858055032732823,True,0.6967254995947018,False,0.981792554613044,True,False
JPOS:960:left:102,960:left:102,960,train,left,3,1,competitive,0.8750524308145305,True,0.95894345847349,True,0.9983200568349725,True,False
JPOS:960:left:162,960:left:162,960,train,left,3,1,competitive,0.9718639942778183,True,0.8679303417724624,False,0.9824991048883726,True,True
JPOS:960:left:212,960:left:212,960,train,left,3,1,competitive,0.9654976692561347,True,0.9577017751293746,True,0.9928568870603846,True,True
JPOS:960:left:549,960:left:549,960,train,left,3,1,competitive,0.987699476124647,True,0.948046828864111,True,0.9940381739396724,True,False
JPOS:960:right:286,960:right:286,960,train,right,3,1,isolated,0.9814190087536842,True,0.9974927597187844,True,0.9993979107776098,True,False
JPOS:961:left:15,961:left:15,961,val,left,3,1,isolated,0.9537239338920105,True,0.999059910956741,True,0.9997010991245109,True,False
JPOS:961:left:204,961:left:204,961,val,left,3,1,competitive,0.986177448838535,True,0.9873684237455574,True,0.9974280518202794,True,False
JPOS:961:left:380,961:left:380,961,val,left,3,1,isolated,0.9317559049738952,True,0.4871148674547456,False,0.7571900649392035,True,False
JPOS:961:left:738,961:left:738,961,val,left,3,1,competitive,0.9207700417923473,True,0.9976111970618864,True,0.9965710110155871,True,False
JPOS:961:right:96,961:right:96,961,val,right,3,1,competitive,0.8187286994820627,True,0.9999544075974512,True,0.999984440874905,True,False
JPOS:961:right:222,961:right:222,961,val,right,3,1,isolated,0.9346899142725295,True,0.9997039118802972,True,0.9999097305338718,True,False
JPOS:963:left:114,963:left:114,963,train,left,3,1,competitive,0.9844256111706908,True,0.9975688387845323,True,0.9998142166214998,True,False
JPOS:963:left:223,963:left:223,963,train,left,3,1,competitive,0.9852196949212488,True,0.9480218510019496,True,0.9907386223712001,True,False
JPOS:963:left:393,963:left:393,963,train,left,3,1,competitive,0.9696136198884797,True,0.9501934993376745,True,0.9955622722731484,True,False
JPOS:963:left:416,963:left:416,963,train,left,3,1,competitive,0.967791237291626,True,0.9937665625035907,True,0.9991135955277611,True,False
JPOS:963:left:543,963:left:543,963,train,left,3,1,competitive,0.9680689296718684,True,0.78867411620161,False,0.9162085545992856,True,False
JPOS:963:left:921,963:left:921,963,train,left,3,1,competitive,0.9229082062643857,True,0.8350032947171937,False,0.9743164670259187,True,False
JPOS:963:right:96,963:right:96,963,train,right,3,1,competitive,0.9813551121243844,True,0.9331712385475721,True,0.9866482033199874,True,False
JPOS:963:right:185,963:right:185,963,train,right,3,1,competitive,0.9751547872224955,True,0.9739952096300899,True,0.9972182355759037,True,False
JPOS:964:left:149,964:left:149,964,train,left,3,1,isolated,0.17773457005331023,False,0.9992383623763873,True,0.9595557077862704,True,False
JPOS:964:left:270,964:left:270,964,train,left,3,1,isolated,0.9864487515768919,True,0.958695115637355,True,0.9985717489976856,True,False
JPOS:964:left:288,964:left:288,964,train,left,3,1,competitive,0.9861687530521817,True,0.8874134600155824,False,0.998781415515024,True,False
JPOS:964:left:380,964:left:380,964,train,left,3,1,isolated,0.9637623317014109,True,0.9963425464407636,True,0.9999368749307672,True,False
JPOS:964:right:41,964:right:41,964,train,right,3,1,competitive,0.9636059995235123,True,0.9998499942562254,True,0.999987580412253,True,False
JPOS:964:right:479,964:right:479,964,train,right,3,1,isolated,0.9757312649501672,True,0.998039892828156,True,0.9977484150784658,True,False
JPOS:965:left:12,965:left:12,965,val,left,3,1,competitive,0.9394467046826456,True,0.8843136984890131,False,0.7991753834333523,True,False
JPOS:965:left:21,965:left:21,965,val,left,3,1,competitive,0.9379732633955823,True,0.9769738158976199,True,0.9909545041193732,True,False
JPOS:965:left:63,965:left:63,965,val,left,3,1,isolated,0.9757591062066595,True,0.9176343733921937,True,0.9949650212260114,True,False
JPOS:965:left:476,965:left:476,965,val,left,3,1,competitive,0.9958966639026975,True,0.5498961447885106,False,0.9970615911556866,True,True
JPOS:965:left:603,965:left:603,965,val,left,3,1,competitive,0.9970371701352388,True,0.7811524172370802,False,0.9984618594773523,True,True
JPOS:965:right:12,965:right:12,965,val,right,3,1,competitive,0.9155717543319102,True,0.9965755174532328,True,0.9880152298677859,True,True
JPOS:965:right:13,965:right:13,965,val,right,3,1,competitive,0.9669703110642626,True,0.9946896759256046,True,0.9982493222411035,True,False
JPOS:966:left:14,966:left:14,966,val,left,3,1,competitive,0.989811522458645,True,0.9998948405991334,True,0.9999999303566769,True,False
JPOS:966:left:58,966:left:58,966,val,left,3,1,competitive,0.9500654810170308,True,0.9666092144681997,True,0.987935489074709,True,True
JPOS:966:left:112,966:left:112,966,val,left,3,1,competitive,0.981430421810229,True,0.991369833390389,True,0.998646509156946,True,False
JPOS:966:left:615,966:left:615,966,val,left,3,1,competitive,0.9482632039942528,True,0.013486932572526748,False,0.19162100433926388,True,False
JPOS:966:left:647,966:left:647,966,val,left,3,1,competitive,0.9726868870516856,True,0.945801739810308,True,0.9948133177145964,True,False
JPOS:966:left:665,966:left:665,966,val,left,3,1,competitive,0.9394462551162781,True,0.3603993560868245,False,0.8302339257395603,True,True
JPOS:966:left:857,966:left:857,966,val,left,3,1,competitive,0.9175313624672875,True,0.4741454170258968,False,0.7747881411419357,True,True
JPOS:966:left:928,966:left:928,966,val,left,3,1,competitive,0.3506712786346423,False,0.0018316942696692184,False,0.00530289065725361,False,False
JPOS:966:right:173,966:right:173,966,val,right,3,1,competitive,0.9739191312720366,True,0.9954786770626012,True,0.998890075040185,True,False
JPOS:966:right:534,966:right:534,966,val,right,3,1,competitive,0.9825375216450881,True,0.8843158564810943,False,0.9632944684946534,True,False
JPOS:967:left:264,967:left:264,967,train,left,3,1,competitive,0.9753757076425785,True,0.9996362304437315,True,0.999996679377228,True,False
JPOS:967:left:516,967:left:516,967,train,left,3,1,competitive,0.9874723452401059,True,0.9783099733489304,True,0.9965331185147562,True,False
JPOS:967:left:574,967:left:574,967,train,left,3,1,competitive,0.9859792639472122,True,0.9994269004875002,True,0.9998720434661548,True,False
JPOS:967:left:623,967:left:623,967,train,left,3,1,isolated,0.9824397318853282,True,0.9990552490062522,True,0.9998449862836455,True,False
JPOS:967:left:691,967:left:691,967,train,left,3,1,competitive,0.989002835805671,True,0.9126982508801472,True,0.9963917941070091,True,True
JPOS:967:left:724,967:left:724,967,train,left,3,1,competitive,0.985422685568667,True,0.6781206022858515,False,0.9552498629894872,True,False
JPOS:967:left:744,967:left:744,967,train,left,3,1,competitive,0.9851500527112734,True,0.9445276038830283,True,0.9941411087327072,True,True
JPOS:967:right:116,967:right:116,967,train,right,3,1,isolated,0.9807010857480724,True,0.9975561969131003,True,0.9995595554278409,True,False
JPOS:969:left:85,969:left:85,969,train,left,3,1,competitive,0.9764602118776533,True,0.9944616198557523,True,0.9985362680871648,True,False
JPOS:969:left:663,969:left:663,969,train,left,3,1,isolated,0.9606623557717253,True,0.988572492316452,True,0.994964309373925,True,False
JPOS:969:left:703,969:left:703,969,train,left,3,1,isolated,0.9136810954461828,True,0.9955052973239412,True,0.9951715190455054,True,False
JPOS:969:left:848,969:left:848,969,train,left,3,1,competitive,0.9772046001348766,True,0.9983105963990765,True,0.9999163430840987,True,False
JPOS:969:left:988,969:left:988,969,train,left,3,1,competitive,0.9760757702348791,True,0.9388851158649408,True,0.9613675646194985,True,False
JPOS:969:right:326,969:right:326,969,train,right,3,1,isolated,0.8045746657814578,True,0.9558419591561539,True,0.9194252283998889,True,False
JPOS:970:left:143,970:left:143,970,train,left,3,1,competitive,0.9612510025469299,True,0.9169142616611781,True,0.9884270202928714,True,False
JPOS:970:left:158,970:left:158,970,train,left,3,1,competitive,0.9810629779301213,True,0.9833706120287322,True,0.9939761676430056,True,True
JPOS:970:left:307,970:left:307,970,train,left,3,1,isolated,0.9821493532340296,True,0.9645184081017405,True,0.9990969852408861,True,False
JPOS:970:left:414,970:left:414,970,train,left,3,1,isolated,0.9770718932443317,True,0.9818949639357729,True,0.9976812098610319,True,False
JPOS:970:right:315,970:right:315,970,train,right,3,1,isolated,0.9654193283270659,True,0.9997071282916214,True,0.999987540645212,True,False
JPOS:971:left:27,971:left:27,971,train,left,3,1,competitive,0.949277988941718,True,0.91352771856976,True,0.9945418866431949,True,False
JPOS:971:left:158,971:left:158,971,train,left,3,1,competitive,0.9725365564756653,True,0.8517458891246281,False,0.978706131408492,True,False
JPOS:971:left:292,971:left:292,971,train,left,3,1,competitive,0.7069506847346699,False,0.9661181292312747,True,0.939240054451015,True,False
JPOS:971:left:580,971:left:580,971,train,left,3,1,competitive,0.9753618166382602,True,0.8557969658932901,False,0.9973226677724246,True,False
JPOS:971:left:592,971:left:592,971,train,left,3,1,competitive,0.8319074062879369,True,0.8889457605485859,False,0.9751950288826634,True,False
JPOS:971:right:352,971:right:352,971,train,right,3,1,isolated,0.9647571499309069,True,0.9998429752394269,True,0.9997663991947405,True,False
JPOS:971:right:411,971:right:411,971,train,right,3,1,competitive,0.9501781803033661,True,0.9781917336508373,True,0.9995043557315341,True,False
JPOS:971:right:446,971:right:446,971,train,right,3,1,isolated,0.984504433806512,True,0.998438538826876,True,0.999489399430677,True,False
JPOS:974:left:160,974:left:160,974,val,left,3,1,isolated,0.7566967253296923,True,0.996575853206715,True,0.9754059991114927,True,False
JPOS:974:left:562,974:left:562,974,val,left,3,1,isolated,0.9755235280224679,True,0.7762469638655036,False,0.8942309640189188,True,False
JPOS:974:left:578,974:left:578,974,val,left,3,1,competitive,0.9539671850745952,True,0.308135812693792,False,0.8348760521028252,True,True
JPOS:974:left:583,974:left:583,974,val,left,3,1,competitive,0.9221770713658008,True,0.992127741721693,True,0.9830967104891755,True,True
JPOS:974:left:585,974:left:585,974,val,left,3,1,competitive,0.9534107971618366,True,0.9376066648005429,True,0.9941514775579731,True,False
JPOS:974:right:181,974:right:181,974,val,right,3,1,isolated,0.9533964271192794,True,0.9802568738422283,True,0.9988395827687727,True,False
JPOS:975:left:85,975:left:85,975,train,left,3,1,competitive,0.94598045982126,True,0.9971852268092476,True,0.9856337242003866,True,False
JPOS:975:left:147,975:left:147,975,train,left,3,1,competitive,0.951756119966782,True,0.9952068943513659,True,0.9992893838250076,True,False
JPOS:975:left:304,975:left:304,975,train,left,3,1,competitive,0.9781312749974799,True,0.84241346047091,False,0.9864348787493432,True,False
JPOS:975:left:503,975:left:503,975,train,left,3,1,competitive,0.9719682649327548,True,0.9699922373481716,True,0.97371762079623,True,False
JPOS:975:left:548,975:left:548,975,train,left,3,1,competitive,0.9354199909768817,True,0.8679611446014929,False,0.9064657743200332,True,False
JPOS:975:left:585,975:left:585,975,train,left,3,1,isolated,0.9817115767625025,True,0.9999247097771243,True,0.9999995713613486,True,False
JPOS:975:left:604,975:left:604,975,train,left,3,1,competitive,0.856344299707804,True,0.8003294483989177,False,0.9764208098021319,True,True
JPOS:975:right:47,975:right:47,975,train,right,3,1,isolated,0.9749847385181726,True,0.969111504486737,True,0.9975526795091797,True,False
JPOS:976:left:62,976:left:62,976,train,left,3,1,competitive,0.9290658907570627,True,0.6640163786985008,False,0.9838720703851866,True,True
JPOS:976:left:168,976:left:168,976,train,left,3,1,competitive,0.9879353346183901,True,0.8919256022956931,False,0.9968876092705574,True,False
JPOS:976:left:345,976:left:345,976,train,left,3,1,isolated,0.9278494013117082,True,0.996834338422271,True,0.9992994944527178,True,False
JPOS:976:left:421,976:left:421,976,train,left,3,1,competitive,0.9782174821779865,True,0.9917968285855047,True,0.9995183986608944,True,False
JPOS:976:right:359,976:right:359,976,train,right,3,1,isolated,0.9756622455346542,True,0.997352928084973,True,0.9992072743838346,True,False
JPOS:977:left:267,977:left:267,977,train,left,3,1,isolated,0.9830128897680867,True,0.9617421960165083,True,0.9845748066260265,True,False
JPOS:977:left:319,977:left:319,977,train,left,3,1,isolated,0.9183307045375297,True,0.928092899574499,True,0.9923921940868045,True,False
JPOS:977:left:525,977:left:525,977,train,left,3,1,isolated,0.933631187103933,True,0.9993791165909328,True,0.9996951847306973,True,False
JPOS:977:right:44,977:right:44,977,train,right,3,1,isolated,0.9620892472360363,True,0.9855604304058092,True,0.9960373863668281,True,False
JPOS:979:left:159,979:left:159,979,train,left,3,1,competitive,0.9953861844567735,True,0.9698237295246369,True,0.9744801046490051,True,True
JPOS:979:left:192,979:left:192,979,train,left,3,1,competitive,0.987372835364833,True,0.9705300077408336,True,0.9946593446668395,True,False
JPOS:979:left:285,979:left:285,979,train,left,3,1,competitive,0.9552335787207994,True,0.9894651222373554,True,0.9983067246503143,True,False
JPOS:979:left:533,979:left:533,979,train,left,3,1,competitive,0.9710548963325563,True,0.9606348420317821,True,0.9923622433561547,True,False
JPOS:979:left:736,979:left:736,979,train,left,3,1,competitive,0.9861183986810443,True,0.9765359623568484,True,0.9972972584058157,True,False
JPOS:979:left:823,979:left:823,979,train,left,3,1,competitive,0.9914172664348778,True,0.8276311355098305,False,0.9023779403776256,True,True
JPOS:979:right:277,979:right:277,979,train,right,3,1,isolated,0.9844051873110554,True,0.9935485465365024,True,0.9999508207014511,True,False
JPOS:982:left:1,982:left:1,982,train,left,3,1,competitive,0.9816346868249887,True,0.9930744986036725,True,0.9991582265437619,True,False
JPOS:982:left:44,982:left:44,982,train,left,3,1,isolated,0.9608195975501954,True,0.9790977661129217,True,0.9997447388109009,True,False
JPOS:982:left:145,982:left:145,982,train,left,3,1,competitive,0.9891167717666401,True,0.9987764853271929,True,0.9995220611484904,True,True
JPOS:982:left:164,982:left:164,982,train,left,3,1,competitive,0.9912274473509745,True,0.6170170629447265,False,0.8715790791098553,True,True
JPOS:982:left:577,982:left:577,982,train,left,3,1,isolated,0.9820612911986473,True,0.934699789707646,True,0.9995963034921441,True,False
JPOS:982:right:207,982:right:207,982,train,right,3,1,isolated,0.9876486648539103,True,0.9916240865059904,True,0.9998477339298357,True,False
JPOS:983:left:66,983:left:66,983,train,left,3,1,competitive,0.9977082765463257,True,0.9995608029711218,True,0.9999908501802415,True,True
JPOS:983:left:220,983:left:220,983,train,left,3,1,competitive,0.9726949712193833,True,0.998946247868757,True,0.9981027256380456,True,False
JPOS:983:left:249,983:left:249,983,train,left,3,1,isolated,0.9662824156270575,True,0.8898701536086389,False,0.9609150209039925,True,False
JPOS:983:left:267,983:left:267,983,train,left,3,1,competitive,0.9983925361107059,True,0.7848656003463188,False,0.9862549784011628,True,True
JPOS:983:left:326,983:left:326,983,train,left,3,1,competitive,0.9624748798596645,True,0.9999763150718454,True,0.9999798373622422,True,False
JPOS:983:right:516,983:right:516,983,train,right,3,1,isolated,0.9901742538422371,True,0.9968189828037803,True,0.9971216307849728,True,False
JNEG:00000051,953:left:298,953,train,left,3,0,competitive,2.6346305722525045e-09,False,5.434515352393301e-08,False,1.0769069206724734e-11,False,False
JNEG:00000029,953:left:298,953,train,left,3,0,competitive,3.0514961930502176e-09,False,4.553451056312317e-10,False,1.5812860202107635e-12,False,False
JNEG:00000011,953:left:298,953,train,left,3,0,competitive,6.499983230463115e-10,False,9.887945704030244e-13,False,2.5458434653410594e-15,False,False
JNEG:00000039,953:left:298,953,train,left,3,0,competitive,1.6057113028648022e-09,False,5.581357635935212e-08,False,1.3700245010146585e-10,False,False
JNEG:00000053,953:left:298,953,train,left,3,0,competitive,2.0805542100656176e-10,False,6.420771111455476e-06,False,1.6640636296766143e-11,False,False
JNEG:00000021,953:left:298,953,train,left,3,0,competitive,8.398111779022239e-10,False,1.361517334543854e-06,False,4.1535186144622065e-09,False,False
JNEG:00000031,953:left:298,953,train,left,3,0,competitive,7.600724832139912e-11,False,0.00043544468646881235,False,1.7009905044061176e-09,False,False
JNEG:00000041,953:left:298,953,train,left,3,0,competitive,8.02811228867831e-11,False,1.2769318285742434e-08,False,8.632582494829719e-12,False,False
JNEG:00000019,953:left:298,953,train,left,3,0,competitive,3.7265528129718526e-10,False,0.00011719092331983741,False,1.7898046292477586e-10,False,False
JNEG:00000043,953:left:298,953,train,left,3,0,competitive,3.3256008045220033e-12,False,2.403713074250369e-13,False,1.463570182159961e-15,False,False
JNEG:00000023,953:left:298,953,train,left,3,0,competitive,1.2551447941434433e-10,False,2.6909672338094897e-08,False,2.6587722087933356e-10,False,False
JNEG:00000020,953:left:298,953,train,left,3,0,competitive,2.5906266751101544e-10,False,0.00011719092331983741,False,1.3429121596802615e-10,False,False
JNEG:00000493,953:left:298,953,train,left,3,0,competitive,7.853092132971115e-05,False,8.375965092033138e-08,False,4.846390889256505e-08,False,False
JNEG:00000551,953:left:298,953,train,left,3,0,competitive,6.50153760107324e-05,False,0.5693907283301549,False,0.000564497587667959,False,False
JNEG:00000745,953:left:298,953,train,left,3,0,competitive,2.573831065917199e-05,False,0.8735007244512051,False,0.005132419719752219,False,False
JNEG:00000553,953:left:298,953,train,left,3,0,competitive,5.763886571272923e-05,False,0.10291494944908666,False,0.00020155141707833932,False,False
JNEG:00000595,953:left:298,953,train,left,3,0,competitive,7.1298350796541345e-06,False,0.001698369150327174,False,6.744584007333646e-06,False,False
JNEG:00000541,953:left:298,953,train,left,3,0,competitive,5.754247897444347e-06,False,1.308504685323717e-07,False,3.368973116155628e-08,False,False
JNEG:00000820,953:left:330,953,train,left,3,0,competitive,7.537394360482862e-09,False,4.967719773010702e-17,False,6.592738248203883e-17,False,False
JNEG:00000825,953:left:330,953,train,left,3,0,competitive,3.3028548363859194e-09,False,8.851147132216435e-10,False,1.152964813316871e-12,False,False
JNEG:00000822,953:left:330,953,train,left,3,0,competitive,3.105459888559877e-09,False,5.078503908706386e-21,False,4.0431454207833564e-19,False,False
JNEG:00000827,953:left:330,953,train,left,3,0,competitive,1.7407099748176847e-09,False,7.054466408850936e-06,False,4.507940355929543e-11,False,False
JNEG:00000818,953:left:330,953,train,left,3,0,competitive,1.919796162836294e-09,False,1.2722364325455416e-24,False,7.533804318273504e-21,False,False
JNEG:00000824,953:left:330,953,train,left,3,0,competitive,6.889975348059004e-10,False,6.329568205023435e-14,False,6.375009043895401e-16,False,False
JNEG:00000876,953:left:330,953,train,left,3,0,competitive,1.3377119988099541e-08,False,1.1505381023024236e-06,False,8.235373528285317e-07,False,False
JNEG:00000881,953:left:330,953,train,left,3,0,competitive,1.4651334663882468e-10,False,8.698048041856057e-13,False,1.2339762239432884e-15,False,False
JNEG:00000848,953:left:330,953,train,left,3,0,competitive,1.612208913873467e-08,False,5.719869868264706e-11,False,1.7723674163071904e-08,False,False
JNEG:00000850,953:left:330,953,train,left,3,0,competitive,1.8308541039009197e-08,False,5.2961055222998246e-15,False,8.110665602201121e-11,False,False
JNEG:00000853,953:left:330,953,train,left,3,0,competitive,1.4107747821948557e-10,False,2.7566222811821207e-16,False,1.0049703037909451e-16,False,False
JNEG:00000883,953:left:330,953,train,left,3,0,competitive,2.3052328652255013e-11,False,0.015373331308272864,False,9.188074523844308e-11,False,False
JNEG:00001442,953:left:330,953,train,left,3,0,competitive,1.5999018409075215e-05,False,1.004151236128774e-12,False,1.5012308710497028e-12,False,False
JNEG:00001474,953:left:330,953,train,left,3,0,competitive,1.7458278046805443e-05,False,2.095086925482584e-06,False,2.4380757037937613e-08,False,False
JNEG:00001444,953:left:330,953,train,left,3,0,competitive,3.579581433399967e-06,False,6.7671179386401185e-06,False,3.0906366127303917e-09,False,False
JNEG:00001445,953:left:330,953,train,left,3,0,competitive,2.688637054870641e-06,False,1.734256806346421e-05,False,1.1448675218979807e-09,False,False
JNEG:00001447,953:left:330,953,train,left,3,0,competitive,1.448084247204666e-06,False,6.98557412041945e-05,False,8.515150563586036e-09,False,False
JNEG:00001477,953:left:330,953,train,left,3,0,competitive,1.7739485037758787e-06,False,4.9861733017351213e-05,False,1.651812477818547e-08,False,False
JNEG:00002025,953:left:413,953,train,left,3,0,competitive,1.7459692022743343e-13,False,1.352082082531225e-16,False,3.4162981425972485e-18,False,False
JNEG:00001993,953:left:413,953,train,left,3,0,competitive,9.483140468138423e-14,False,1.4134148599180792e-16,False,7.860164028948199e-19,False,False
JNEG:00002011,953:left:413,953,train,left,3,0,competitive,3.381604963151509e-14,False,1.3117282226303196e-16,False,1.5374329654493846e-18,False,False
JNEG:00001991,953:left:413,953,train,left,3,0,competitive,9.110760207720837e-14,False,2.368070875772748e-16,False,1.5526574298129235e-19,False,False
JNEG:00002037,953:left:413,953,train,left,3,0,competitive,1.7555002754399918e-14,False,1.0751344339045022e-18,False,1.743167702200095e-20,False,False
JNEG:00002009,953:left:413,953,train,left,3,0,competitive,5.597040292907455e-14,False,5.186045099709018e-18,False,1.3796957716354287e-19,False,False
JNEG:00002102,953:left:492,953,train,left,3,0,competitive,0.9437701211197095,True,0.006732753923213701,False,0.016491402573539846,False,True
JNEG:00002066,953:left:492,953,train,left,3,0,competitive,0.6339909132640684,False,0.02813506419300018,False,0.02561470198093559,False,True
JNEG:00002117,953:left:492,953,train,left,3,0,competitive,0.5739636548230487,False,0.08031227601151587,False,0.013957245719414648,False,True
JNEG:00002081,953:left:492,953,train,left,3,0,competitive,0.4847371578013629,False,0.33520035518633595,False,0.08401923687193863,False,True
JNEG:00002138,953:left:492,953,train,left,3,0,competitive,0.7447761536350047,False,0.05701639328342533,False,0.056730639649041084,False,True
JNEG:00002153,953:left:492,953,train,left,3,0,competitive,0.5868049800822681,False,0.018386363458105525,False,0.03677634669644395,False,True
JNEG:00002119,953:left:492,953,train,left,3,0,competitive,0.019187843075297688,False,0.09087204602600445,False,0.00033219346265858483,False,True
JNEG:00002083,953:left:492,953,train,left,3,0,competitive,0.011827720133541214,False,0.05189698743047883,False,0.001739520360292086,False,True
JNEG:00002155,953:left:492,953,train,left,3,0,competitive,0.009613557977917237,False,0.001251680090290156,False,3.8316307865014464e-05,False,True
JNEG:00002103,953:left:492,953,train,left,3,0,competitive,0.0004121748886625028,False,1.2939192772176245e-06,False,7.628371671935644e-08,False,True
JNEG:00002137,953:left:492,953,train,left,3,0,competitive,0.24591728790056105,False,0.05701639328342533,False,0.00044798822472935553,False,True
JNEG:00002101,953:left:492,953,train,left,3,0,competitive,0.6796997938912945,False,0.006732753923213701,False,0.00014626735269685217,False,True
JNEG:00002613,953:left:492,953,train,left,3,0,competitive,0.8316380974610708,True,0.08365032278282843,False,0.17637236270943782,False,True
JNEG:00003849,953:left:492,953,train,left,3,0,competitive,0.667495774693334,False,0.0037400043422495008,False,0.005048573930342347,False,True
JNEG:00003213,953:left:492,953,train,left,3,0,competitive,0.7987506776054614,True,0.010728847526713403,False,0.1893257914487579,False,True
JNEG:00002615,953:left:492,953,train,left,3,0,competitive,0.07606618936630702,False,0.06368034889453222,False,0.0020692317098064935,False,True
JNEG:00004017,953:left:492,953,train,left,3,0,competitive,0.046651584046206195,False,0.06330612822661708,False,0.0020122938662014357,False,True
JNEG:00003851,953:left:492,953,train,left,3,0,competitive,0.02441864317042571,False,0.0014414484434665097,False,0.00011089194867256008,False,True
JNEG:00004078,953:left:804,953,train,left,3,0,competitive,0.0015988807082397798,False,0.002430046898444976,False,1.4360253406067227e-05,False,False
JNEG:00004116,953:left:804,953,train,left,3,0,competitive,0.019793337660964246,False,4.0417584826787193e-07,False,2.3835677007793876e-07,False,False
JNEG:00004076,953:left:804,953,train,left,3,0,competitive,0.00048329866046945355,False,4.458501158748192e-08,False,1.4054339765318332e-07,False,False
JNEG:00004112,953:left:804,953,train,left,3,0,competitive,0.00010010917383507696,False,1.1844621206548468e-09,False,4.835036544620487e-08,False,False
JNEG:00004074,953:left:804,953,train,left,3,0,competitive,6.189318112464115e-05,False,8.262265492937035e-08,False,1.1842122437372028e-07,False,False
JNEG:00004040,953:left:804,953,train,left,3,0,competitive,0.00019434223722996927,False,5.168998363521102e-05,False,1.2478797193373663e-08,False,False
JNEG:00004114,953:left:804,953,train,left,3,0,competitive,0.0017370240221756775,False,8.623261402410886e-11,False,1.1069380333342327e-09,False,False
JNEG:00004135,953:left:804,953,train,left,3,0,competitive,1.173976249756662e-05,False,0.015313946927083558,False,7.514084536043743e-07,False,False
JNEG:00004038,953:left:804,953,train,left,3,0,competitive,6.267145293287637e-05,False,5.3685678391531644e-09,False,1.6125008704693695e-11,False,False
JNEG:00004093,953:left:804,953,train,left,3,0,competitive,0.0001798261314673806,False,3.6213432210042643e-06,False,4.092539164493125e-08,False,False
JNEG:00004055,953:left:804,953,train,left,3,0,competitive,4.457094531224863e-05,False,2.3160558890190584e-06,False,4.135537349005919e-08,False,False
JNEG:00004057,953:left:804,953,train,left,3,0,competitive,3.604458208867667e-05,False,0.0038205031462942066,False,5.55843183931081e-07,False,False
JNEG:00005521,953:left:804,953,train,left,3,0,competitive,0.03211984449045785,False,0.10924508553511218,False,0.0007460360877785649,False,False
JNEG:00004602,953:left:804,953,train,left,3,0,competitive,0.0007403371516553883,False,2.3581845729481398e-05,False,3.974154210309811e-08,False,False
JNEG:00005352,953:left:804,953,train,left,3,0,competitive,0.008534911418899662,False,0.0005649510688064005,False,9.000327917684237e-08,False,False
JNEG:00006050,953:left:804,953,train,left,3,0,competitive,0.0013877047014595118,False,2.7216632656544472e-11,False,3.5488885243888053e-07,False,False
JNEG:00005353,953:left:804,953,train,left,3,0,competitive,0.014820654390770106,False,6.315311904750215e-05,False,4.100865813460403e-07,False,False
JNEG:00004653,953:left:804,953,train,left,3,0,competitive,0.0006262312459667061,False,1.0359860644081874e-09,False,6.260204276256504e-09,False,False
JNEG:00006432,953:left:941,953,train,left,3,0,competitive,0.6060246009530031,False,0.004844940839267714,False,0.0004374662229197664,False,True
JNEG:00006370,953:left:941,953,train,left,3,0,competitive,0.13379880766941565,False,0.0007113108440342508,False,0.0001889934894552349,False,True
JNEG:00006448,953:left:941,953,train,left,3,0,competitive,0.06294246680697062,False,0.031141687783729912,False,0.0038547061910691204,False,True
JNEG:00006494,953:left:941,953,train,left,3,0,competitive,0.07739760933679565,False,0.00045827124637336627,False,4.295300876768353e-05,False,True
JNEG:00006384,953:left:941,953,train,left,3,0,competitive,0.018673711116286233,False,0.15198581162526334,False,0.012709948732497667,False,True
JNEG:00006508,953:left:941,953,train,left,3,0,competitive,0.025355933237175655,False,0.019359466308471983,False,0.0027440163229246074,False,True
JNEG:00006430,953:left:941,953,train,left,3,0,competitive,0.002565756079189299,False,2.788210941485653e-07,False,2.4778392217148167e-08,False,True
JNEG:00006401,953:left:941,953,train,left,3,0,competitive,0.0003826119371958252,False,0.025952338140279634,False,0.0005509549266160848,False,True
JNEG:00006446,953:left:941,953,train,left,3,0,competitive,0.0018887458739391557,False,0.01215868548741358,False,6.545764601609914e-05,False,True
JNEG:00006465,953:left:941,953,train,left,3,0,competitive,0.00033219328110087196,False,5.6139738926597006e-05,False,2.0241561871785723e-05,False,True
JNEG:00006492,953:left:941,953,train,left,3,0,competitive,0.00039023436722520016,False,1.431034789724163e-09,False,4.753962893935852e-10,False,True
JNEG:00006382,953:left:941,953,train,left,3,0,competitive,0.00042976960927398585,False,0.10982350162404704,False,0.0004009358492958892,False,True
JNEG:00008472,953:left:941,953,train,left,3,0,competitive,0.4869895768188853,False,0.029833635766605773,False,0.0010752418759389989,False,True
JNEG:00008616,953:left:941,953,train,left,3,0,competitive,0.04054093007618204,False,0.7311378187720525,False,0.08087532321416722,False,True
JNEG:00012104,953:left:941,953,train,left,3,0,competitive,0.009665831964544392,False,1.5392239865400087e-07,False,1.3130423333178382e-08,False,True
JNEG:00008470,953:left:941,953,train,left,3,0,competitive,0.030566210256202184,False,0.04397984847486498,False,6.625093157094245e-05,False,True
JNEG:00008418,953:left:941,953,train,left,3,0,competitive,0.0397934509564239,False,4.5750274482948395e-10,False,2.7058469890808363e-11,False,True
JNEG:00012152,953:left:941,953,train,left,3,0,competitive,0.08449212636365433,False,0.0001360741702631873,False,2.25044644435472e-06,False,True
JNEG:00012268,953:right:11,953,train,right,3,0,competitive,1.733487268090886e-20,False,2.490744203736401e-06,False,2.450981477746989e-13,False,False
JNEG:00012267,953:right:11,953,train,right,3,0,competitive,1.6619848611149997e-20,False,2.490744203736401e-06,False,2.599682161630227e-13,False,False
JNEG:00012266,953:right:11,953,train,right,3,0,competitive,1.420569899681909e-20,False,2.490744203736401e-06,False,4.3715433254333954e-13,False,False
JNEG:00012265,953:right:11,953,train,right,3,0,competitive,1.3619746224194372e-20,False,2.490744203736401e-06,False,4.636764212665299e-13,False,False
JNEG:00012325,955:left:471,955,train,left,3,0,competitive,3.163507021323653e-16,False,5.075592157021399e-29,False,3.248118618339691e-22,False,False
JNEG:00012317,955:left:471,955,train,left,3,0,competitive,1.6631151864237835e-16,False,6.229343776603042e-26,False,2.852018331210888e-21,False,False
JNEG:00012307,955:left:471,955,train,left,3,0,competitive,1.4102884330531295e-16,False,7.949401872249447e-28,False,2.5352744044470474e-22,False,False
JNEG:00012319,955:left:471,955,train,left,3,0,competitive,4.963249940121583e-17,False,7.808168973704032e-21,False,4.849517214117328e-19,False,False
JNEG:00012309,955:left:471,955,train,left,3,0,competitive,3.9672156983746854e-17,False,3.123447417934665e-23,False,3.126565539891383e-20,False,False
JNEG:00012293,955:left:471,955,train,left,3,0,competitive,8.328159893585776e-17,False,6.83284819522658e-26,False,6.010123497365628e-22,False,False
JNEG:00012385,956:left:106,956,train,left,3,0,competitive,0.07567199979683019,False,0.6424150554373005,False,0.1567042941669484,False,True
JNEG:00012421,956:left:106,956,train,left,3,0,competitive,0.04751345551439223,False,0.5975404830246606,False,0.15413375835591428,False,True
JNEG:00012407,956:left:106,956,train,left,3,0,competitive,0.04034043047822039,False,0.3564974403323322,False,0.04280871461012122,False,True
JNEG:00012387,956:left:106,956,train,left,3,0,competitive,0.0055996264526226355,False,0.5738773170826236,False,0.007162735787372154,False,True
JNEG:00012371,956:left:106,956,train,left,3,0,competitive,0.009045000021626108,False,0.11236878835340669,False,0.003377633072450499,False,True
JNEG:00012337,956:left:106,956,train,left,3,0,competitive,0.025395731186333165,False,0.4909738718386729,False,0.0005371952685756773,False,True
JNEG:00012339,956:left:106,956,train,left,3,0,competitive,0.010359828123513354,False,0.009959677742005556,False,3.860052737538097e-05,False,True
JNEG:00012373,956:left:106,956,train,left,3,0,competitive,0.0012330624836514592,False,0.0013342892841542607,False,0.00046202350989204703,False,True
JNEG:00012409,956:left:106,956,train,left,3,0,competitive,0.0046224138557099835,False,0.0025084362475207267,False,0.002996233293339708,False,True
JNEG:00012423,956:left:106,956,train,left,3,0,competitive,0.0015512288834369928,False,0.6019462555798306,False,0.00722004079783981,False,True
JNEG:00012351,956:left:106,956,train,left,3,0,competitive,0.004845521033044326,False,0.981435361654785,True,0.0038811037675332565,False,True
JNEG:00012389,956:left:106,956,train,left,3,0,competitive,0.00011825932612801331,False,0.32464454062577736,False,2.256006927213578e-05,False,True
JNEG:00013277,956:left:106,956,train,left,3,0,competitive,0.022963661581152085,False,0.2207309585998838,False,0.006623872477120759,False,True
JNEG:00013331,956:left:106,956,train,left,3,0,competitive,0.019945221507218995,False,0.01315204342837479,False,0.0013832252625746607,False,True
JNEG:00013721,956:left:106,956,train,left,3,0,competitive,0.004763328576714136,False,0.0353739948237636,False,0.004637839793885955,False,True
JNEG:00013265,956:left:106,956,train,left,3,0,competitive,0.16099930656967876,False,0.0003789434699604655,False,0.0008984047708223427,False,True
JNEG:00012857,956:left:106,956,train,left,3,0,competitive,0.459804906066235,False,0.9873427509360784,True,0.1717971178007724,False,True
JNEG:00013279,956:left:106,956,train,left,3,0,competitive,0.009819562988474043,False,0.15310575879416766,False,0.0025419368557175596,False,True
JNEG:00014159,956:left:170,956,train,left,3,0,competitive,7.382681004568796e-13,False,4.0824115805825004e-13,False,8.066720844252367e-15,False,False
JNEG:00014172,956:left:170,956,train,left,3,0,competitive,2.076378199791963e-12,False,1.016014228531123e-08,False,7.440066957615436e-12,False,False
JNEG:00014129,956:left:170,956,train,left,3,0,competitive,2.9962277663998904e-12,False,1.6364687683555748e-10,False,1.515843491637933e-14,False,False
JNEG:00014176,956:left:170,956,train,left,3,0,competitive,1.0117393485224573e-11,False,2.3590909100271087e-10,False,2.029603497337679e-12,False,False
JNEG:00014174,956:left:170,956,train,left,3,0,competitive,9.147404552687708e-12,False,1.8565613083790206e-09,False,2.096498021209661e-12,False,False
JNEG:00014137,956:left:170,956,train,left,3,0,competitive,1.0762067272348778e-13,False,2.7060421070100953e-09,False,8.627934972445491e-14,False,False
JNEG:00014177,956:left:170,956,train,left,3,0,competitive,5.144348451559205e-13,False,5.8359079103878144e-08,False,7.773543715709258e-13,False,False
JNEG:00014202,956:left:170,956,train,left,3,0,competitive,1.1188577871956626e-12,False,3.4103699837752717e-09,False,2.2656127037691786e-11,False,False
JNEG:00014210,956:left:170,956,train,left,3,0,competitive,2.5632763318442498e-12,False,1.317634859871814e-07,False,1.3494132970381649e-10,False,False
JNEG:00014209,956:left:170,956,train,left,3,0,competitive,8.75079648520654e-12,False,1.317634859871814e-07,False,3.046137416248062e-10,False,False
JNEG:00014157,956:left:170,956,train,left,3,0,competitive,1.1625836898313272e-14,False,2.4255820238248938e-15,False,2.3855406661495384e-15,False,False
JNEG:00014207,956:left:170,956,train,left,3,0,competitive,2.6289519854027216e-11,False,5.939833085313716e-07,False,2.567494557511391e-10,False,False
JNEG:00014247,956:left:170,956,train,left,3,0,competitive,3.4068554306119245e-10,False,7.061522401970191e-08,False,9.96525013624674e-12,False,False
JNEG:00015508,956:left:170,956,train,left,3,0,competitive,9.88252868894357e-11,False,7.837821972859359e-08,False,1.3659830487785897e-10,False,False
JNEG:00014249,956:left:170,956,train,left,3,0,competitive,8.600607633858402e-11,False,7.923894347712368e-08,False,1.0797991366164477e-12,False,False
JNEG:00015506,956:left:170,956,train,left,3,0,competitive,5.3108993108187817e-11,False,1.2836310252980042e-10,False,1.546172231149805e-13,False,False
JNEG:00015510,956:left:170,956,train,left,3,0,competitive,2.3571894262910333e-11,False,8.90672739891862e-08,False,1.2498761182366243e-10,False,False
JNEG:00015512,956:left:170,956,train,left,3,0,competitive,2.5418232102935036e-11,False,2.490737271921128e-07,False,1.6981970489877302e-10,False,False
JNEG:00015817,956:left:570,956,train,left,3,0,competitive,0.232452738027352,False,0.4034180429131348,False,0.12222405615157882,False,True
JNEG:00015765,956:left:570,956,train,left,3,0,competitive,0.07056167262192024,False,0.5062098237005899,False,0.13476133650715272,False,True
JNEG:00015783,956:left:570,956,train,left,3,0,competitive,0.03835080031284932,False,0.9781236189600494,True,0.530274774752195,True,True
JNEG:00015747,956:left:570,956,train,left,3,0,competitive,0.022963661581152085,False,0.2207309585998838,False,0.006623872477120759,False,True
JNEG:00015767,956:left:570,956,train,left,3,0,competitive,0.018263644198139414,False,0.8747269971219059,False,0.04137575868206318,False,True
JNEG:00015801,956:left:570,956,train,left,3,0,competitive,0.01988136565258921,False,0.29407223034285673,False,0.031729382257818545,False,True
JNEG:00015731,956:left:570,956,train,left,3,0,competitive,0.004763328576714136,False,0.0353739948237636,False,0.004637839793885955,False,True
JNEG:00015819,956:left:570,956,train,left,3,0,competitive,0.002322049578055796,False,0.27350022857758743,False,0.0014466497730019046,False,True
JNEG:00015803,956:left:570,956,train,left,3,0,competitive,0.001849456655237095,False,0.14637383685291439,False,0.002503674640470547,False,True
JNEG:00015785,956:left:570,956,train,left,3,0,competitive,0.0007688774282437368,False,0.2684084486126031,False,0.001241551387331245,False,True
JNEG:00015733,956:left:570,956,train,left,3,0,competitive,0.00097865726016514,False,0.034944256059575504,False,0.00038624892270744095,False,True
JNEG:00015769,956:left:570,956,train,left,3,0,competitive,0.00018896444819418935,False,0.014098574008023656,False,2.4048514788827703e-05,False,True
JNEG:00017277,956:left:570,956,train,left,3,0,competitive,0.3815453941579531,False,0.5734812305729708,False,0.13278313938838374,False,True
JNEG:00015857,956:left:570,956,train,left,3,0,competitive,0.04751345551439223,False,0.5975404830246606,False,0.15413375835591428,False,True
JNEG:00017279,956:left:570,956,train,left,3,0,competitive,0.026292430378085332,False,0.0011365927883074957,False,1.098965612098777e-05,False,True
JNEG:00016407,956:left:570,956,train,left,3,0,competitive,0.04034043047822039,False,0.3564974403323322,False,0.04280871461012122,False,True
JNEG:00015923,956:left:570,956,train,left,3,0,competitive,0.01478244928580515,False,0.435916177045347,False,0.007300807522232906,False,True
JNEG:00017195,956:left:570,956,train,left,3,0,competitive,0.8339179769350132,True,0.5805413300463244,False,0.03159798780882319,False,True
JNEG:00018034,956:right:176,956,train,right,3,0,competitive,8.862892615341181e-11,False,2.865839319085491e-06,False,4.0301934832803405e-09,False,False
JNEG:00017986,956:right:176,956,train,right,3,0,competitive,7.283060441493648e-12,False,1.1103438210127035e-11,False,7.308111825990998e-13,False,False
JNEG:00018032,956:right:176,956,train,right,3,0,competitive,3.8600330398216435e-11,False,1.1842162707297748e-06,False,5.502452185288453e-10,False,False
JNEG:00017984,956:right:176,956,train,right,3,0,competitive,4.332777196439183e-12,False,1.1214496610837336e-11,False,2.586866860367671e-13,False,False
JNEG:00018009,956:right:176,956,train,right,3,0,competitive,1.0573876031136618e-11,False,7.615997200445017e-07,False,2.4735697332230983e-10,False,False
JNEG:00017996,956:right:176,956,train,right,3,0,competitive,7.861924977139011e-12,False,6.503917170199868e-12,False,2.382307452979485e-14,False,False
JNEG:00018040,956:right:176,956,train,right,3,0,competitive,1.1305970064011167e-12,False,0.00016506630793541163,False,1.6514859883550745e-11,False,False
JNEG:00018030,956:right:176,956,train,right,3,0,competitive,1.1967374298710272e-11,False,4.855776570052233e-09,False,3.047972061212943e-11,False,False
JNEG:00017988,956:right:176,956,train,right,3,0,competitive,8.746823166713013e-13,False,4.998115979439749e-10,False,5.394863259982244e-13,False,False
JNEG:00017982,956:right:176,956,train,right,3,0,competitive,1.8656434626576685e-12,False,1.2356902015281175e-11,False,9.339093566802578e-14,False,False
JNEG:00018007,956:right:176,956,train,right,3,0,competitive,5.967150496100458e-12,False,2.9615635367931553e-08,False,7.384292200589223e-11,False,False
JNEG:00018028,956:right:176,956,train,right,3,0,competitive,5.210217397243425e-12,False,4.6237292594553125e-08,False,1.7319616608438534e-11,False,False
JNEG:00018508,956:right:176,956,train,right,3,0,competitive,2.7981664056718466e-07,False,2.293392367719842e-06,False,3.8592220175399384e-07,False,False
JNEG:00018540,956:right:176,956,train,right,3,0,competitive,1.7960756880716114e-07,False,0.00021629764488102895,False,1.0394970502349706e-06,False,False
JNEG:00018478,956:right:176,956,train,right,3,0,competitive,5.6514523559663954e-08,False,8.917915194414361e-05,False,2.2725097761906292e-07,False,False
JNEG:00018538,956:right:176,956,train,right,3,0,competitive,6.357202661326285e-08,False,0.0001275689360721239,False,1.8713772218294232e-06,False,False
JNEG:00018512,956:right:176,956,train,right,3,0,competitive,4.411604155103386e-08,False,4.835302957390665e-05,False,1.023812717136782e-07,False,False
JNEG:00018514,956:right:176,956,train,right,3,0,competitive,5.4433668589664656e-08,False,0.00019869596127561717,False,1.2454697547199953e-07,False,False
JNEG:00018931,956:right:383,956,train,right,3,0,competitive,2.251407262739013e-11,False,4.223222836331599e-10,False,6.734430591661833e-13,False,False
JNEG:00018927,956:right:383,956,train,right,3,0,competitive,1.3207859810647022e-12,False,0.4048288595627821,False,9.384567222141057e-11,False,False
JNEG:00018943,956:right:383,956,train,right,3,0,competitive,1.7498168935375694e-12,False,1.2531414933842896e-07,False,2.774770857591923e-12,False,False
JNEG:00018949,956:right:383,956,train,right,3,0,competitive,1.769082008183228e-13,False,2.1826093792717503e-11,False,4.257169037369717e-14,False,False
JNEG:00018939,956:right:383,956,train,right,3,0,competitive,1.814549707850388e-13,False,4.8899705628508845e-12,False,5.600048764003873e-15,False,False
JNEG:00018933,956:right:383,956,train,right,3,0,competitive,2.8662865766295196e-13,False,0.0016424224481396798,False,4.171628853535617e-13,False,False
JNEG:00018951,956:right:383,956,train,right,3,0,competitive,5.340845851013139e-14,False,0.0001667505023382925,False,1.197842597745108e-12,False,False
JNEG:00018929,956:right:383,956,train,right,3,0,competitive,3.186571337017162e-13,False,8.825124589321593e-07,False,1.678023467805576e-11,False,False
JNEG:00018932,956:right:383,956,train,right,3,0,competitive,1.9384359257266497e-11,False,4.223222836331599e-10,False,4.992348779910291e-12,False,False
JNEG:00018935,956:right:383,956,train,right,3,0,competitive,1.1824793689607307e-14,False,7.165711729902472e-07,False,5.209368063560732e-14,False,False
JNEG:00018941,956:right:383,956,train,right,3,0,competitive,1.9732640578336225e-14,False,2.628237791618133e-06,False,2.7266920321800545e-13,False,False
JNEG:00018947,956:right:383,956,train,right,3,0,competitive,3.2291537088421957e-15,False,2.070949771879277e-05,False,1.4227737935138376e-13,False,False
JNEG:00018987,956:right:383,956,train,right,3,0,competitive,3.220534099488417e-08,False,0.2618310974145139,False,4.1075624434925184e-07,False,False
JNEG:00018985,956:right:383,956,train,right,3,0,competitive,8.804856959445525e-08,False,0.055446413102502,False,1.8124190219228874e-06,False,False
JNEG:00019067,956:right:383,956,train,right,3,0,competitive,2.9499305144491254e-08,False,0.007920303717605975,False,3.1801020318366223e-07,False,False
JNEG:00019013,956:right:383,956,train,right,3,0,competitive,2.6332976864303467e-08,False,0.0006151224292441032,False,6.602656282667091e-08,False,False
JNEG:00019011,956:right:383,956,train,right,3,0,competitive,1.6583102378549218e-08,False,5.709182098304614e-05,False,9.288738226883792e-09,False,False
JNEG:00018979,956:right:383,956,train,right,3,0,competitive,5.709170663662439e-09,False,0.005336818629109228,False,1.0040170184130212e-07,False,False
JNEG:00019167,957:left:148,957,val,left,3,0,competitive,0.00043152875415936693,False,0.025531720026044532,False,0.0012049253074667523,False,True
JNEG:00019183,957:left:148,957,val,left,3,0,competitive,8.293161446559177e-05,False,0.9987368297479958,True,0.024706417737492162,False,True
JNEG:00019225,957:left:148,957,val,left,3,0,competitive,3.2169261823526343e-05,False,0.655320978399177,False,0.049625242830204114,False,True
JNEG:00019263,957:left:148,957,val,left,3,0,competitive,1.297571742565635e-05,False,0.9801163142194776,True,0.0029456711146470874,False,True
JNEG:00019169,957:left:148,957,val,left,3,0,competitive,9.350667525881667e-06,False,0.0017591017927564537,False,2.3179956167384242e-05,False,True
JNEG:00019213,957:left:148,957,val,left,3,0,competitive,1.4430817046013341e-05,False,0.9998918421638471,True,0.006022472044239017,False,True
JNEG:00019251,957:left:148,957,val,left,3,0,competitive,5.31555047748893e-06,False,0.6365961860553316,False,0.0002734928123559893,False,True
JNEG:00019215,957:left:148,957,val,left,3,0,competitive,1.6400470016790618e-06,False,0.01082948743558916,False,3.803242379137773e-06,False,True
JNEG:00019185,957:left:148,957,val,left,3,0,competitive,3.08708716511283e-07,False,0.585223644500083,False,1.3429017349055018e-05,False,True
JNEG:00019171,957:left:148,957,val,left,3,0,competitive,2.0504055630138477e-07,False,0.0005275035909259131,False,3.4357716871352987e-07,False,True
JNEG:00019227,957:left:148,957,val,left,3,0,competitive,7.696615509045279e-08,False,0.8443715944941914,False,0.0009368692115372779,False,True
JNEG:00019168,957:left:148,957,val,left,3,0,competitive,8.516462090231594e-05,False,0.025531720026044532,False,7.701164287834131e-05,False,True
JNEG:00019555,957:left:148,957,val,left,3,0,competitive,0.1812904571577587,False,0.9988187305022382,True,0.5289536760612915,True,True
JNEG:00019613,957:left:148,957,val,left,3,0,competitive,0.004594620158765249,False,0.8992823009445927,True,0.0057599238180806684,False,True
JNEG:00019541,957:left:148,957,val,left,3,0,competitive,0.028534990517080434,False,0.9445595207023808,True,0.08094782123875503,False,True
JNEG:00019557,957:left:148,957,val,left,3,0,competitive,0.0013330383147613907,False,0.9896689984513313,True,0.004471439012466073,False,True
JNEG:00019615,957:left:148,957,val,left,3,0,competitive,0.00018402194874186687,False,0.015280343448082517,False,1.8967356607177042e-05,False,True
JNEG:00019909,957:left:148,957,val,left,3,0,competitive,0.0034605869737275004,False,0.9910599779985645,True,0.1300073627692869,False,True
JNEG:00021283,957:left:248,957,val,left,3,0,competitive,1.2304242399577633e-06,False,4.0154481441002506e-09,False,5.173760133574607e-08,False,False
JNEG:00021259,957:left:248,957,val,left,3,0,competitive,2.1822208171858446e-07,False,8.579624459266734e-12,False,2.9096706944185766e-09,False,False
JNEG:00021239,957:left:248,957,val,left,3,0,competitive,1.3936146399573354e-06,False,0.00034131156073816815,False,7.868855284511303e-07,False,False
JNEG:00021269,957:left:248,957,val,left,3,0,competitive,1.0660734263080377e-06,False,1.439131997274092e-08,False,1.8114991215911607e-08,False,False
JNEG:00021285,957:left:248,957,val,left,3,0,competitive,7.742368956518405e-08,False,1.2746890625897674e-05,False,6.364671552386788e-08,False,False
JNEG:00021271,957:left:248,957,val,left,3,0,competitive,1.0395792370746371e-07,False,5.709927510811237e-13,False,5.861601457469797e-09,False,False
JNEG:00021241,957:left:248,957,val,left,3,0,competitive,1.3337941514414692e-07,False,2.716853648188184e-05,False,1.0817283288786684e-07,False,False
JNEG:00021273,957:left:248,957,val,left,3,0,competitive,9.834251623721865e-09,False,4.306868960293545e-08,False,6.971012076617929e-08,False,False
JNEG:00021229,957:left:248,957,val,left,3,0,competitive,3.547815827967658e-08,False,3.241813326624025e-08,False,1.934696997075611e-08,False,False
JNEG:00021261,957:left:248,957,val,left,3,0,competitive,1.5695086349020568e-08,False,1.0946005752919978e-07,False,6.784689307737081e-09,False,False
JNEG:00021231,957:left:248,957,val,left,3,0,competitive,2.944711632307244e-08,False,7.404354910238013e-11,False,7.628815689319266e-10,False,False
JNEG:00021249,957:left:248,957,val,left,3,0,competitive,1.3547923741787246e-07,False,0.00015875526968044942,False,1.3201522158321983e-05,False,False
JNEG:00021545,957:left:248,957,val,left,3,0,competitive,0.0020272572293430257,False,2.395822552673491e-05,False,9.869358135286103e-06,False,False
JNEG:00021543,957:left:248,957,val,left,3,0,competitive,0.005242636406183906,False,6.699799236548657e-05,False,6.551541920265772e-05,False,False
JNEG:00021811,957:left:248,957,val,left,3,0,competitive,0.0014538408906201678,False,0.00014804943149920765,False,6.526801762678303e-05,False,False
JNEG:00021489,957:left:248,957,val,left,3,0,competitive,0.00965252763871329,False,0.11859655499221414,False,0.0018119556566611105,False,False
JNEG:00021491,957:left:248,957,val,left,3,0,competitive,0.0016167833293955131,False,0.006543316378304171,False,5.235305684895515e-05,False,False
JNEG:00021475,957:left:248,957,val,left,3,0,competitive,0.0027704997372955636,False,1.0674901948481906e-06,False,3.171999423017962e-06,False,False
JNEG:00022223,957:left:542,957,val,left,3,0,competitive,8.469558326675742e-05,False,0.31944114782742467,False,0.070401875600019,False,False
JNEG:00022225,957:left:542,957,val,left,3,0,competitive,0.0003149173210111289,False,0.11476568563891824,False,0.32862880726134064,True,False
JNEG:00022221,957:left:542,957,val,left,3,0,competitive,4.7357442233039096e-05,False,0.9921391986189246,True,0.018922974867799418,False,False
JNEG:00022305,957:left:542,957,val,left,3,0,competitive,0.0012117641486441046,False,0.01796806678887741,False,0.04280140268804641,False,False
JNEG:00022261,957:left:542,957,val,left,3,0,competitive,1.0677832115430982e-05,False,0.9914830168334159,True,0.0001241521120108268,False,False
JNEG:00022265,957:left:542,957,val,left,3,0,competitive,1.4411700699604896e-05,False,4.49138091452988e-06,False,2.948201626342604e-07,False,False
JNEG:00022300,957:left:542,957,val,left,3,0,competitive,9.654250186653435e-06,False,0.9995854373172665,True,0.001293183591618969,False,False
JNEG:00022301,957:left:542,957,val,left,3,0,competitive,6.688631544298819e-05,False,0.00048703384515270904,False,2.09297308429228e-06,False,False
JNEG:00022224,957:left:542,957,val,left,3,0,competitive,2.9943956508670003e-05,False,0.31944114782742467,False,0.006841776939486141,False,False
JNEG:00022222,957:left:542,957,val,left,3,0,competitive,1.0899963433958424e-05,False,0.9921391986189246,True,0.0006162063546824685,False,False
JNEG:00022220,957:left:542,957,val,left,3,0,competitive,8.748939250801058e-05,False,0.7839120651095849,False,0.03895390797773891,False,False
JNEG:00022307,957:left:542,957,val,left,3,0,competitive,4.011383895875521e-05,False,0.0011465644883611327,False,3.236526641486895e-05,False,False
JNEG:00022689,957:left:542,957,val,left,3,0,competitive,3.417668295430412e-05,False,0.010293284627222411,False,0.00014841929628823928,False,False
JNEG:00024169,957:left:542,957,val,left,3,0,competitive,0.06050926280757652,False,0.0938357197870558,False,0.033565653676819435,False,False
JNEG:00024171,957:left:542,957,val,left,3,0,competitive,0.005820344658747787,False,0.005710400665512193,False,0.0013409414021577372,False,False
JNEG:00024209,957:left:542,957,val,left,3,0,competitive,0.006281596510947793,False,0.05483944731764798,False,0.00281745138509805,False,False
JNEG:00022691,957:left:542,957,val,left,3,0,competitive,3.720629702590701e-05,False,2.1510798515591793e-07,False,2.6658425382315447e-07,False,False
JNEG:00023509,957:left:542,957,val,left,3,0,competitive,0.005841179344116621,False,1.9640453574648255e-09,False,5.577072532378868e-05,False,False
JNEG:00024491,957:left:1074,957,val,left,3,0,competitive,3.218428611441162e-14,False,4.1318993294027076e-14,False,4.406772454631971e-16,False,False
JNEG:00024495,957:left:1074,957,val,left,3,0,competitive,3.1841825464366196e-14,False,7.364283187104905e-14,False,5.158135595872703e-16,False,False
JNEG:00024449,957:left:1074,957,val,left,3,0,competitive,1.943491324810144e-15,False,2.5370370994457058e-05,False,1.2630921005043207e-12,False,False
JNEG:00024497,957:left:1074,957,val,left,3,0,competitive,4.740470858897439e-15,False,2.108649353482295e-14,False,2.6876658270074013e-17,False,False
JNEG:00024487,957:left:1074,957,val,left,3,0,competitive,4.0550515907980125e-15,False,1.0622604084153928e-14,False,1.5383420726538792e-16,False,False
JNEG:00024483,957:left:1074,957,val,left,3,0,competitive,2.1883736402979676e-15,False,6.6467853298986315e-15,False,1.0727722305975326e-16,False,False
JNEG:00024470,957:left:1074,957,val,left,3,0,competitive,3.539067894631375e-14,False,1.3756011788601655e-12,False,5.00312980435258e-14,False,False
JNEG:00024485,957:left:1074,957,val,left,3,0,competitive,2.090678488339159e-15,False,2.3142158576482563e-14,False,7.062971004802821e-17,False,False
JNEG:00024447,957:left:1074,957,val,left,3,0,competitive,1.0880807618096059e-14,False,0.00010600725141198025,False,1.4302544174289804e-10,False,False
JNEG:00024429,957:left:1074,957,val,left,3,0,competitive,6.429113767213421e-15,False,1.817322176608289e-16,False,3.0803682989445336e-19,False,False
JNEG:00024489,957:left:1074,957,val,left,3,0,competitive,2.8762839589154523e-15,False,2.2621328591652095e-13,False,3.966219233903814e-16,False,False
JNEG:00024481,957:left:1074,957,val,left,3,0,competitive,8.024462415070335e-16,False,3.0325931384931886e-13,False,1.8434695884299192e-16,False,False
JNEG:00024869,957:left:1074,957,val,left,3,0,competitive,1.3629787968009153e-11,False,4.092494531117207e-09,False,3.7785021820962526e-12,False,False
JNEG:00024819,957:left:1074,957,val,left,3,0,competitive,9.906300472500831e-12,False,1.2153168231354991e-10,False,1.1383613342844904e-12,False,False
JNEG:00024965,957:left:1074,957,val,left,3,0,competitive,1.3105575296509098e-11,False,1.0151067318536747e-13,False,2.076145527090737e-14,False,False
JNEG:00024861,957:left:1074,957,val,left,3,0,competitive,2.423077724021607e-11,False,3.9741257307065353e-07,False,1.8723388817633554e-11,False,False
JNEG:00024919,957:left:1074,957,val,left,3,0,competitive,6.3899167465399056e-12,False,4.5393023483528267e-14,False,4.1279707299260687e-14,False,False
JNEG:00024865,957:left:1074,957,val,left,3,0,competitive,4.113918356483451e-12,False,5.124070273300869e-08,False,7.211079785049676e-12,False,False
JNEG:00025427,957:left:1133,957,val,left,3,0,competitive,1.5809393405943926e-06,False,1.441663282120223e-07,False,8.073880885374585e-09,False,False
JNEG:00025495,957:left:1133,957,val,left,3,0,competitive,4.2133941016235516e-07,False,1.4608778595974432e-06,False,1.807436896442083e-06,False,False
JNEG:00025463,957:left:1133,957,val,left,3,0,competitive,4.305950016792847e-07,False,1.6427391841452793e-06,False,9.283648143189858e-06,False,False
JNEG:00025426,957:left:1133,957,val,left,3,0,competitive,2.059391874788829e-07,False,5.350525612755784e-13,False,9.954310667529228e-12,False,False
JNEG:00025494,957:left:1133,957,val,left,3,0,competitive,6.294337182715759e-07,False,3.0670079861695963e-06,False,1.9048757764963412e-07,False,False
JNEG:00025456,957:left:1133,957,val,left,3,0,competitive,1.283798389965584e-06,False,4.520496717033061e-09,False,1.2483218901733107e-06,False,False
JNEG:00025422,957:left:1133,957,val,left,3,0,competitive,8.647359891124609e-08,False,6.4452591653048114e-15,False,4.719657903332678e-12,False,False
JNEG:00025424,957:left:1133,957,val,left,3,0,competitive,6.531077193536243e-08,False,8.330110801008008e-12,False,2.526150603928461e-11,False,False
JNEG:00025454,957:left:1133,957,val,left,3,0,competitive,4.4501938579059434e-07,False,3.8106132589882765e-16,False,6.002768418881224e-10,False,False
JNEG:00025490,957:left:1133,957,val,left,3,0,competitive,2.971796700343815e-07,False,1.8533465057868575e-09,False,3.234755402206478e-08,False,False
JNEG:00025455,957:left:1133,957,val,left,3,0,competitive,3.7352595934342955e-07,False,4.520496717033061e-09,False,9.490865708574388e-08,False,False
JNEG:00025452,957:left:1133,957,val,left,3,0,competitive,6.109881307841997e-07,False,1.5896203114711632e-15,False,2.337960636755765e-09,False,False
JNEG:00026234,957:left:1133,957,val,left,3,0,competitive,0.0023614045847749937,False,0.0034838543240500114,False,0.0005573629595199656,False,False
JNEG:00026263,957:left:1133,957,val,left,3,0,competitive,0.004809721467539554,False,0.6976276915261795,False,0.028629288417190632,False,False
JNEG:00026277,957:left:1133,957,val,left,3,0,competitive,0.0009846280727470655,False,0.0013887052474481347,False,0.012493023777322405,False,False
JNEG:00026202,957:left:1133,957,val,left,3,0,competitive,0.0003230214145683523,False,1.7893506364491255e-06,False,3.169552042095481e-06,False,False
JNEG:00026200,957:left:1133,957,val,left,3,0,competitive,0.00041919046968255126,False,1.7730660210652143e-08,False,1.53217061536988e-06,False,False
JNEG:00026265,957:left:1133,957,val,left,3,0,competitive,0.0005424950340861123,False,0.1874206100559753,False,0.0015887341749068115,False,False
JNEG:00026822,957:right:277,957,val,right,3,0,competitive,4.732510712635928e-12,False,7.684352913056779e-13,False,1.0612125311561996e-14,False,False
JNEG:00026820,957:right:277,957,val,right,3,0,competitive,1.473334817470844e-13,False,2.5699923517634924e-08,False,4.172284030854325e-14,False,False
JNEG:00026824,957:right:277,957,val,right,3,0,competitive,7.136575533652014e-13,False,1.1039144611606706e-11,False,8.448695654385183e-15,False,False
JNEG:00026818,957:right:277,957,val,right,3,0,competitive,1.8990342863814276e-14,False,1.6182267428547968e-07,False,5.280062269865989e-14,False,False
JNEG:00026821,957:right:277,957,val,right,3,0,competitive,4.146324839401076e-12,False,7.684352913056779e-13,False,1.9158966508072836e-13,False,False
JNEG:00026823,957:right:277,957,val,right,3,0,competitive,9.088303594401423e-13,False,1.1039144611606706e-11,False,7.422969307680213e-13,False,False
JNEG:00026819,957:right:277,957,val,right,3,0,competitive,1.8528085607036944e-13,False,2.5699923517634924e-08,False,4.867863979127985e-12,False,False
JNEG:00026817,957:right:277,957,val,right,3,0,competitive,1.5069518291515464e-14,False,1.6182267428547968e-07,False,2.1516813683082405e-12,False,False
JNEG:00026848,957:right:277,957,val,right,3,0,competitive,5.021925040239678e-09,False,0.005543754545323133,False,1.0714753526319174e-05,False,False
JNEG:00026842,957:right:277,957,val,right,3,0,competitive,6.605531657795156e-10,False,0.019506499391864916,False,5.06831069185898e-06,False,False
JNEG:00026847,957:right:277,957,val,right,3,0,competitive,2.303444695940329e-09,False,0.005543754545323133,False,5.143652525411236e-06,False,False
JNEG:00026844,957:right:277,957,val,right,3,0,competitive,5.43754694858717e-11,False,0.04333567057365507,False,8.980671495627302e-07,False,False
JNEG:00026832,957:right:277,957,val,right,3,0,competitive,6.447969461980488e-12,False,0.0012883234493340709,False,5.735137346010989e-08,False,False
JNEG:00026834,957:right:277,957,val,right,3,0,competitive,7.467769861535106e-12,False,0.015258542106193505,False,7.353060688935256e-08,False,False
JNEG:00026870,959:left:79,959,train,left,3,0,competitive,3.7560666579202765e-17,False,1.4349370978342602e-10,False,2.1173835806391973e-15,False,False
JNEG:00026872,959:left:79,959,train,left,3,0,competitive,4.589901284963146e-18,False,5.2742986429194066e-14,False,3.731812186133859e-18,False,False
JNEG:00026858,959:left:79,959,train,left,3,0,competitive,8.734889436146582e-18,False,7.975424925749825e-15,False,2.072524672936914e-18,False,False
JNEG:00026856,959:left:79,959,train,left,3,0,competitive,7.072169839102054e-19,False,9.9756233944178e-13,False,1.399565810609373e-18,False,False
JNEG:00026874,959:left:79,959,train,left,3,0,competitive,1.2201805614424715e-18,False,1.580572737834839e-13,False,1.5323314461001971e-18,False,False
JNEG:00026869,959:left:79,959,train,left,3,0,competitive,5.1965446109655855e-17,False,1.4349370978342602e-10,False,3.825775417357517e-14,False,False
JNEG:00026860,959:left:79,959,train,left,3,0,competitive,8.565536141884869e-17,False,1.339971738843744e-10,False,1.5117802799075702e-14,False,False
JNEG:00026876,959:left:79,959,train,left,3,0,competitive,2.169356378745435e-18,False,1.0908454482600045e-12,False,2.5310289062881566e-18,False,False
JNEG:00026875,959:left:79,959,train,left,3,0,competitive,2.1274426740026275e-18,False,1.0908454482600045e-12,False,2.91361352977192e-18,False,False
JNEG:00026862,959:left:79,959,train,left,3,0,competitive,3.623315759628973e-16,False,1.2357356179735535e-10,False,1.3283257249011223e-13,False,False
JNEG:00026871,959:left:79,959,train,left,3,0,competitive,9.022660845083211e-18,False,5.2742986429194066e-14,False,3.302859256473297e-16,False,False
JNEG:00026873,959:left:79,959,train,left,3,0,competitive,1.4787737891863745e-18,False,1.580572737834839e-13,False,1.7213987856241228e-17,False,False
JNEG:00027008,959:left:79,959,train,left,3,0,competitive,2.5828872484858263e-14,False,2.7633905591492565e-12,False,6.332341351646726e-14,False,False
JNEG:00026978,959:left:79,959,train,left,3,0,competitive,3.252083876725011e-14,False,2.8197914799730444e-11,False,3.4869265655946533e-14,False,False
JNEG:00026980,959:left:79,959,train,left,3,0,competitive,1.2260915596827454e-14,False,4.023990926768523e-09,False,1.2859049746918664e-13,False,False
JNEG:00027010,959:left:79,959,train,left,3,0,competitive,8.399956561607388e-15,False,2.535834784362164e-12,False,1.7784439770219333e-14,False,False
JNEG:00027034,959:left:79,959,train,left,3,0,competitive,8.254127623279996e-15,False,3.972796277443749e-13,False,6.708396898057332e-14,False,False
JNEG:00026948,959:left:79,959,train,left,3,0,competitive,1.9833912638446582e-15,False,8.474036032908503e-11,False,1.0114436037525195e-14,False,False
JNEG:00027280,959:left:299,959,train,left,3,0,competitive,1.2556271800850299e-10,False,1.0842019228070407e-05,False,5.876409134752442e-10,False,False
JNEG:00027308,959:left:299,959,train,left,3,0,competitive,1.355186611144285e-10,False,2.5912980338593836e-08,False,1.499321403889957e-09,False,False
JNEG:00027250,959:left:299,959,train,left,3,0,competitive,7.112091432066302e-12,False,6.11406144502538e-05,False,1.507162640598368e-09,False,False
JNEG:00027278,959:left:299,959,train,left,3,0,competitive,4.937404462210988e-12,False,0.0057651109575198095,False,3.7267187249835224e-10,False,False
JNEG:00027306,959:left:299,959,train,left,3,0,competitive,5.6220987999038715e-12,False,6.027921639784097e-06,False,8.334135433862919e-10,False,False
JNEG:00027257,959:left:299,959,train,left,3,0,competitive,9.658336811576845e-11,False,2.5106676314819714e-07,False,1.1073539148418125e-09,False,False
JNEG:00027248,959:left:299,959,train,left,3,0,competitive,2.1984993535199172e-13,False,0.0007472439439097485,False,1.189084736823606e-10,False,False
JNEG:00027259,959:left:299,959,train,left,3,0,competitive,4.347563715029473e-12,False,1.2817689407562271e-07,False,6.966438530981282e-11,False,False
JNEG:00027307,959:left:299,959,train,left,3,0,competitive,4.6135514112957403e-11,False,2.5912980338593836e-08,False,1.1213487535388595e-09,False,False
JNEG:00027315,959:left:299,959,train,left,3,0,competitive,1.7850726661785213e-11,False,5.8557842321733504e-08,False,2.806474305803632e-10,False,False
JNEG:00027310,959:left:299,959,train,left,3,0,competitive,1.3135360361988459e-10,False,5.6703075478319e-07,False,3.118575153053902e-09,False,False
JNEG:00027312,959:left:299,959,train,left,3,0,competitive,1.224258404533476e-10,False,3.4686544951764554e-07,False,1.8381308639184816e-09,False,False
JNEG:00028147,959:left:299,959,train,left,3,0,competitive,7.320147770280711e-09,False,9.76398156949237e-06,False,2.3879258682071526e-07,False,False
JNEG:00028177,959:left:299,959,train,left,3,0,competitive,1.222428184945166e-08,False,6.49914612166269e-05,False,1.1368735730990023e-06,False,False
JNEG:00028113,959:left:299,959,train,left,3,0,competitive,4.751178157220673e-09,False,5.109150944332262e-06,False,1.3758809252901606e-07,False,False
JNEG:00028111,959:left:299,959,train,left,3,0,competitive,1.5278798976732143e-08,False,0.00033974986754800336,False,2.298872531041421e-06,False,False
JNEG:00028109,959:left:299,959,train,left,3,0,competitive,2.1998189071007477e-08,False,6.404158320639178e-06,False,1.7915323151003246e-06,False,False
JNEG:00028075,959:left:299,959,train,left,3,0,competitive,6.530096438428445e-09,False,0.00011433763668994129,False,1.7331437000873887e-07,False,False
JNEG:00028725,960:left:102,960,train,left,3,0,competitive,1.802649711793008e-06,False,7.583613563836651e-13,False,3.9640955032947544e-10,False,False
JNEG:00028789,960:left:102,960,train,left,3,0,competitive,7.018503837346821e-07,False,1.3081828017382699e-05,False,4.365494516920556e-07,False,False
JNEG:00028785,960:left:102,960,train,left,3,0,competitive,3.1382401311713395e-07,False,1.1293337155208145e-06,False,2.419862728580497e-09,False,False
JNEG:00028721,960:left:102,960,train,left,3,0,competitive,4.3377152897725795e-07,False,4.637787159217169e-10,False,2.4908707722778455e-10,False,False
JNEG:00028787,960:left:102,960,train,left,3,0,competitive,1.620056033553698e-07,False,3.8775481792665433e-07,False,7.236726172211447e-10,False,False
JNEG:00028670,960:left:102,960,train,left,3,0,competitive,2.1794673576523154e-07,False,5.664217706434179e-05,False,2.320419010229865e-07,False,False
JNEG:00028723,960:left:102,960,train,left,3,0,competitive,2.2957549572231765e-07,False,1.5592410825513951e-09,False,3.705647484109387e-10,False,False
JNEG:00028783,960:left:102,960,train,left,3,0,competitive,5.20540744487951e-08,False,1.1782262103909488e-07,False,8.800843246591124e-11,False,False
JNEG:00028667,960:left:102,960,train,left,3,0,competitive,1.8196807892205235e-07,False,5.3870125000384444e-05,False,2.549830828822626e-07,False,False
JNEG:00028668,960:left:102,960,train,left,3,0,competitive,7.24020353510026e-08,False,5.3870125000384444e-05,False,2.963655533247171e-08,False,False
JNEG:00028669,960:left:102,960,train,left,3,0,competitive,1.5576889662776603e-06,False,5.664217706434179e-05,False,1.3592597378304123e-05,False,False
JNEG:00028727,960:left:102,960,train,left,3,0,competitive,1.6743616984588895e-08,False,5.7729938153411145e-09,False,1.583784234856502e-10,False,False
JNEG:00032267,960:left:102,960,train,left,3,0,competitive,0.00047519984547198115,False,2.9811158015025062e-05,False,2.0654404354880405e-06,False,False
JNEG:00032207,960:left:102,960,train,left,3,0,competitive,0.0007192835242772774,False,0.00010997557219055784,False,4.218612443540561e-06,False,False
JNEG:00032269,960:left:102,960,train,left,3,0,competitive,9.98463758223816e-06,False,5.688217115452149e-07,False,1.2359498972642231e-07,False,False
JNEG:00032209,960:left:102,960,train,left,3,0,competitive,0.000123768905699685,False,0.00014053162447649013,False,1.1995847523114516e-06,False,False
JNEG:00032323,960:left:102,960,train,left,3,0,competitive,8.228051015499354e-06,False,2.2367388989837385e-06,False,1.6066329244748374e-07,False,False
JNEG:00031043,960:left:102,960,train,left,3,0,competitive,4.186738782217568e-07,False,2.730679869188795e-08,False,9.263313863059936e-08,False,False
JNEG:00032731,960:left:162,960,train,left,3,0,competitive,0.006076525682735778,False,0.004524480954928939,False,0.0016732900599714835,False,True
JNEG:00032699,960:left:162,960,train,left,3,0,competitive,0.010615316877651779,False,0.00034732105892533905,False,0.0019897318566345725,False,TrueJNEG:00032749,960:left:162,960,train,left,3,0,competitive,0.005078348010696372,False,0.09888732849646567,False,0.001421735641571374,False,True
JNEG:00032769,960:left:162,960,train,left,3,0,competitive,0.024146597106293057,False,0.011793722273457836,False,0.00027392063025884005,False,True
JNEG:00032717,960:left:162,960,train,left,3,0,competitive,0.0005995369268299986,False,0.003658987906165284,False,2.772104923130395e-05,False,True
JNEG:00032791,960:left:162,960,train,left,3,0,competitive,0.0012436163129020236,False,0.6766344062250392,False,0.00014415600959566955,False,True
JNEG:00032751,960:left:162,960,train,left,3,0,competitive,0.00010921223138301981,False,0.0012508557584869043,False,5.452515106231231e-06,False,True
JNEG:00032771,960:left:162,960,train,left,3,0,competitive,0.0003903445243623453,False,0.15228358289787022,False,1.001553691911971e-05,False,True
JNEG:00032701,960:left:162,960,train,left,3,0,competitive,6.321636495371795e-05,False,0.0011043417939831184,False,1.3253283249409997e-05,False,True
JNEG:00032733,960:left:162,960,train,left,3,0,competitive,1.9458718001413586e-05,False,0.013176554759288073,False,1.115997218031107e-05,False,True
JNEG:00032793,960:left:162,960,train,left,3,0,competitive,0.00017210818422353551,False,0.050137260898619244,False,1.626868021042397e-05,False,True
JNEG:00032719,960:left:162,960,train,left,3,0,competitive,1.9665659332705914e-05,False,0.0009134303703201068,False,1.1414972540463822e-06,False,True
JNEG:00033485,960:left:162,960,train,left,3,0,competitive,0.04601484025261425,False,0.012206125720355,False,0.006000286331554629,False,True
JNEG:00034079,960:left:162,960,train,left,3,0,competitive,0.7461686327519216,False,0.9588897139814748,True,0.3094040157635006,True,True
JNEG:00034081,960:left:162,960,train,left,3,0,competitive,0.018593353342855622,False,0.6968651424082606,False,0.0028447452759472083,False,True
JNEG:00032821,960:left:162,960,train,left,3,0,competitive,0.00747699282565991,False,0.0011477919755635405,False,0.0073808698177740386,False,True
JNEG:00034057,960:left:162,960,train,left,3,0,competitive,0.05442339853992324,False,0.8293384406371884,False,0.011325832068466738,False,True
JNEG:00034167,960:left:162,960,train,left,3,0,competitive,0.05097170442064702,False,0.1056859564495947,False,0.001694225393646979,False,True
JNEG:00035107,960:left:212,960,train,left,3,0,competitive,0.08145311459278687,False,0.012742757018269733,False,0.008916140684758028,False,True
JNEG:00035055,960:left:212,960,train,left,3,0,competitive,0.0131215438424921,False,0.6659803169028138,False,0.049912659489226824,False,True
JNEG:00034997,960:left:212,960,train,left,3,0,competitive,0.04601484025261425,False,0.012206125720355,False,0.006000286331554629,False,True
JNEG:00035011,960:left:212,960,train,left,3,0,competitive,0.007476992825659752,False,0.0011477919755635405,False,0.007380869817773713,False,True
JNEG:00035069,960:left:212,960,train,left,3,0,competitive,0.0008349644258570222,False,0.09995894934189828,False,1.7693287584146724e-05,False,True
JNEG:00035123,960:left:212,960,train,left,3,0,competitive,0.0006800690460602103,False,0.004271634671850188,False,5.765925496205553e-06,False,True
JNEG:00035071,960:left:212,960,train,left,3,0,competitive,0.0002765470835826087,False,0.02079487187450227,False,1.0125756151916378e-06,False,True
JNEG:00035109,960:left:212,960,train,left,3,0,competitive,0.00021458406262794743,False,0.00043956248587960126,False,1.764601710810764e-06,False,True
JNEG:00035013,960:left:212,960,train,left,3,0,competitive,0.002300827340905764,False,0.0004989116064243287,False,0.0019060573967053763,False,True
JNEG:00035125,960:left:212,960,train,left,3,0,competitive,0.000189216969706772,False,0.0011041402488619284,False,7.026967005045457e-07,False,True
JNEG:00035012,960:left:212,960,train,left,3,0,competitive,0.0009969446837743874,False,0.0011477919755635405,False,8.38373481524693e-05,False,True
JNEG:00034999,960:left:212,960,train,left,3,0,competitive,0.0008072718652661787,False,5.448325014531158e-05,False,0.00014752476378677794,False,True
JNEG:00036441,960:left:212,960,train,left,3,0,competitive,0.010615316877651779,False,0.00034732105892533905,False,0.0019897318566345725,False,True
JNEG:00036443,960:left:212,960,train,left,3,0,competitive,0.003245601441875613,False,0.00014151645127700744,False,0.00036833458137340547,False,True
JNEG:00036763,960:left:212,960,train,left,3,0,competitive,0.0009963698876897951,False,8.899037816859645e-05,False,6.220328856228535e-05,False,True
JNEG:00035171,960:left:212,960,train,left,3,0,competitive,0.0005995369268299645,False,0.003658987906165284,False,2.772104923130016e-05,False,True
JNEG:00037875,960:left:212,960,train,left,3,0,competitive,0.46881184092947503,False,0.028574345289866826,False,0.0009023507271331465,False,True
JNEG:00036427,960:left:212,960,train,left,3,0,competitive,0.0039725166425129115,False,0.00021557489222943788,False,0.00031075635212661,False,True
JNEG:00038558,960:left:549,960,train,left,3,0,competitive,6.694673939474292e-15,False,2.6505733625205545e-05,False,1.3424375298370108e-12,False,False
JNEG:00038566,960:left:549,960,train,left,3,0,competitive,7.782516516904483e-14,False,5.877164411943246e-06,False,1.0507847494707105e-11,False,False
JNEG:00038562,960:left:549,960,train,left,3,0,competitive,4.370904025629994e-14,False,1.6178558304818023e-05,False,9.871254970918236e-12,False,False
JNEG:00038516,960:left:549,960,train,left,3,0,competitive,4.521726157401636e-15,False,1.522225301116153e-07,False,5.795457255598367e-13,False,False
JNEG:00038521,960:left:549,960,train,left,3,0,competitive,4.3296387346945415e-14,False,1.0353402617844454e-07,False,8.542016501193738e-12,False,False
JNEG:00038527,960:left:549,960,train,left,3,0,competitive,4.0115584555451135e-14,False,9.178423825388739e-08,False,1.1356098269652042e-11,False,False
JNEG:00038522,960:left:549,960,train,left,3,0,competitive,4.2010617998048874e-14,False,1.0353402617844454e-07,False,1.1364368350862386e-11,False,False
JNEG:00038531,960:left:549,960,train,left,3,0,competitive,8.889975169383785e-15,False,9.780380637092864e-08,False,3.925609802129644e-12,False,False
JNEG:00038568,960:left:549,960,train,left,3,0,competitive,6.153334452657653e-14,False,4.42633946925848e-06,False,1.3863164834917041e-11,False,False
JNEG:00038525,960:left:549,960,train,left,3,0,competitive,4.4181007829075263e-14,False,5.8865950242361745e-08,False,1.1463625176373026e-11,False,False
JNEG:00038520,960:left:549,960,train,left,3,0,competitive,2.75397563226339e-14,False,6.118916652360897e-07,False,1.5827976669243448e-11,False,False
JNEG:00038572,960:left:549,960,train,left,3,0,competitive,5.525571775762876e-15,False,0.0005859171816078256,False,8.027094033604976e-11,False,False
JNEG:00038988,960:left:549,960,train,left,3,0,competitive,2.3417358135654918e-11,False,1.9825821756526772e-05,False,1.9269655856405952e-09,False,False
JNEG:00038904,960:left:549,960,train,left,3,0,competitive,3.826879677600158e-12,False,0.013386887637030845,False,3.402880142996104e-09,False,False
JNEG:00039058,960:left:549,960,train,left,3,0,competitive,3.593024205812852e-11,False,0.00018064388092819562,False,1.1385414238571523e-08,False,False
JNEG:00039024,960:left:549,960,train,left,3,0,competitive,2.382897306437709e-11,False,1.14153058203488e-05,False,1.457176122403459e-09,False,False
JNEG:00038990,960:left:549,960,train,left,3,0,competitive,1.3279512233757822e-11,False,1.6639599550423435e-05,False,9.528815277970502e-10,False,False
JNEG:00038994,960:left:549,960,train,left,3,0,competitive,1.080841249047065e-11,False,0.0004318910759540982,False,2.3904724188647462e-09,False,False
JNEG:00039634,961:left:204,961,val,left,3,0,competitive,5.257353469240699e-07,False,3.5193812192975723e-10,False,1.1792928995485348e-09,False,False
JNEG:00039650,961:left:204,961,val,left,3,0,competitive,6.979125386649932e-08,False,0.3892795364232756,False,1.6123636670958683e-06,False,False
JNEG:00039632,961:left:204,961,val,left,3,0,competitive,4.2158083957342925e-07,False,5.919863124512717e-11,False,1.3350573384160344e-10,False,False
JNEG:00039612,961:left:204,961,val,left,3,0,competitive,1.169813485524542e-05,False,3.2671703001832003e-07,False,3.9709657481823416e-05,False,False
JNEG:00039610,961:left:204,961,val,left,3,0,competitive,1.0872294761152798e-05,False,1.43830316289869e-07,False,2.505992465767176e-05,False,False
JNEG:00039638,961:left:204,961,val,left,3,0,competitive,1.1527666485782372e-07,False,1.496020508478277e-10,False,1.0976412525332282e-10,False,False
JNEG:00039636,961:left:204,961,val,left,3,0,competitive,2.0356802951679835e-07,False,8.203360279507595e-11,False,2.1340407590339033e-10,False,False
JNEG:00039613,961:left:204,961,val,left,3,0,competitive,4.860984026842543e-06,False,1.1150512012867987e-08,False,2.048936615537115e-06,False,False
JNEG:00039590,961:left:204,961,val,left,3,0,competitive,4.966036941720008e-06,False,1.6069486157818492e-07,False,2.3203052617412372e-06,False,False
JNEG:00039614,961:left:204,961,val,left,3,0,competitive,4.131831470456209e-06,False,1.1150512012867987e-08,False,1.4486631443596065e-06,False,False
JNEG:00039588,961:left:204,961,val,left,3,0,competitive,2.3144318554692057e-06,False,3.3624132167671265e-07,False,6.53863169786386e-07,False,False
JNEG:00039616,961:left:204,961,val,left,3,0,competitive,1.0889166958965032e-06,False,9.63947102642854e-05,False,1.2349317281041e-05,False,False
JNEG:00039978,961:left:204,961,val,left,3,0,competitive,3.6673420661289974e-05,False,7.369129738806479e-07,False,2.6524434457842434e-07,False,False
JNEG:00040074,961:left:204,961,val,left,3,0,competitive,0.0008434387446165393,False,0.007104165905974055,False,1.0547431541353583e-05,False,False
JNEG:00040044,961:left:204,961,val,left,3,0,competitive,0.0002807565840034699,False,3.3019015846370864e-06,False,1.018341013669447e-06,False,False
JNEG:00040046,961:left:204,961,val,left,3,0,competitive,0.0004787505967886391,False,2.667778998551366e-05,False,2.8854758786090752e-06,False,False
JNEG:00039974,961:left:204,961,val,left,3,0,competitive,3.57769835411091e-05,False,9.848326591085954e-08,False,8.160028710209935e-08,False,False
JNEG:00039976,961:left:204,961,val,left,3,0,competitive,2.595918645364447e-05,False,5.281260554726242e-07,False,7.060743167374088e-08,False,False
JNEG:00040445,961:left:738,961,val,left,3,0,competitive,9.325160057337444e-08,False,0.0006190643196082734,False,1.4070606112742353e-07,False,False
JNEG:00040401,961:left:738,961,val,left,3,0,competitive,3.098944016787745e-08,False,0.9750093840463974,True,2.6814524980649665e-06,False,False
JNEG:00040400,961:left:738,961,val,left,3,0,competitive,1.707278930166162e-08,False,0.5938691899327192,False,3.272077614132067e-07,False,False
JNEG:00040444,961:left:738,961,val,left,3,0,competitive,4.1074727987388376e-09,False,6.196895513778423e-06,False,1.5609822367478e-09,False,False
JNEG:00040447,961:left:738,961,val,left,3,0,competitive,2.3649196925070324e-09,False,2.5372740638959708e-05,False,5.316379318018844e-10,False,False
JNEG:00040421,961:left:738,961,val,left,3,0,competitive,4.508013703780845e-09,False,0.00030679814666292226,False,1.0240448050447089e-08,False,False
JNEG:00040403,961:left:738,961,val,left,3,0,competitive,6.128671958488657e-09,False,0.07622191326921796,False,2.2462735075439562e-08,False,False
JNEG:00040398,961:left:738,961,val,left,3,0,competitive,4.9819053195133685e-09,False,0.3325638950944918,False,6.477049066466438e-08,False,False
JNEG:00040420,961:left:738,961,val,left,3,0,competitive,1.6559329252600391e-09,False,2.878410188942323e-08,False,1.362957316674935e-09,False,False
JNEG:00040402,961:left:738,961,val,left,3,0,competitive,1.2404962907878244e-08,False,0.9750093840463974,True,7.62430495686969e-07,False,False
JNEG:00040442,961:left:738,961,val,left,3,0,competitive,9.360738780858125e-11,False,5.561071532339496e-07,False,1.1187841613529545e-10,False,False
JNEG:00040399,961:left:738,961,val,left,3,0,competitive,8.566130385968867e-09,False,0.5938691899327192,False,2.2046724669019575e-07,False,False
JNEG:00041015,961:left:738,961,val,left,3,0,competitive,0.0018940775721428412,False,0.4127638784198137,False,0.001333286273889701,False,False
JNEG:00041017,961:left:738,961,val,left,3,0,competitive,0.0009651329856170325,False,0.03437034409257287,False,0.0001230830914546215,False,False
JNEG:00041031,961:left:738,961,val,left,3,0,competitive,0.0014353154816426346,False,0.08195541614647099,False,0.00014206692288151396,False,False
JNEG:00040985,961:left:738,961,val,left,3,0,competitive,0.00042704842792468096,False,0.016895734161492926,False,7.361436826514718e-05,False,False
JNEG:00040982,961:left:738,961,val,left,3,0,competitive,0.00027732074439350995,False,0.21694559025148427,False,0.0008641952354309397,False,False
JNEG:00040983,961:left:738,961,val,left,3,0,competitive,0.00027702590703827215,False,0.2093994936690198,False,0.0002537169151937095,False,False
JNEG:00041420,961:right:96,961,val,right,3,0,competitive,5.435971601036891e-10,False,0.0397465645508179,False,1.356065751099038e-07,False,False
JNEG:00041444,961:right:96,961,val,right,3,0,competitive,6.326686000987646e-11,False,2.5371007858214287e-09,False,1.2385922319146273e-11,False,False
JNEG:00041446,961:right:96,961,val,right,3,0,competitive,5.830563774389916e-11,False,6.7658188774345825e-09,False,9.357976507688759e-12,False,False
JNEG:00041474,961:right:96,961,val,right,3,0,competitive,2.962191601907178e-11,False,3.3502945051879026e-08,False,2.267592778315168e-11,False,False
JNEG:00041418,961:right:96,961,val,right,3,0,competitive,1.7723056003910565e-11,False,2.2041188733255233e-10,False,1.1916324015528682e-12,False,False
JNEG:00041475,961:right:96,961,val,right,3,0,competitive,1.0272002512974814e-09,False,0.0005510868081470513,False,8.664622755469903e-07,False,False
JNEG:00041476,961:right:96,961,val,right,3,0,competitive,3.794567636833733e-09,False,0.0005510868081470513,False,7.625325224343238e-07,False,False
JNEG:00041416,961:right:96,961,val,right,3,0,competitive,2.2071168387132443e-12,False,0.3701442833928932,False,4.440138970871718e-09,False,False
JNEG:00041442,961:right:96,961,val,right,3,0,competitive,1.2135428302799162e-12,False,0.0038919492504267965,False,7.596503852311581e-10,False,False
JNEG:00041449,961:right:96,961,val,right,3,0,competitive,2.8675115969904306e-11,False,6.342930685955363e-11,False,9.541415099432285e-11,False,False
JNEG:00041451,961:right:96,961,val,right,3,0,competitive,1.761191581586137e-11,False,2.5934068747666557e-08,False,4.852565666200676e-11,False,False
JNEG:00041472,961:right:96,961,val,right,3,0,competitive,3.364500665835653e-11,False,0.002745524623241577,False,1.222725137710704e-07,False,False
JNEG:00042424,961:right:96,961,val,right,3,0,competitive,7.008791135745666e-09,False,0.0015528948153913633,False,7.303311666057966e-07,False,False
JNEG:00042427,961:right:96,961,val,right,3,0,competitive,1.1391959080810483e-07,False,0.0012204079656469267,False,6.945833515350704e-05,False,False
JNEG:00042429,961:right:96,961,val,right,3,0,competitive,2.4000350274499525e-08,False,0.0010060969856608203,False,5.554967471119158e-06,False,False
JNEG:00042467,961:right:96,961,val,right,3,0,competitive,2.6581473669629454e-07,False,0.004710902420898385,False,0.0002689459036316876,False,False
JNEG:00042469,961:right:96,961,val,right,3,0,competitive,1.3395196016528069e-07,False,0.001447477381369594,False,4.8919015571472074e-05,False,False
JNEG:00042431,961:right:96,961,val,right,3,0,competitive,3.1717729506816798e-09,False,0.0005723057455634391,False,6.480436434653223e-07,False,False
JNEG:00042681,963:left:114,963,train,left,3,0,competitive,1.3372056943202862e-09,False,9.563195752256603e-06,False,2.8997856073969945e-10,False,False
JNEG:00042713,963:left:114,963,train,left,3,0,competitive,8.932642759216872e-09,False,2.5337690948155607e-10,False,2.5865293228361e-09,False,False
JNEG:00042747,963:left:114,963,train,left,3,0,competitive,1.3507615163418363e-09,False,8.729221921956452e-09,False,3.0352559539401364e-10,False,False
JNEG:00042673,963:left:114,963,train,left,3,0,competitive,3.378836113818812e-11,False,4.845479797130521e-09,False,3.4099345232151413e-12,False,False
JNEG:00042685,963:left:114,963,train,left,3,0,competitive,7.41012762925708e-11,False,8.351338044277896e-09,False,1.275146289159552e-12,False,False
JNEG:00042714,963:left:114,963,train,left,3,0,competitive,2.4779879820519714e-09,False,2.5337690948155607e-10,False,4.0638670492932536e-10,False,False
JNEG:00042709,963:left:114,963,train,left,3,0,competitive,1.7973350076224077e-09,False,4.389094137188933e-12,False,1.1151155085927534e-10,False,False
JNEG:00042708,963:left:114,963,train,left,3,0,competitive,2.088554166768705e-09,False,6.546560575845894e-12,False,2.5254533913088546e-10,False,False
JNEG:00042677,963:left:114,963,train,left,3,0,competitive,8.861386036689857e-11,False,3.825705329278662e-07,False,1.3731262897691414e-11,False,False
JNEG:00042710,963:left:114,963,train,left,3,0,competitive,9.97950138232005e-10,False,4.389094137188933e-12,False,3.762999216321108e-11,False,False
JNEG:00042751,963:left:114,963,train,left,3,0,competitive,8.077485811363633e-12,False,8.3585677539447e-09,False,3.283193710869582e-12,False,False
JNEG:00042671,963:left:114,963,train,left,3,0,competitive,6.732560457182471e-12,False,1.1256254685320586e-12,False,1.4439600976206496e-14,False,False
JNEG:00043945,963:left:114,963,train,left,3,0,competitive,2.6017938148549157e-07,False,1.782877215027063e-08,False,9.67551435902737e-09,False,False
JNEG:00043949,963:left:114,963,train,left,3,0,competitive,2.3955860772517918e-08,False,7.740671607012751e-07,False,3.9108054236168175e-10,False,False
JNEG:00043907,963:left:114,963,train,left,3,0,competitive,1.5086211657767983e-08,False,9.117526088145884e-11,False,1.499545647366188e-12,False,False
JNEG:00043943,963:left:114,963,train,left,3,0,competitive,1.05073399592944e-07,False,6.554516947186095e-13,False,6.8808870213923564e-12,False,False
JNEG:00043991,963:left:114,963,train,left,3,0,competitive,1.5023455447479414e-08,False,7.683078228560271e-12,False,6.885155606673859e-13,False,False
JNEG:00043903,963:left:114,963,train,left,3,0,competitive,5.784618990477727e-08,False,7.860016762253287e-13,False,7.655594588666478e-12,False,False
JNEG:00044813,963:left:223,963,train,left,3,0,competitive,3.068741871115897e-08,False,0.0251772272338307,False,1.7515313277030217e-07,False,False
JNEG:00044777,963:left:223,963,train,left,3,0,competitive,1.6135614896601735e-08,False,0.2964296530673511,False,1.6941884055365196e-07,False,False
JNEG:00044739,963:left:223,963,train,left,3,0,competitive,7.028775979350974e-09,False,0.007389079478576617,False,8.148590817206587e-09,False,False
JNEG:00044775,963:left:223,963,train,left,3,0,competitive,5.390058829001989e-09,False,0.015519188899896773,False,3.4191440252675844e-08,False,False
JNEG:00044773,963:left:223,963,train,left,3,0,competitive,2.159628551618231e-09,False,0.0010737199697530165,False,9.305654629831866e-10,False,False
JNEG:00044815,963:left:223,963,train,left,3,0,competitive,1.0058727686555597e-09,False,0.0014706332133344407,False,1.6040384529833122e-09,False,False
JNEG:00044737,963:left:223,963,train,left,3,0,competitive,3.217876003664593e-08,False,0.00015988841705028952,False,1.7039322492093975e-07,False,False
JNEG:00044776,963:left:223,963,train,left,3,0,competitive,3.397706326411009e-09,False,0.015519188899896773,False,4.319562429882668e-08,False,False
JNEG:00044735,963:left:223,963,train,left,3,0,competitive,1.590783329363207e-08,False,8.88652238702023e-05,False,2.860793545934044e-08,False,False
JNEG:00044736,963:left:223,963,train,left,3,0,competitive,1.1904652061677528e-08,False,8.88652238702023e-05,False,1.6035691989991733e-08,False,False
JNEG:00044741,963:left:223,963,train,left,3,0,competitive,1.7483838135441944e-10,False,0.0014387509356072856,False,1.8862923801114423e-10,False,False
JNEG:00044811,963:left:223,963,train,left,3,0,competitive,5.080854976667417e-08,False,1.8579475559633992e-06,False,3.023498782407298e-08,False,False
JNEG:00046409,963:left:223,963,train,left,3,0,competitive,1.2154470807688468e-05,False,0.3528812218485477,False,9.47849898825045e-05,False,False
JNEG:00046411,963:left:223,963,train,left,3,0,competitive,1.6304525591786639e-06,False,0.12137178709969526,False,5.511798766974522e-06,False,False
JNEG:00046329,963:left:223,963,train,left,3,0,competitive,4.468302832159315e-06,False,0.2154678443516986,False,4.542907390648286e-06,False,False
JNEG:00046331,963:left:223,963,train,left,3,0,competitive,2.455565385462727e-06,False,0.002896106748063175,False,1.5254675658430888e-06,False,False
JNEG:00046333,963:left:223,963,train,left,3,0,competitive,7.658503046686931e-07,False,0.000783320881003751,False,3.437390142767206e-07,False,False
JNEG:00044849,963:left:223,963,train,left,3,0,competitive,2.070528028754047e-08,False,3.4230671973286255e-07,False,3.453689517403412e-10,False,False
JNEG:00047059,963:left:393,963,train,left,3,0,competitive,1.1086685564686248e-11,False,7.799085277681764e-06,False,3.5821697437590675e-10,False,False
JNEG:00047077,963:left:393,963,train,left,3,0,competitive,5.362452065776805e-12,False,3.2862386423081316e-05,False,7.621179812003615e-11,False,False
JNEG:00047068,963:left:393,963,train,left,3,0,competitive,3.1888946764715333e-12,False,6.276719663227006e-08,False,5.482912558381294e-13,False,False
JNEG:00047058,963:left:393,963,train,left,3,0,competitive,5.161370540577461e-13,False,4.451601498608335e-09,False,5.730005947417029e-13,False,False
JNEG:00047061,963:left:393,963,train,left,3,0,competitive,4.680463088230442e-13,False,1.0628782309060712e-06,False,4.3694436131092057e-11,False,False
JNEG:00047079,963:left:393,963,train,left,3,0,competitive,3.254462513108201e-13,False,7.728018964110113e-06,False,3.201714209011081e-12,False,False
JNEG:00047074,963:left:393,963,train,left,3,0,competitive,2.1286181875747018e-13,False,1.0813270435358269e-11,False,3.2274310544313436e-14,False,False
JNEG:00047078,963:left:393,963,train,left,3,0,competitive,4.349947535851242e-12,False,3.2862386423081316e-05,False,4.187688143437616e-10,False,False
JNEG:00047056,963:left:393,963,train,left,3,0,competitive,1.5947575212644066e-14,False,1.1680356921418255e-12,False,7.327060420587846e-15,False,False
JNEG:00047063,963:left:393,963,train,left,3,0,competitive,5.7300542744876144e-15,False,2.9731903647804726e-06,False,1.9220388244687322e-12,False,False
JNEG:00047065,963:left:393,963,train,left,3,0,competitive,2.460973790162574e-16,False,1.8285951823119457e-09,False,7.36849374637088e-16,False,False
JNEG:00047067,963:left:393,963,train,left,3,0,competitive,3.353665570511732e-12,False,6.276719663227006e-08,False,8.316661849417599e-12,False,False
JNEG:00047281,963:left:393,963,train,left,3,0,competitive,3.2333291733725245e-10,False,8.865008089244823e-12,False,3.234211508702455e-13,False,False
JNEG:00047149,963:left:393,963,train,left,3,0,competitive,4.107714662698323e-10,False,9.012126907101493e-11,False,9.290599314060687e-11,False,False
JNEG:00047122,963:left:393,963,train,left,3,0,competitive,7.599646211373228e-11,False,3.552264214921457e-11,False,4.484367148026935e-12,False,False
JNEG:00047143,963:left:393,963,train,left,3,0,competitive,9.926249597775768e-11,False,1.0718704372599648e-11,False,3.18760881953114e-11,False,False
JNEG:00047129,963:left:393,963,train,left,3,0,competitive,4.269744179150216e-11,False,1.0372410882169487e-13,False,8.92600831445823e-13,False,False
JNEG:00047273,963:left:393,963,train,left,3,0,competitive,1.0257892950091135e-10,False,0.0019324923679332599,False,8.260887509525095e-08,False,False
JNEG:00047389,963:left:416,963,train,left,3,0,competitive,5.805064901769545e-07,False,4.651285510239603e-13,False,1.3558452435416266e-09,False,False
JNEG:00047387,963:left:416,963,train,left,3,0,competitive,2.780540458438134e-07,False,1.2837417117869214e-13,False,4.3861083309200503e-10,False,False
JNEG:00047380,963:left:416,963,train,left,3,0,competitive,3.2395102007888453e-07,False,4.327098848562341e-11,False,2.4760676873401846e-08,False,False
JNEG:00047385,963:left:416,963,train,left,3,0,competitive,1.9130156255013482e-07,False,1.1479074569633302e-12,False,3.6393316909636077e-10,False,False
JNEG:00047384,963:left:416,963,train,left,3,0,competitive,1.8680608891662733e-07,False,8.664665323162819e-13,False,1.3771124702733903e-09,False,False
JNEG:00047386,963:left:416,963,train,left,3,0,competitive,1.5744228342243228e-07,False,1.1479074569633302e-12,False,2.367759179437588e-10,False,False
JNEG:00047350,963:left:416,963,train,left,3,0,competitive,3.8061441779597894e-07,False,5.35295866547243e-07,False,1.1342889898508578e-06,False,False
JNEG:00047410,963:left:416,963,train,left,3,0,competitive,6.933292406366464e-08,False,4.632347442892805e-09,False,9.11317216265315e-09,False,False
JNEG:00047391,963:left:416,963,train,left,3,0,competitive,1.1606868671493988e-07,False,1.6620501700087473e-15,False,1.3126520231374909e-11,False,False
JNEG:00047388,963:left:416,963,train,left,3,0,competitive,1.1698201779427e-07,False,1.2837417117869214e-13,False,6.947079911224727e-11,False,False
JNEG:00047382,963:left:416,963,train,left,3,0,competitive,7.766855667146211e-08,False,2.0948712465850976e-10,False,1.9710868368898288e-08,False,False
JNEG:00047419,963:left:416,963,train,left,3,0,competitive,5.264102421491673e-08,False,4.925288045860821e-12,False,1.100913176335488e-11,False,False
JNEG:00048613,963:left:416,963,train,left,3,0,competitive,1.1933500503011818e-07,False,7.283644836148069e-09,False,3.9002581565572896e-08,False,False
JNEG:00048593,963:left:416,963,train,left,3,0,competitive,9.732255296961768e-08,False,1.1290660878264999e-07,False,2.048557115577805e-07,False,False
JNEG:00048595,963:left:416,963,train,left,3,0,competitive,1.9042511354804228e-07,False,5.994003645612366e-07,False,1.4616959662216195e-06,False,False
JNEG:00048631,963:left:416,963,train,left,3,0,competitive,7.316797793945912e-08,False,7.283644836148069e-09,False,1.05875144828475e-08,False,False
JNEG:00048649,963:left:416,963,train,left,3,0,competitive,8.157594828714865e-07,False,5.777785356284329e-08,False,1.5576821826408237e-06,False,False
JNEG:00048615,963:left:416,963,train,left,3,0,competitive,1.4080017634015167e-07,False,2.685919061184294e-09,False,1.6403853209149235e-08,False,False
JNEG:00048863,963:left:543,963,train,left,3,0,competitive,5.064909726062076e-06,False,1.124083931917677e-05,False,1.60768894647041e-08,False,False
JNEG:00048862,963:left:543,963,train,left,3,0,competitive,5.064950663487339e-06,False,0.09648759568958219,False,2.3222812971224735e-05,False,False
JNEG:00048902,963:left:543,963,train,left,3,0,competitive,1.1572900811716678e-06,False,0.006748368298862274,False,1.0575724020642547e-06,False,False
JNEG:00048818,963:left:543,963,train,left,3,0,competitive,7.107588341067023e-07,False,0.00013591900049445376,False,1.3615140346627186e-07,False,False
JNEG:00048819,963:left:543,963,train,left,3,0,competitive,1.6231545367489307e-07,False,1.105891251209854e-05,False,1.8184272762071134e-09,False,False
JNEG:00048903,963:left:543,963,train,left,3,0,competitive,4.533213254403064e-08,False,0.0003215544745400072,False,4.750863455693883e-09,False,False
JNEG:00048860,963:left:543,963,train,left,3,0,competitive,2.474475705015172e-07,False,0.003321964287711449,False,1.2756460137396213e-07,False,False
JNEG:00048865,963:left:543,963,train,left,3,0,competitive,4.946963853835208e-08,False,1.2896016676490527e-06,False,3.416815784759953e-11,False,False
JNEG:00048842,963:left:543,963,train,left,3,0,competitive,6.595350719937527e-09,False,1.67878745206879e-05,False,1.5474092160067927e-11,False,False
JNEG:00048800,963:left:543,963,train,left,3,0,competitive,4.062562197575517e-08,False,0.00012009255037066269,False,7.409303280269553e-11,False,False
JNEG:00048900,963:left:543,963,train,left,3,0,competitive,4.038372324184783e-08,False,0.00022443597363430294,False,9.759060172346695e-09,False,False
JNEG:00048816,963:left:543,963,train,left,3,0,competitive,4.906898921102879e-08,False,0.0002084369572969864,False,1.2218942039806374e-08,False,False
JNEG:00051773,963:left:543,963,train,left,3,0,competitive,0.006986995114220063,False,0.10558819880432865,False,0.0017413853011820878,False,False
JNEG:00051737,963:left:543,963,train,left,3,0,competitive,6.0550424203959104e-05,False,0.22115873705273675,False,1.3833900818182653e-05,False,False
JNEG:00051736,963:left:543,963,train,left,3,0,competitive,1.260959712883149e-05,False,0.12629274946264032,False,1.781527248255377e-06,False,False
JNEG:00049853,963:left:543,963,train,left,3,0,competitive,2.1680070231042904e-05,False,3.928878851373762e-05,False,2.318285075751833e-06,False,False
JNEG:00051775,963:left:543,963,train,left,3,0,competitive,0.00012748185111245925,False,3.721466395347693e-05,False,6.062106557275103e-06,False,False
JNEG:00049372,963:left:543,963,train,left,3,0,competitive,3.969171466831479e-06,False,0.0004666065613091736,False,4.7212230414892216e-08,False,False
JNEG:00052005,963:left:921,963,train,left,3,0,competitive,4.702307232668577e-06,False,0.0015028650831970761,False,8.425072486263e-08,False,False
JNEG:00051949,963:left:921,963,train,left,3,0,competitive,3.760852581999233e-05,False,0.0005249907547082584,False,1.1858644204999482e-05,False,False
JNEG:00051950,963:left:921,963,train,left,3,0,competitive,5.316045034666384e-06,False,0.0005249907547082584,False,2.4129781992825335e-07,False,False
JNEG:00052055,963:left:921,963,train,left,3,0,competitive,4.865834336138327e-07,False,0.00394268385462877,False,4.8623382372354937e-08,False,False
JNEG:00052039,963:left:921,963,train,left,3,0,competitive,7.88133745368036e-07,False,0.0005902871906152077,False,1.3896428817735782e-08,False,False
JNEG:00052041,963:left:921,963,train,left,3,0,competitive,3.2520341593041193e-07,False,0.0002776933882405654,False,1.8201412939888293e-08,False,False
JNEG:00051935,963:left:921,963,train,left,3,0,competitive,7.201283829863312e-07,False,0.0006033629270440738,False,1.8773745096846703e-07,False,False
JNEG:00051991,963:left:921,963,train,left,3,0,competitive,1.2322661378334093e-07,False,0.025844490872338255,False,3.586080632600581e-08,False,False
JNEG:00051936,963:left:921,963,train,left,3,0,competitive,1.441994091433941e-07,False,0.0006033629270440738,False,5.70008129328052e-09,False,False
JNEG:00052007,963:left:921,963,train,left,3,0,competitive,7.871227461444654e-08,False,0.0005082452564991988,False,2.6675718873580774e-09,False,False
JNEG:00051993,963:left:921,963,train,left,3,0,competitive,6.547878486147196e-08,False,0.04868191409913241,False,4.323007971906243e-08,False,False
JNEG:00052057,963:left:921,963,train,left,3,0,competitive,4.9713330053888834e-08,False,0.001830824233383202,False,2.3419469900027488e-08,False,False
JNEG:00053709,963:left:921,963,train,left,3,0,competitive,0.0009717709277926867,False,0.009286879192726952,False,4.8436223447150785e-05,False,False
JNEG:00053805,963:left:921,963,train,left,3,0,competitive,0.0004442387162961421,False,0.03368106578261717,False,4.39011612517068e-05,False,False
JNEG:00053803,963:left:921,963,train,left,3,0,competitive,0.0005342400385662344,False,0.007268159725434267,False,3.2148583757898813e-06,False,False
JNEG:00053725,963:left:921,963,train,left,3,0,competitive,0.0026222223745250134,False,0.023753484115754942,False,4.6913236295354305e-05,False,False
JNEG:00053727,963:left:921,963,train,left,3,0,competitive,0.0009784666297625395,False,0.06948051036979855,False,0.00020741019702536024,False,False
JNEG:00053789,963:left:921,963,train,left,3,0,competitive,3.9110087399262574e-05,False,0.0014790239667560748,False,8.13447012790121e-07,False,False
JNEG:00054605,963:right:96,963,train,right,3,0,competitive,3.468112061807914e-06,False,0.08038578800066236,False,2.851487767588985e-05,False,False
JNEG:00054575,963:right:96,963,train,right,3,0,competitive,2.339256115409766e-06,False,0.7676268053592845,False,0.0008601928388657919,False,False
JNEG:00054549,963:right:96,963,train,right,3,0,competitive,1.6188907341354847e-06,False,0.1017648731837568,False,1.4098120780498765e-05,False,False
JNEG:00054587,963:right:96,963,train,right,3,0,competitive,5.1252306187318004e-06,False,0.0005823533219049442,False,1.8257103376121461e-06,False,False
JNEG:00054585,963:right:96,963,train,right,3,0,competitive,8.342174547453342e-06,False,0.14596433045018256,False,1.445432846759499e-05,False,False
JNEG:00054561,963:right:96,963,train,right,3,0,competitive,5.045586683231664e-07,False,0.042358521225164335,False,2.687144141981013e-06,False,False
JNEG:00054589,963:right:96,963,train,right,3,0,competitive,3.732503616873444e-07,False,4.073667547163559e-06,False,3.033452561945758e-08,False,False
JNEG:00054559,963:right:96,963,train,right,3,0,competitive,4.1018057505390386e-07,False,0.2961020119688001,False,1.0333957283245699e-05,False,False
JNEG:00054533,963:right:96,963,train,right,3,0,competitive,3.7542340542558273e-06,False,0.14080831064025418,False,0.0024585820958153296,False,False
JNEG:00054535,963:right:96,963,train,right,3,0,competitive,2.534184245369728e-06,False,0.031239190591580784,False,0.001124736239794183,False,False
JNEG:00054607,963:right:96,963,train,right,3,0,competitive,2.7177415832380497e-08,False,0.46833676737737384,False,3.657012817835947e-06,False,False
JNEG:00054577,963:right:96,963,train,right,3,0,competitive,4.309186410247176e-08,False,0.015344152664249931,False,6.7863190132742e-07,False,False
JNEG:00055499,963:right:96,963,train,right,3,0,competitive,0.01978470930866608,False,0.024991962295346584,False,0.00035706138340885294,False,False
JNEG:00055579,963:right:96,963,train,right,3,0,competitive,0.011342533549397857,False,0.22082553609840827,False,0.003772470109847169,False,False
JNEG:00055563,963:right:96,963,train,right,3,0,competitive,0.0006275138468535483,False,0.010233843082497236,False,1.3086617745582464e-05,False,False
JNEG:00055637,963:right:96,963,train,right,3,0,competitive,0.0006264719224000924,False,0.007295461334235985,False,9.090648659242617e-05,False,False
JNEG:00055501,963:right:96,963,train,right,3,0,competitive,0.0005652275917914585,False,0.0028676947075196614,False,4.781818212158596e-06,False,False
JNEG:00055581,963:right:96,963,train,right,3,0,competitive,0.002782667543229668,False,0.12225973297892184,False,0.0014675063862447941,False,False
JNEG:00056071,963:right:185,963,train,right,3,0,competitive,9.042710186855234e-07,False,0.00027891463459722,False,2.30106672772968e-06,False,False
JNEG:00056051,963:right:185,963,train,right,3,0,competitive,9.160740833978338e-06,False,0.04419649412949356,False,1.27564204621922e-05,False,False
JNEG:00056009,963:right:185,963,train,right,3,0,competitive,3.956990446251474e-07,False,0.00016173099820448292,False,7.739532936450702e-06,False,False
JNEG:00056021,963:right:185,963,train,right,3,0,competitive,5.989433596559653e-07,False,0.7421200754302769,False,1.6743208252949393e-06,False,False
JNEG:00055991,963:right:185,963,train,right,3,0,competitive,2.9996506249818525e-06,False,0.23642709486676905,False,0.0009446157606882896,False,False
JNEG:00056039,963:right:185,963,train,right,3,0,competitive,5.50686199493733e-07,False,0.48103937443099265,False,7.285685142395788e-06,False,False
JNEG:00056023,963:right:185,963,train,right,3,0,competitive,1.8346125321351125e-07,False,0.04528801511871763,False,1.4283047429193585e-07,False,False
JNEG:00056053,963:right:185,963,train,right,3,0,competitive,1.1707877804256961e-06,False,0.005705729244186486,False,2.201785584102462e-06,False,False
JNEG:00055993,963:right:185,963,train,right,3,0,competitive,3.906589296137982e-07,False,0.0034520743054328924,False,0.00017348459268489433,False,False
JNEG:00056073,963:right:185,963,train,right,3,0,competitive,1.4198223436629575e-08,False,2.8043054899957202e-05,False,1.3279253590783404e-08,False,False
JNEG:00056041,963:right:185,963,train,right,3,0,competitive,9.874856293654454e-08,False,0.3118470584121437,False,1.6742444876230934e-06,False,False
JNEG:00055992,963:right:185,963,train,right,3,0,competitive,8.392569673610381e-07,False,0.23642709486676905,False,7.9500988101963e-05,False,False
JNEG:00057089,963:right:185,963,train,right,3,0,competitive,0.015252350112648161,False,0.04650302132232918,False,0.00013822232177993169,False,False
JNEG:00057107,963:right:185,963,train,right,3,0,competitive,0.028277047854000766,False,0.7978038566396157,False,0.0062990663359749005,False,False
JNEG:00057173,963:right:185,963,train,right,3,0,competitive,0.012219962379197051,False,0.5622797437558088,False,0.0016470923997427207,False,False
JNEG:00057175,963:right:185,963,train,right,3,0,competitive,0.004394735747214223,False,0.44548459863343487,False,0.0009776890484366183,False,False
JNEG:00057109,963:right:185,963,train,right,3,0,competitive,0.0044417181625860565,False,0.3040687605898382,False,0.0009044129198855779,False,False
JNEG:00057157,963:right:185,963,train,right,3,0,competitive,0.00029888078700373037,False,0.1382187145614559,False,0.00011826595944814239,False,False
JNEG:00057743,964:left:288,964,train,left,3,0,competitive,1.8667102318660752e-12,False,2.035760858815758e-15,False,1.4590488120977135e-16,False,False
JNEG:00057769,964:left:288,964,train,left,3,0,competitive,2.631461568369416e-13,False,7.700747517645992e-12,False,8.446676098478709e-15,False,False
JNEG:00057741,964:left:288,964,train,left,3,0,competitive,1.886603999883264e-13,False,2.0878365363989193e-12,False,6.876704689621976e-17,False,False
JNEG:00057739,964:left:288,964,train,left,3,0,competitive,7.512572222481114e-14,False,4.8648593070474935e-12,False,6.931198517079846e-17,False,False
JNEG:00057719,964:left:288,964,train,left,3,0,competitive,6.775712404931883e-13,False,1.7770876281855208e-14,False,2.60528855383982e-15,False,False
JNEG:00057737,964:left:288,964,train,left,3,0,competitive,2.906841034065096e-14,False,1.537664626091784e-11,False,6.611445780610043e-17,False,False
JNEG:00057735,964:left:288,964,train,left,3,0,competitive,1.4396371144523067e-14,False,3.844784355552062e-11,False,4.2991665699035174e-17,False,False
JNEG:00057717,964:left:288,964,train,left,3,0,competitive,3.101099690660447e-12,False,2.6329232999855304e-13,False,7.85757619288173e-14,False,False
JNEG:00057733,964:left:288,964,train,left,3,0,competitive,5.891269668588612e-15,False,1.7484595563243846e-10,False,9.805763929532532e-17,False,False
JNEG:00057715,964:left:288,964,train,left,3,0,competitive,4.5462185146081085e-12,False,4.184715097180505e-12,False,4.969778944377908e-13,False,False
JNEG:00057767,964:left:288,964,train,left,3,0,competitive,4.555593815963132e-12,False,3.930601224083405e-12,False,4.038023194562199e-14,False,False
JNEG:00057716,964:left:288,964,train,left,3,0,competitive,4.317376549726724e-12,False,4.184715097180505e-12,False,5.284992500673213e-13,False,False
JNEG:00058645,964:left:288,964,train,left,3,0,competitive,7.734776763465628e-12,False,4.239979391266831e-12,False,1.8637180152018957e-15,False,False
JNEG:00058619,964:left:288,964,train,left,3,0,competitive,5.349246115648365e-12,False,6.756467496304962e-12,False,1.9469684379807035e-15,False,False
JNEG:00058667,964:left:288,964,train,left,3,0,competitive,1.075752458172412e-11,False,6.952936504492572e-12,False,4.194353452163708e-15,False,False
JNEG:00058685,964:left:288,964,train,left,3,0,competitive,1.8782884309358485e-11,False,6.905766194314002e-13,False,3.652284193880401e-15,False,False
JNEG:00058589,964:left:288,964,train,left,3,0,competitive,3.348086972684352e-12,False,3.3861617618683902e-12,False,1.3833500433601367e-15,False,False
JNEG:00058699,964:left:288,964,train,left,3,0,competitive,2.984320330231049e-11,False,2.907830613058589e-13,False,4.081068701017621e-15,False,False
JNEG:00058783,964:right:41,964,train,right,3,0,competitive,3.9492858321197265e-13,False,5.77014458233979e-09,False,6.683659647036294e-10,False,False
JNEG:00058761,964:right:41,964,train,right,3,0,competitive,2.5417751660386124e-14,False,5.53921339203115e-08,False,9.956084089796142e-11,False,False
JNEG:00058785,964:right:41,964,train,right,3,0,competitive,3.2314855709161505e-14,False,1.754958139820436e-18,False,1.99651532909096e-16,False,False
JNEG:00058754,964:right:41,964,train,right,3,0,competitive,1.634063885660266e-13,False,8.433556263511052e-10,False,1.1476641339404138e-12,False,False
JNEG:00058781,964:right:41,964,train,right,3,0,competitive,4.3351998729642653e-13,False,2.1914831455802337e-11,False,2.558603862035398e-13,False,False
JNEG:00058737,964:right:41,964,train,right,3,0,competitive,1.5767453391755137e-13,False,7.295314097893035e-13,False,4.532548152532159e-12,False,False
JNEG:00058752,964:right:41,964,train,right,3,0,competitive,8.483226641276944e-15,False,9.47225192014143e-12,False,1.433544356204904e-14,False,False
JNEG:00058750,964:right:41,964,train,right,3,0,competitive,5.958823931228931e-16,False,5.870041183701204e-09,False,4.4971632057247244e-14,False,False
JNEG:00058730,964:right:41,964,train,right,3,0,competitive,8.88790111643431e-14,False,5.389110094765609e-12,False,5.778964852160422e-14,False,False
JNEG:00058759,964:right:41,964,train,right,3,0,competitive,1.2165876598328662e-12,False,1.868204631918226e-11,False,1.2629244734155442e-12,False,False
JNEG:00058735,964:right:41,964,train,right,3,0,competitive,8.836957838517003e-13,False,1.466199157912508e-11,False,2.7510042836746483e-12,False,False
JNEG:00058728,964:right:41,964,train,right,3,0,competitive,6.307270687996761e-15,False,1.632460433478126e-14,False,5.145190627323143e-16,False,False
JNEG:00059631,964:right:41,964,train,right,3,0,competitive,2.7948386354377206e-12,False,1.8236519548665992e-11,False,1.3998039520453537e-12,False,False
JNEG:00059613,964:right:41,964,train,right,3,0,competitive,3.3353548517466136e-12,False,6.622125614415279e-14,False,1.3305586337901432e-12,False,False
JNEG:00058982,964:right:41,964,train,right,3,0,competitive,1.377546213958153e-11,False,6.854623388255684e-10,False,1.5086089805315354e-11,False,False
JNEG:00058984,964:right:41,964,train,right,3,0,competitive,4.98492944623925e-12,False,6.244209341659371e-11,False,1.4834530874122765e-12,False,False
JNEG:00058986,964:right:41,964,train,right,3,0,competitive,7.494713466042753e-12,False,5.055293939654417e-10,False,7.993887750669328e-12,False,False
JNEG:00059591,964:right:41,964,train,right,3,0,competitive,3.4890075491466615e-12,False,3.3979794311984995e-10,False,1.5326423624221506e-11,False,False
JNEG:00059688,965:left:12,965,val,left,3,0,competitive,5.596382407901193e-17,False,1.6099752496118516e-07,False,6.506183181555761e-13,False,False
JNEG:00059695,965:left:12,965,val,left,3,0,competitive,2.4011963744129627e-18,False,7.354122878315458e-05,False,8.315994322844315e-15,False,False
JNEG:00059703,965:left:12,965,val,left,3,0,competitive,2.7063165021182588e-17,False,5.3600359727680726e-08,False,1.4102553299704403e-13,False,False
JNEG:00059690,965:left:12,965,val,left,3,0,competitive,5.069216645364498e-16,False,9.59050314313648e-07,False,2.0924936642884907e-12,False,False
JNEG:00059676,965:left:12,965,val,left,3,0,competitive,2.556677381869189e-19,False,2.7512077319984506e-14,False,7.040347980965659e-19,False,False
JNEG:00059706,965:left:12,965,val,left,3,0,competitive,1.313922783382389e-16,False,3.6702760949167986e-08,False,2.5455396159221883e-13,False,False
JNEG:00059705,965:left:12,965,val,left,3,0,competitive,9.818467563202007e-17,False,3.6702760949167986e-08,False,1.895938641947858e-13,False,False
JNEG:00059689,965:left:12,965,val,left,3,0,competitive,5.213953228289992e-16,False,9.59050314313648e-07,False,3.0156107334344884e-12,False,False
JNEG:00059692,965:left:12,965,val,left,3,0,competitive,2.916399194637603e-16,False,3.932883658622035e-07,False,4.933887359305168e-12,False,False
JNEG:00059704,965:left:12,965,val,left,3,0,competitive,7.23847501095676e-17,False,5.3600359727680726e-08,False,2.2261496948084006e-13,False,False
JNEG:00059707,965:left:12,965,val,left,3,0,competitive,5.92343760258089e-17,False,3.8136954368463506e-06,False,2.202790589165215e-12,False,False
JNEG:00059708,965:left:12,965,val,left,3,0,competitive,7.587240864194161e-17,False,3.8136954368463506e-06,False,2.826589902053951e-12,False,False
JNEG:00059786,965:left:12,965,val,left,3,0,competitive,3.250823952616017e-17,False,1.520971513810566e-10,False,4.264039904485229e-15,False,False
JNEG:00059790,965:left:12,965,val,left,3,0,competitive,1.4357128861500916e-17,False,1.8802605219959423e-09,False,3.574252905844608e-15,False,False
JNEG:00059788,965:left:12,965,val,left,3,0,competitive,1.7727106395197677e-17,False,2.796255680747155e-10,False,1.944652931095157e-15,False,False
JNEG:00059915,965:left:12,965,val,left,3,0,competitive,3.1664452079040937e-17,False,4.739373358736223e-09,False,3.0470919174889547e-13,False,False
JNEG:00059824,965:left:12,965,val,left,3,0,competitive,7.6469077752271e-18,False,1.3628455571903935e-10,False,7.81491975805223e-16,False,False
JNEG:00059806,965:left:12,965,val,left,3,0,competitive,9.70030513356959e-18,False,2.3307318558360785e-14,False,6.125209971271706e-17,False,False
JNEG:00060036,965:left:21,965,val,left,3,0,competitive,4.162933290150659e-14,False,1.7866356591048894e-13,False,2.954756200040136e-16,False,False
JNEG:00060038,965:left:21,965,val,left,3,0,competitive,3.0324685365508836e-14,False,4.66185060039592e-14,False,4.587771568000759e-16,False,False
JNEG:00060054,965:left:21,965,val,left,3,0,competitive,1.4886957739093182e-13,False,8.168987782655621e-11,False,3.866957893498711e-14,False,False
JNEG:00060028,965:left:21,965,val,left,3,0,competitive,3.505708283304884e-14,False,1.4770375762749603e-12,False,6.931729594478072e-17,False,False
JNEG:00060039,965:left:21,965,val,left,3,0,competitive,9.215552995687783e-15,False,3.3836629548468704e-13,False,6.55886031329368e-17,False,False
JNEG:00060035,965:left:21,965,val,left,3,0,competitive,2.3160810094996756e-14,False,1.7866356591048894e-13,False,1.7815029355377252e-16,False,False
JNEG:00060037,965:left:21,965,val,left,3,0,competitive,1.4733609332574778e-14,False,4.66185060039592e-14,False,1.6999483605624952e-16,False,False
JNEG:00060034,965:left:21,965,val,left,3,0,competitive,6.752289357345159e-15,False,6.506801627518544e-12,False,5.737707224021618e-16,False,False
JNEG:00060040,965:left:21,965,val,left,3,0,competitive,7.288883320746828e-15,False,3.3836629548468704e-13,False,4.563404921863472e-17,False,False
JNEG:00060041,965:left:21,965,val,left,3,0,competitive,5.4204751825284295e-15,False,3.766729674538037e-14,False,1.1933233927278863e-16,False,False
JNEG:00060030,965:left:21,965,val,left,3,0,competitive,9.819994523225165e-15,False,1.2924350266374841e-11,False,5.719276266232882e-16,False,False
JNEG:00060032,965:left:21,965,val,left,3,0,competitive,5.327545513646021e-15,False,1.802577799123597e-11,False,7.92753095642184e-16,False,False
JNEG:00060242,965:left:21,965,val,left,3,0,competitive,4.181042698533135e-09,False,3.0300541208791536e-05,False,3.43171772480397e-09,False,False
JNEG:00060212,965:left:21,965,val,left,3,0,competitive,8.559651944517667e-10,False,0.001476512368951206,False,6.777312528364342e-08,False,False
JNEG:00060180,965:left:21,965,val,left,3,0,competitive,3.2182158561602685e-10,False,1.8185918748682187e-05,False,1.442842018594853e-08,False,False
JNEG:00060146,965:left:21,965,val,left,3,0,competitive,1.5737323358287682e-10,False,1.749972506952089e-06,False,3.9914560761161745e-09,False,False
JNEG:00060214,965:left:21,965,val,left,3,0,competitive,1.1273138919007238e-09,False,9.934182626999917e-07,False,3.78462661240837e-09,False,False
JNEG:00060148,965:left:21,965,val,left,3,0,competitive,1.2598374459190036e-10,False,4.928343912300602e-08,False,1.4403823685075236e-10,False,False
JNEG:00060750,965:left:476,965,val,left,3,0,competitive,0.9432992990021607,True,0.002334471831635262,False,0.3364553416099539,True,True
JNEG:00060680,965:left:476,965,val,left,3,0,competitive,0.8183978264297553,True,0.019669962615591757,False,0.5068088314698421,True,True
JNEG:00060766,965:left:476,965,val,left,3,0,competitive,0.481748310271052,False,0.009877061169425997,False,0.06463895876234876,False,True
JNEG:00060696,965:left:476,965,val,left,3,0,competitive,0.44527863190019196,False,0.01643547568138167,False,0.150367340529658,False,True
JNEG:00060748,965:left:476,965,val,left,3,0,competitive,0.1282364275590062,False,0.00014727798978727535,False,0.0011572820351610498,False,True
JNEG:00060730,965:left:476,965,val,left,3,0,competitive,0.14076152052080484,False,0.3711358128119187,False,0.026012395313673567,False,True
JNEG:00060678,965:left:476,965,val,left,3,0,competitive,0.08164444517647167,False,0.0013334154802839746,False,0.007141557616872348,False,True
JNEG:00060714,965:left:476,965,val,left,3,0,competitive,0.32589925704019357,False,0.25027432391369214,False,0.021432161445747656,False,True
JNEG:00060728,965:left:476,965,val,left,3,0,competitive,0.04514034883391869,False,0.07439405741257309,False,0.015909869374080288,False,True
JNEG:00060746,965:left:476,965,val,left,3,0,competitive,0.009717090025173982,False,0.00019382481057474051,False,0.000979602350108415,False,True
JNEG:00060764,965:left:476,965,val,left,3,0,competitive,0.021482752113959835,False,0.003302540472048133,False,0.006758678340587997,False,True
JNEG:00060712,965:left:476,965,val,left,3,0,competitive,0.01938610194338983,False,0.024100377169135254,False,0.0008824764267890905,False,True
JNEG:00061650,965:left:476,965,val,left,3,0,competitive,0.6218071474976858,False,0.0011930350854247925,False,0.06419446363253979,False,True
JNEG:00061134,965:left:476,965,val,left,3,0,competitive,0.695100415486379,False,0.03712544859232565,False,0.7351886384199301,True,True
JNEG:00061102,965:left:476,965,val,left,3,0,competitive,0.2519430085023048,False,0.029816426612202556,False,0.28387387490479793,True,True
JNEG:00061086,965:left:476,965,val,left,3,0,competitive,0.24388453468977062,False,0.19399740369032442,False,0.5210586554170625,True,True
JNEG:00062174,965:left:476,965,val,left,3,0,competitive,0.7020635388296969,False,0.2057249546183479,False,0.1170982727285046,False,True
JNEG:00061618,965:left:476,965,val,left,3,0,competitive,0.15639832901318607,False,0.0002033568758817316,False,0.0037260867766715678,False,True
JNEG:00062402,965:left:603,965,val,left,3,0,competitive,0.7115802437593478,False,0.020022467645843794,False,0.09288696397129215,False,True
JNEG:00062370,965:left:603,965,val,left,3,0,competitive,0.353459485435916,False,0.010406238661121222,False,0.11860165985276476,False,True
JNEG:00062434,965:left:603,965,val,left,3,0,competitive,0.13955973684112843,False,0.0026566093960743204,False,0.010871486196660566,False,True
JNEG:00062418,965:left:603,965,val,left,3,0,competitive,0.07081203655646086,False,0.05529432746313595,False,0.12878400952929547,False,True
JNEG:00062384,965:left:603,965,val,left,3,0,competitive,0.038062821810403456,False,0.010356342003848721,False,0.03326257656210354,False,True
JNEG:00062448,965:left:603,965,val,left,3,0,competitive,0.0174779425854497,False,0.0026552182818304023,False,0.01378399859248105,False,True
JNEG:00062400,965:left:603,965,val,left,3,0,competitive,0.01806189687191766,False,0.0006276561375716708,False,0.0006621724707868698,False,True
JNEG:00062368,965:left:603,965,val,left,3,0,competitive,0.0026660675480665442,False,0.0002841023048554537,False,0.00016751161400289493,False,True
JNEG:00062432,965:left:603,965,val,left,3,0,competitive,0.0014029557460873685,False,0.00013162942162814873,False,0.00015010833357366628,False,True
JNEG:00062416,965:left:603,965,val,left,3,0,competitive,0.0022357246211511094,False,0.032033791191948525,False,0.0032238462986062966,False,True
JNEG:00062369,965:left:603,965,val,left,3,0,competitive,0.06705277072085898,False,0.010406238661121222,False,0.001280931618451517,False,True
JNEG:00062398,965:left:603,965,val,left,3,0,competitive,0.0002903158536187353,False,2.3201236309907393e-05,False,6.509443585405261e-06,False,True
JNEG:00062988,965:left:603,965,val,left,3,0,competitive,0.5508299410815048,False,0.2511784788368147,False,0.27201909193979457,True,True
JNEG:00062934,965:left:603,965,val,left,3,0,competitive,0.09118779450862419,False,7.643690461625225e-05,False,2.2034845482693395e-05,False,True
JNEG:00062986,965:left:603,965,val,left,3,0,competitive,0.044596899769726854,False,0.010897565187668871,False,0.0018960974017399263,False,True
JNEG:00063468,965:left:603,965,val,left,3,0,competitive,0.05074183910997744,False,0.001886765901814479,False,0.011454395837165716,False,True
JNEG:00062952,965:left:603,965,val,left,3,0,competitive,0.022714839416836947,False,0.003240567948374445,False,0.000617381468002096,False,True
JNEG:00063984,965:left:603,965,val,left,3,0,competitive,0.08061529146364153,False,0.019532562962559816,False,0.009975822654064838,False,True
JNEG:00064132,965:right:12,965,val,right,3,0,competitive,0.00046924506267151725,False,0.2753138864958633,False,5.493804492534162e-05,False,True
JNEG:00064108,965:right:12,965,val,right,3,0,competitive,5.019973317605636e-05,False,0.9589909160575186,True,0.00520888960846331,False,True
JNEG:00064156,965:right:12,965,val,right,3,0,competitive,1.2660253411968282e-05,False,0.6824639504355406,False,2.375118567797448e-05,False,True
JNEG:00064144,965:right:12,965,val,right,3,0,competitive,2.669064868073813e-05,False,0.7947346300752162,False,7.996790497993065e-05,False,True
JNEG:00064130,965:right:12,965,val,right,3,0,competitive,6.614628722514955e-06,False,0.06535848051911727,False,1.5945526809048544e-06,False,True
JNEG:00064118,965:right:12,965,val,right,3,0,competitive,2.5823195256030415e-06,False,0.9176526847111004,True,0.002846695435527376,False,True
JNEG:00064166,965:right:12,965,val,right,3,0,competitive,3.6175884897325716e-06,False,0.9167647969681388,True,7.205076712551502e-05,False,True
JNEG:00064106,965:right:12,965,val,right,3,0,competitive,9.382422143905926e-07,False,0.3139628772286521,False,2.0974869792409744e-05,False,True
JNEG:00064154,965:right:12,965,val,right,3,0,competitive,4.3670337779358486e-07,False,0.36092305169442046,False,1.317022288469802e-06,False,True
JNEG:00064142,965:right:12,965,val,right,3,0,competitive,3.1261658840406624e-08,False,0.12836123349143638,False,2.7320675551633983e-07,False,True
JNEG:00064116,965:right:12,965,val,right,3,0,competitive,2.8178337329108836e-07,False,0.5291160179687411,False,7.849506319809309e-07,False,True
JNEG:00064128,965:right:12,965,val,right,3,0,competitive,1.0287157526237641e-07,False,0.03785474754102027,False,6.428280476439551e-08,False,True
JNEG:00064534,965:right:12,965,val,right,3,0,competitive,0.004839028397978559,False,0.08986362657686808,False,0.0024319409218326615,False,True
JNEG:00064532,965:right:12,965,val,right,3,0,competitive,0.00015028165193066214,False,0.9222236186212704,True,0.000222259395097221,False,True
JNEG:00064486,965:right:12,965,val,right,3,0,competitive,0.00015670777868130213,False,0.011930054836837742,False,1.600120735182573e-05,False,True
JNEG:00064500,965:right:12,965,val,right,3,0,competitive,6.409290539184408e-05,False,0.566394594021398,False,2.832017255127968e-05,False,True
JNEG:00064646,965:right:12,965,val,right,3,0,competitive,0.0024860477210312836,False,0.624444188973544,False,0.014110757543508002,False,True
JNEG:00064502,965:right:12,965,val,right,3,0,competitive,0.00010249262265298457,False,0.06275939671522814,False,7.379539336963448e-05,False,True
JNEG:00065248,965:right:13,965,val,right,3,0,competitive,1.7693111838490896e-05,False,0.8443883608580437,False,0.0009348754309908971,False,False
JNEG:00065274,965:right:13,965,val,right,3,0,competitive,0.00012422678752455754,False,0.3338469226253871,False,0.0002764978133323282,False,False
JNEG:00065272,965:right:13,965,val,right,3,0,competitive,0.00022682856028396925,False,1.8032455706420132e-05,False,0.00022486400907001803,False,False
JNEG:00065262,965:right:13,965,val,right,3,0,competitive,2.8551068536721998e-05,False,0.00013149284850474927,False,1.654905030947138e-05,False,False
JNEG:00065224,965:right:13,965,val,right,3,0,competitive,1.734504320611525e-05,False,0.0011320149748546855,False,0.00018644084807935672,False,False
JNEG:00065270,965:right:13,965,val,right,3,0,competitive,0.0003705039415771359,False,5.719660479369888e-07,False,0.00020820141019426612,False,False
JNEG:00065202,965:right:13,965,val,right,3,0,competitive,2.526990649229696e-05,False,0.8690531817064079,False,2.2529113642633163e-05,False,False
JNEG:00065190,965:right:13,965,val,right,3,0,competitive,1.0963083869772796e-05,False,0.0002704791633232293,False,6.912253752748869e-05,False,False
JNEG:00065273,965:right:13,965,val,right,3,0,competitive,3.4913118478310966e-05,False,0.3338469226253871,False,1.413954565271822e-05,False,False
JNEG:00065232,965:right:13,965,val,right,3,0,competitive,0.00985814390222646,False,3.002727077471951e-07,False,0.00178251147392814,False,False
JNEG:00065284,965:right:13,965,val,right,3,0,competitive,2.5825005382136408e-05,False,0.9568368642845688,True,0.001463263293169985,False,False
JNEG:00065271,965:right:13,965,val,right,3,0,competitive,8.060089452302317e-05,False,1.8032455706420132e-05,False,2.0886032467852293e-05,False,False
JNEG:00066254,965:right:13,965,val,right,3,0,competitive,0.00016320928544159743,False,0.001691670758478352,False,2.0821654265433002e-05,False,False
JNEG:00066230,965:right:13,965,val,right,3,0,competitive,5.841337509437532e-05,False,1.381891614407629e-06,False,2.8827890647460234e-07,False,False
JNEG:00065676,965:right:13,965,val,right,3,0,competitive,0.02426592900164552,False,0.0010766168357173255,False,0.0001629362922642765,False,False
JNEG:00065724,965:right:13,965,val,right,3,0,competitive,0.015096621869212502,False,0.9650209057260553,True,0.007466199409328194,False,False
JNEG:00066253,965:right:13,965,val,right,3,0,competitive,1.6310214435078067e-05,False,0.001691670758478352,False,6.948633104377899e-08,False,False
JNEG:00065642,965:right:13,965,val,right,3,0,competitive,0.0012025754021277488,False,0.003040737889650719,False,6.883768589426787e-05,False,False
JNEG:00066895,966:left:14,966,val,left,3,0,competitive,1.3911386646012853e-19,False,3.779899066143301e-09,False,1.2258953871370503e-13,False,False
JNEG:00066903,966:left:14,966,val,left,3,0,competitive,6.671060265424494e-20,False,2.5981477077545985e-09,False,2.4466014307571985e-15,False,False
JNEG:00066893,966:left:14,966,val,left,3,0,competitive,7.178249918453563e-19,False,3.305579810488712e-06,False,3.936297615870583e-12,False,False
JNEG:00066905,966:left:14,966,val,left,3,0,competitive,7.113667316156499e-21,False,6.5287678722331764e-12,False,1.3109475644856959e-18,False,False
JNEG:00066894,966:left:14,966,val,left,3,0,competitive,7.857674947285855e-19,False,3.305579810488712e-06,False,9.913981221218466e-12,False,False
JNEG:00066896,966:left:14,966,val,left,3,0,competitive,3.491373719467695e-19,False,3.779899066143301e-09,False,2.5110521659068064e-11,False,False
JNEG:00066899,966:left:14,966,val,left,3,0,competitive,4.58081867271782e-19,False,2.86454670791822e-07,False,2.080880017303488e-12,False,False
JNEG:00066901,966:left:14,966,val,left,3,0,competitive,5.48504503121458e-19,False,6.106470658444586e-07,False,3.054522002014912e-12,False,False
JNEG:00066897,966:left:14,966,val,left,3,0,competitive,5.882767028300755e-19,False,9.687986799322103e-07,False,1.723537960545572e-12,False,False
JNEG:00066898,966:left:14,966,val,left,3,0,competitive,6.392624477105938e-19,False,9.687986799322103e-07,False,3.491314902838096e-12,False,False
JNEG:00066902,966:left:14,966,val,left,3,0,competitive,6.369715070585408e-19,False,6.106470658444586e-07,False,9.753493686692017e-12,False,False
JNEG:00066900,966:left:14,966,val,left,3,0,competitive,5.647715459949301e-19,False,2.86454670791822e-07,False,1.0151910765489302e-11,False,False
JNEG:00067033,966:left:14,966,val,left,3,0,competitive,1.0236352856794709e-17,False,1.5787399081063762e-08,False,1.1325653999971184e-14,False,False
JNEG:00066947,966:left:14,966,val,left,3,0,competitive,1.8977880827941958e-17,False,2.3456749619578752e-07,False,1.3379229916678391e-14,False,False
JNEG:00067003,966:left:14,966,val,left,3,0,competitive,4.603008484915137e-17,False,2.18089502628003e-11,False,1.3892616039409342e-15,False,False
JNEG:00066977,966:left:14,966,val,left,3,0,competitive,2.1571784433154226e-17,False,1.071843565875586e-10,False,8.994270816169444e-16,False,False
JNEG:00066913,966:left:14,966,val,left,3,0,competitive,7.977752537849446e-18,False,1.9221785519063084e-07,False,8.00910906757202e-15,False,False
JNEG:00067029,966:left:14,966,val,left,3,0,competitive,9.293437148100565e-18,False,7.192233977906112e-08,False,1.2020369205172539e-14,False,False
JNEG:00067327,966:left:58,966,val,left,3,0,competitive,0.9105105163423349,True,0.5601905025466352,False,0.8989606975678921,True,True
JNEG:00067311,966:left:58,966,val,left,3,0,competitive,0.8120532373912279,True,0.719465685832113,False,0.8748100464331982,True,True
JNEG:00067271,966:left:58,966,val,left,3,0,competitive,0.838432888576036,True,0.2909436636392679,False,0.24119155279434282,True,True
JNEG:00067215,966:left:58,966,val,left,3,0,competitive,0.5323321923809153,False,0.16614597419637384,False,0.1479463564940602,False,True
JNEG:00067199,966:left:58,966,val,left,3,0,competitive,0.15654269189778627,False,0.5776646252897719,False,0.19751936662958158,True,True
JNEG:00067296,966:left:58,966,val,left,3,0,competitive,0.17540624994584533,False,0.030122221444071413,False,0.02007542973540309,False,True
JNEG:00067253,966:left:58,966,val,left,3,0,competitive,0.15211636673919032,False,0.42244094220636264,False,0.039171638913343326,False,True
JNEG:00067329,966:left:58,966,val,left,3,0,competitive,0.095275228571762,False,0.002868131779747327,False,0.0030647672339623633,False,True
JNEG:00067273,966:left:58,966,val,left,3,0,competitive,0.16908970188458533,False,0.005761141605241021,False,0.0005044901363139325,False,True
JNEG:00067217,966:left:58,966,val,left,3,0,competitive,0.03300922227771856,False,0.06713536151273052,False,0.0015430956135952499,False,True
JNEG:00067313,966:left:58,966,val,left,3,0,competitive,0.02962636439230837,False,0.05502312876426436,False,0.0025728985616766654,False,True
JNEG:00067238,966:left:58,966,val,left,3,0,competitive,0.008880254547529151,False,0.0038626742683714227,False,0.000520947966033157,False,True
JNEG:00070319,966:left:58,966,val,left,3,0,competitive,0.9854733333987996,True,0.8972873662050607,False,0.9835289624804264,True,True
JNEG:00069015,966:left:58,966,val,left,3,0,competitive,0.8505310601991081,True,0.0048173061951232365,False,0.24362095290370894,True,True
JNEG:00068801,966:left:58,966,val,left,3,0,competitive,0.9292991655853883,True,0.0012623459110590897,False,0.038641160435937044,False,True
JNEG:00071169,966:left:58,966,val,left,3,0,competitive,0.7198312539964302,False,0.13136129986213382,False,0.1364787681786256,False,True
JNEG:00068761,966:left:58,966,val,left,3,0,competitive,0.3897257861487544,False,0.0070604778396188015,False,0.051472874231942675,False,True
JNEG:00070321,966:left:58,966,val,left,3,0,competitive,0.7111368636757048,False,0.02403376272091897,False,0.02844457803182694,False,True
JNEG:00071966,966:left:112,966,val,left,3,0,competitive,4.413914470530575e-09,False,7.845505002192798e-12,False,3.818687375816134e-11,False,False
JNEG:00071968,966:left:112,966,val,left,3,0,competitive,2.022637826661098e-09,False,1.0520155374031856e-11,False,2.280967718363906e-11,False,False
JNEG:00071964,966:left:112,966,val,left,3,0,competitive,2.113743838582059e-09,False,1.851772011169222e-11,False,1.825386867571936e-11,False,False
JNEG:00071996,966:left:112,966,val,left,3,0,competitive,9.200340652940464e-08,False,4.982034686799582e-09,False,2.9210831168288574e-07,False,False
JNEG:00071970,966:left:112,966,val,left,3,0,competitive,1.1160210828754977e-09,False,1.7548957722059494e-11,False,9.676235866313978e-12,False,False
JNEG:00071971,966:left:112,966,val,left,3,0,competitive,1.297776254128778e-09,False,4.275639267508417e-12,False,1.0815482879165934e-11,False,False
JNEG:00071998,966:left:112,966,val,left,3,0,competitive,2.8174141740201883e-08,False,2.778090271804153e-10,False,1.0653238194415064e-08,False,False
JNEG:00071995,966:left:112,966,val,left,3,0,competitive,2.1451267739957266e-08,False,4.982034686799582e-09,False,2.274424023413448e-08,False,False
JNEG:00071997,966:left:112,966,val,left,3,0,competitive,1.5967648175468994e-08,False,2.778090271804153e-10,False,3.465218595991938e-09,False,False
JNEG:00071962,966:left:112,966,val,left,3,0,competitive,5.118875739547638e-10,False,9.59339617295063e-10,False,2.91549217924045e-11,False,False
JNEG:00071999,966:left:112,966,val,left,3,0,competitive,1.2056957676033423e-08,False,1.7070194970136905e-10,False,3.115622142446656e-09,False,False
JNEG:00072000,966:left:112,966,val,left,3,0,competitive,1.1021297258171831e-08,False,1.7070194970136905e-10,False,2.6002785078608115e-09,False,False
JNEG:00072351,966:left:112,966,val,left,3,0,competitive,2.380360382802717e-09,False,6.090087030926443e-06,False,1.065762882000536e-10,False,False
JNEG:00072340,966:left:112,966,val,left,3,0,competitive,2.9146432536473503e-09,False,6.090087030926443e-06,False,2.788496266849164e-10,False,False
JNEG:00072802,966:left:112,966,val,left,3,0,competitive,1.7602346719318454e-07,False,9.063699734522106e-10,False,6.603716897272655e-09,False,False
JNEG:00072342,966:left:112,966,val,left,3,0,competitive,1.7664539443256263e-09,False,2.070210273939584e-07,False,4.353355537129795e-11,False,False
JNEG:00072353,966:left:112,966,val,left,3,0,competitive,1.181725171410696e-09,False,2.070210273939584e-07,False,6.436621484459629e-12,False,False
JNEG:00072800,966:left:112,966,val,left,3,0,competitive,1.310935827698093e-07,False,2.518829041069392e-09,False,1.2548001377567732e-08,False,False
JNEG:00073353,966:left:615,966,val,left,3,0,competitive,1.094462775478489e-11,False,1.772201176124512e-12,False,4.559678960044053e-15,False,False
JNEG:00073325,966:left:615,966,val,left,3,0,competitive,1.3468622790514951e-13,False,1.6051631916033084e-08,False,5.36972219690271e-15,False,False
JNEG:00073383,966:left:615,966,val,left,3,0,competitive,2.851703314842862e-13,False,3.422081691910473e-08,False,7.060631040685911e-15,False,False
JNEG:00073352,966:left:615,966,val,left,3,0,competitive,1.7648680346089332e-13,False,0.0019101713584405086,False,2.684222341699141e-13,False,False
JNEG:00073324,966:left:615,966,val,left,3,0,competitive,4.73009550381728e-14,False,7.923124112053493e-09,False,5.867992838012909e-16,False,False
JNEG:00073327,966:left:615,966,val,left,3,0,competitive,1.7702386806942013e-15,False,4.867265604296977e-10,False,2.3323127461747993e-16,False,False
JNEG:00073354,966:left:615,966,val,left,3,0,competitive,9.434158733630398e-12,False,1.772201176124512e-12,False,5.000853638119618e-14,False,False
JNEG:00073322,966:left:615,966,val,left,3,0,competitive,3.7157181914071976e-16,False,4.331315666470588e-12,False,7.0824495893003e-18,False,False
JNEG:00073329,966:left:615,966,val,left,3,0,competitive,7.166065836451633e-17,False,2.181206834498914e-10,False,4.672419804646342e-18,False,False
JNEG:00073382,966:left:615,966,val,left,3,0,competitive,1.8260023271536936e-16,False,4.684168402071149e-12,False,3.9034542749676126e-20,False,False
JNEG:00073337,966:left:615,966,val,left,3,0,competitive,4.1796259315860766e-16,False,6.841465853486229e-14,False,1.4799017909655258e-17,False,False
JNEG:00073384,966:left:615,966,val,left,3,0,competitive,3.382752281010162e-13,False,3.422081691910473e-08,False,4.916450120704717e-13,False,False
JNEG:00073617,966:left:615,966,val,left,3,0,competitive,8.467046945773779e-09,False,0.9554562461202084,True,1.2972408948256247e-05,False,False
JNEG:00073619,966:left:615,966,val,left,3,0,competitive,1.7513847020098328e-09,False,0.7601112064158264,False,8.699675538706346e-07,False,False
JNEG:00073621,966:left:615,966,val,left,3,0,competitive,1.2977292878599793e-09,False,0.77087668953724,False,8.081173657676065e-07,False,False
JNEG:00073605,966:left:615,966,val,left,3,0,competitive,3.37073795698558e-11,False,0.46820703497784233,False,4.0464423123443124e-08,False,False
JNEG:00073618,966:left:615,966,val,left,3,0,competitive,4.218281968781434e-09,False,0.9554562461202084,True,8.341072880086887e-06,False,False
JNEG:00073603,966:left:615,966,val,left,3,0,competitive,2.7981714649449097e-11,False,0.5281324862800121,False,4.112913349662254e-08,False,False
JNEG:00074552,966:left:647,966,val,left,3,0,competitive,4.331039972502721e-07,False,2.320962361696729e-05,False,1.2046892334534592e-07,False,False
JNEG:00074518,966:left:647,966,val,left,3,0,competitive,3.149782565917732e-07,False,0.06960708681038882,False,4.714002328429707e-07,False,False
JNEG:00074540,966:left:647,966,val,left,3,0,competitive,5.4574703694304055e-09,False,0.10400045480298149,False,2.3115466826847958e-07,False,False
JNEG:00074550,966:left:647,966,val,left,3,0,competitive,1.2276196709306943e-08,False,2.1008171670375278e-06,False,8.034731048603846e-09,False,False
JNEG:00074532,966:left:647,966,val,left,3,0,competitive,6.769503928796108e-09,False,2.4445271482505087e-05,False,1.6783674018905757e-08,False,False
JNEG:00074516,966:left:647,966,val,left,3,0,competitive,3.4788980516896875e-09,False,0.000821348095152965,False,5.937594628752326e-09,False,False
JNEG:00074510,966:left:647,966,val,left,3,0,competitive,2.4953873838508226e-09,False,0.000580691415460428,False,2.635183360352626e-10,False,False
JNEG:00074524,966:left:647,966,val,left,3,0,competitive,9.507515196424874e-10,False,0.05847155523490358,False,1.8991140576506962e-07,False,False
JNEG:00074548,966:left:647,966,val,left,3,0,competitive,3.119101256383531e-10,False,3.172536502238716e-05,False,3.273200353143107e-08,False,False
JNEG:00074517,966:left:647,966,val,left,3,0,competitive,1.8903122871440786e-07,False,0.06960708681038882,False,1.184675158933809e-06,False,False
JNEG:00074538,966:left:647,966,val,left,3,0,competitive,1.0953143546225287e-10,False,0.001954002062501604,False,5.4006021388309305e-09,False,False
JNEG:00074530,966:left:647,966,val,left,3,0,competitive,1.7123537757102044e-10,False,6.803410329628231e-06,False,9.010376673551684e-10,False,False
JNEG:00074796,966:left:647,966,val,left,3,0,competitive,8.522301071909393e-05,False,0.36357117190616356,False,0.00030772265922734515,False,False
JNEG:00074794,966:left:647,966,val,left,3,0,competitive,3.550270381845199e-05,False,0.018838770986841863,False,6.25456053877052e-05,False,False
JNEG:00074856,966:left:647,966,val,left,3,0,competitive,1.148418997578478e-05,False,0.001134027111392624,False,3.970776237177913e-06,False,False
JNEG:00074772,966:left:647,966,val,left,3,0,competitive,1.3653397845206457e-06,False,0.11643923939813312,False,6.383703545739453e-06,False,False
JNEG:00074770,966:left:647,966,val,left,3,0,competitive,7.720811435296189e-07,False,0.011677885438340313,False,1.9893695486278395e-06,False,False
JNEG:00074852,966:left:647,966,val,left,3,0,competitive,2.1764722869853613e-07,False,0.0003277301593037043,False,2.2138586717810523e-06,False,False
JNEG:00075052,966:left:665,966,val,left,3,0,competitive,0.7314230976361775,False,0.09516105427422068,False,0.2870893430257289,True,True
JNEG:00075114,966:left:665,966,val,left,3,0,competitive,0.5405083647676301,False,0.13459090723708947,False,0.26623613986418626,True,True
JNEG:00075084,966:left:665,966,val,left,3,0,competitive,0.5537994451578078,False,0.0011541621842252952,False,0.015469874019553157,False,True
JNEG:00075050,966:left:665,966,val,left,3,0,competitive,0.029640958933247922,False,0.059665294653124264,False,0.0070707242132511715,False,True
JNEG:00075112,966:left:665,966,val,left,3,0,competitive,0.03497868439950669,False,0.038305124708509115,False,0.003928785026477835,False,True
JNEG:00075053,966:left:665,966,val,left,3,0,competitive,0.014198570011496455,False,0.007501564667101171,False,0.0015877981221734628,False,True
JNEG:00075082,966:left:665,966,val,left,3,0,competitive,0.028602700305073038,False,0.0014280373587958056,False,0.0003681131570957402,False,True
JNEG:00075044,966:left:665,966,val,left,3,0,competitive,0.017904371009191594,False,0.00038580627208808436,False,1.2330925357279037e-06,False,True
JNEG:00075115,966:left:665,966,val,left,3,0,competitive,0.001002451482686771,False,0.0012095261466648422,False,0.0001776858487524658,False,True
JNEG:00075076,966:left:665,966,val,left,3,0,competitive,0.00846776892805773,False,0.00041513550027244593,False,7.318104984465134e-06,False,True
JNEG:00075055,966:left:665,966,val,left,3,0,competitive,0.00011723403295032328,False,4.5390724451768375e-05,False,4.120240639568484e-07,False,True
JNEG:00075042,966:left:665,966,val,left,3,0,competitive,0.0005841602351120352,False,1.1840024814766043e-06,False,1.0715506381672706e-08,False,True
JNEG:00075886,966:left:665,966,val,left,3,0,competitive,0.5504756533564634,False,0.6655165910934325,False,0.6033225558613188,True,True
JNEG:00075915,966:left:665,966,val,left,3,0,competitive,0.018424506778964768,False,0.0018522981513461175,False,0.00201869333756427,False,True
JNEG:00075856,966:left:665,966,val,left,3,0,competitive,0.006376368106862949,False,0.4766693839017502,False,0.025855843023554054,False,True
JNEG:00076326,966:left:665,966,val,left,3,0,competitive,0.10061663874845406,False,0.016253277200803665,False,0.008435064426714807,False,TrueJNEG:00075430,966:left:665,966,val,left,3,0,competitive,0.016211058713061235,False,5.032309847359411e-06,False,1.3559305180817564e-05,False,True
JNEG:00075854,966:left:665,966,val,left,3,0,competitive,0.0064571593325191716,False,0.14346850779098902,False,0.0070869198653796305,False,True
JNEG:00076536,966:left:857,966,val,left,3,0,competitive,0.012040206129932032,False,0.0028466664219945963,False,0.0009725394615885662,False,True
JNEG:00076557,966:left:857,966,val,left,3,0,competitive,0.005635738137899669,False,0.09367618645114793,False,8.514177778075781e-06,False,True
JNEG:00076511,966:left:857,966,val,left,3,0,competitive,0.016043274824938374,False,0.0011225346156303073,False,0.00012151594915548906,False,True
JNEG:00076537,966:left:857,966,val,left,3,0,competitive,0.0014455593006805047,False,0.029120631176896682,False,8.513569311754157e-06,False,True
JNEG:00076555,966:left:857,966,val,left,3,0,competitive,0.04367774772860759,False,0.14207894226314527,False,0.00010221403624519766,False,True
JNEG:00076513,966:left:857,966,val,left,3,0,competitive,0.009020473288512791,False,0.00020711651032106877,False,1.9382642072427966e-05,False,True
JNEG:00076580,966:left:857,966,val,left,3,0,competitive,0.00482550055331497,False,0.30701112737702235,False,0.00010921561897701635,False,True
JNEG:00076494,966:left:857,966,val,left,3,0,competitive,0.002463942907539744,False,0.004073379042949566,False,7.439678288085905e-06,False,True
JNEG:00076559,966:left:857,966,val,left,3,0,competitive,0.00014706487922939047,False,1.8356807657301043e-06,False,8.24570430792874e-09,False,True
JNEG:00076469,966:left:857,966,val,left,3,0,competitive,0.0013998529930506634,False,0.015319077250801427,False,3.820227005272154e-06,False,True
JNEG:00076534,966:left:857,966,val,left,3,0,competitive,0.00412898077234802,False,0.0014063260452182387,False,0.00044783247715931044,False,True
JNEG:00076471,966:left:857,966,val,left,3,0,competitive,0.0013978836949382104,False,0.0003268470809720132,False,1.4394197699176946e-07,False,True
JNEG:00077108,966:left:857,966,val,left,3,0,competitive,0.01553089168335173,False,0.001009197954432704,False,0.0002395797848114335,False,True
JNEG:00078246,966:left:857,966,val,left,3,0,competitive,0.00893178687465209,False,0.19911240558413992,False,0.0019216897370538783,False,True
JNEG:00077154,966:left:857,966,val,left,3,0,competitive,0.015861831104969543,False,3.297540777090697e-05,False,2.2830680912023797e-05,False,True
JNEG:00077375,966:left:857,966,val,left,3,0,competitive,0.03551261348375859,False,0.017156361723989298,False,1.854388440526422e-05,False,True
JNEG:00077356,966:left:857,966,val,left,3,0,competitive,0.005630954011474778,False,0.0008724265620101331,False,0.000495181934960059,False,True
JNEG:00077085,966:left:857,966,val,left,3,0,competitive,0.007396378250401505,False,0.00023707167503029178,False,8.343049103782995e-06,False,True
JNEG:00079208,966:left:928,966,val,left,3,0,competitive,1.5687877818510065e-07,False,5.3518944043716926e-11,False,3.138032664543569e-11,False,False
JNEG:00079210,966:left:928,966,val,left,3,0,competitive,2.9330932221340106e-07,False,4.595347773741252e-09,False,4.210719219389384e-09,False,False
JNEG:00079212,966:left:928,966,val,left,3,0,competitive,1.9428295075068157e-07,False,1.7996216689920004e-07,False,1.4138533034153035e-08,False,False
JNEG:00079222,966:left:928,966,val,left,3,0,competitive,1.4581779878166477e-07,False,0.02019900482641209,False,2.768678683953545e-07,False,False
JNEG:00079214,966:left:928,966,val,left,3,0,competitive,5.737353133446385e-08,False,2.021327797445949e-05,False,3.989455971233658e-08,False,False
JNEG:00079242,966:left:928,966,val,left,3,0,competitive,1.623858842629275e-08,False,0.0037398689899040076,False,5.4884261427573714e-09,False,False
JNEG:00079240,966:left:928,966,val,left,3,0,competitive,1.629089898653981e-08,False,0.0051631981923026486,False,1.0177329970787687e-08,False,False
JNEG:00079244,966:left:928,966,val,left,3,0,competitive,8.086133435812545e-09,False,0.002900601391162871,False,4.646725919111122e-09,False,False
JNEG:00079238,966:left:928,966,val,left,3,0,competitive,9.395210039804766e-09,False,2.8560528122631006e-07,False,3.7207727361036856e-09,False,False
JNEG:00079271,966:left:928,966,val,left,3,0,competitive,8.835989759265129e-09,False,0.0006319558077783804,False,2.9548591480338598e-08,False,False
JNEG:00079252,966:left:928,966,val,left,3,0,competitive,2.6661168961357027e-08,False,0.02559967562247263,False,7.214360930210221e-08,False,False
JNEG:00079269,966:left:928,966,val,left,3,0,competitive,1.8061041737626498e-08,False,3.702693447723068e-06,False,5.7772323698691706e-08,False,False
JNEG:00079568,966:left:928,966,val,left,3,0,competitive,0.00016245885864857545,False,0.0004790558014854856,False,5.738753081877546e-06,False,False
JNEG:00079600,966:left:928,966,val,left,3,0,competitive,0.00042845949237637325,False,0.10037990384397756,False,0.0003083677166899477,False,False
JNEG:00079570,966:left:928,966,val,left,3,0,competitive,6.450284183570961e-05,False,0.008744786349669067,False,1.8481650381310343e-05,False,False
JNEG:00079536,966:left:928,966,val,left,3,0,competitive,2.4946686490829903e-06,False,3.992921552885554e-09,False,2.989413163553261e-10,False,False
JNEG:00079538,966:left:928,966,val,left,3,0,competitive,1.6506191595283818e-06,False,3.6747164854227157e-06,False,5.222335216760546e-09,False,False
JNEG:00079540,966:left:928,966,val,left,3,0,competitive,1.0476045429783367e-06,False,1.2261560438108197e-05,False,7.111310976722084e-08,False,False
JNEG:00080590,966:right:173,966,val,right,3,0,competitive,2.7144577518656268e-06,False,1.524729324706677e-05,False,2.5245963758359347e-06,False,False
JNEG:00080523,966:right:173,966,val,right,3,0,competitive,8.458358644913447e-07,False,6.400416108923959e-10,False,1.857624001887129e-11,False,False
JNEG:00080522,966:right:173,966,val,right,3,0,competitive,7.502167853822518e-07,False,0.9927314758650189,True,0.00030108719240961,False,False
JNEG:00080527,966:right:173,966,val,right,3,0,competitive,2.4711004601965535e-07,False,5.838044042364953e-11,False,2.5963333279566735e-10,False,False
JNEG:00080588,966:right:173,966,val,right,3,0,competitive,5.894924698480328e-08,False,5.098335737914049e-08,False,9.550469247023014e-09,False,False
JNEG:00080555,966:right:173,966,val,right,3,0,competitive,5.682757275609585e-07,False,1.599596342441455e-14,False,3.3057491508289955e-11,False,False
JNEG:00080554,966:right:173,966,val,right,3,0,competitive,2.9320454567043126e-07,False,0.0014763602031586207,False,0.0010546229502765084,False,False
JNEG:00080525,966:right:173,966,val,right,3,0,competitive,1.2182167282406016e-07,False,2.479578158489522e-09,False,2.3217273732523577e-12,False,False
JNEG:00080591,966:right:173,966,val,right,3,0,competitive,2.8905614628895926e-06,False,1.014221572348312e-05,False,2.880564600580783e-06,False,False
JNEG:00080520,966:right:173,966,val,right,3,0,competitive,9.486094094427389e-08,False,0.7721710816368904,False,2.961468318073088e-05,False,False
JNEG:00080595,966:right:173,966,val,right,3,0,competitive,1.3478997881586978e-08,False,2.9887722005545913e-10,False,1.9274569654093195e-09,False,False
JNEG:00080559,966:right:173,966,val,right,3,0,competitive,6.921233155065492e-09,False,9.999464931441978e-18,False,6.499957661267432e-12,False,False
JNEG:00081531,966:right:173,966,val,right,3,0,competitive,0.0055998564381800125,False,0.2372486549424139,False,0.0003178115034494257,False,False
JNEG:00081533,966:right:173,966,val,right,3,0,competitive,0.007053153449094403,False,0.002032898676733288,False,2.2264787351673624e-05,False,False
JNEG:00081535,966:right:173,966,val,right,3,0,competitive,0.00027668362883203544,False,0.042401775835955016,False,0.00011629041348410798,False,False
JNEG:00081559,966:right:173,966,val,right,3,0,competitive,0.005936549701891538,False,5.397031102855571e-05,False,2.663049643039181e-07,False,False
JNEG:00081561,966:right:173,966,val,right,3,0,competitive,0.0003479408673032215,False,0.0002653779693894388,False,1.8293703959364865e-06,False,False
JNEG:00081611,966:right:173,966,val,right,3,0,competitive,0.0005065611174869221,False,0.00021551760605846337,False,4.363377381090774e-07,False,False
JNEG:00082703,966:right:534,966,val,right,3,0,competitive,2.622786474090891e-06,False,3.2819518937189546e-09,False,3.4421656411156416e-10,False,False
JNEG:00082739,966:right:534,966,val,right,3,0,competitive,1.970722911299858e-06,False,0.5404591392934904,False,5.330685840744565e-05,False,False
JNEG:00082671,966:right:534,966,val,right,3,0,competitive,1.1982491092884003e-06,False,1.5832206780063457e-08,False,9.847861506103266e-10,False,False
JNEG:00082719,966:right:534,966,val,right,3,0,competitive,1.064286522668521e-05,False,0.0022761232808593654,False,5.089497969086796e-05,False,False
JNEG:00082717,966:right:534,966,val,right,3,0,competitive,1.169453683884542e-05,False,0.874230981350493,False,0.0006423105329375042,False,False
JNEG:00082721,966:right:534,966,val,right,3,0,competitive,2.5793266311370925e-06,False,0.0008033085125484326,False,6.712437135431201e-05,False,False
JNEG:00082685,966:right:534,966,val,right,3,0,competitive,1.348598545247883e-06,False,2.859879328091466e-06,False,1.8889603804453836e-06,False,False
JNEG:00082683,966:right:534,966,val,right,3,0,competitive,2.485711583116581e-06,False,4.565240932019728e-06,False,5.626827306156293e-07,False,False
JNEG:00082741,966:right:534,966,val,right,3,0,competitive,2.083003382882122e-08,False,0.8597538709881684,False,1.3521267085772132e-06,False,False
JNEG:00082653,966:right:534,966,val,right,3,0,competitive,4.089390715569963e-06,False,8.557032600215026e-06,False,0.0010977451671040667,False,False
JNEG:00082652,966:right:534,966,val,right,3,0,competitive,6.135926059946663e-06,False,3.141300724685097e-07,False,1.9390180052675025e-05,False,False
JNEG:00082705,966:right:534,966,val,right,3,0,competitive,1.388793007846911e-08,False,0.0052599642882075245,False,2.030599354513483e-08,False,False
JNEG:00083931,966:right:534,966,val,right,3,0,competitive,0.005146303195453622,False,0.1858802707526516,False,0.00011870047125684625,False,False
JNEG:00083949,966:right:534,966,val,right,3,0,competitive,0.01176571645834145,False,0.9619191884848876,True,0.020409577917606194,False,False
JNEG:00084015,966:right:534,966,val,right,3,0,competitive,0.003592430037839801,False,0.9428073488562337,True,0.0038463775579916227,False,False
JNEG:00083859,966:right:534,966,val,right,3,0,competitive,0.022899994496963644,False,0.8367369289630986,False,0.0045545995322398315,False,False
JNEG:00083861,966:right:534,966,val,right,3,0,competitive,0.0022686874135626396,False,0.6702444528477114,False,0.0003803711123065643,False,False
JNEG:00083951,966:right:534,966,val,right,3,0,competitive,0.003668836490106634,False,0.8969479140236105,False,0.0023212666374456126,False,False
JNEG:00084494,967:left:264,967,train,left,3,0,competitive,1.1000711620502786e-15,False,4.797470382670601e-15,False,1.8247577191560957e-17,False,False
JNEG:00084492,967:left:264,967,train,left,3,0,competitive,1.219049396177382e-15,False,2.833810451180875e-15,False,2.28534313261949e-17,False,False
JNEG:00084490,967:left:264,967,train,left,3,0,competitive,1.0205660559435988e-15,False,6.385273566546402e-14,False,1.1688034406709765e-16,False,False
JNEG:00084496,967:left:264,967,train,left,3,0,competitive,2.7720479081259075e-16,False,4.111752070361922e-14,False,6.914476172769557e-18,False,False
JNEG:00084498,967:left:264,967,train,left,3,0,competitive,1.943299546660771e-16,False,5.287377749439531e-14,False,2.5756761519987163e-18,False,False
JNEG:00084499,967:left:264,967,train,left,3,0,competitive,1.5003586260810737e-16,False,2.6513422473187143e-14,False,1.9574310224291071e-19,False,False
JNEG:00084500,967:left:264,967,train,left,3,0,competitive,1.4243757584202764e-16,False,2.6513422473187143e-14,False,1.8537685658062717e-19,False,False
JNEG:00084501,967:left:264,967,train,left,3,0,competitive,9.063364954351568e-17,False,7.238870714283631e-14,False,3.7799314708059554e-19,False,False
JNEG:00084493,967:left:264,967,train,left,3,0,competitive,8.739094400359076e-16,False,4.797470382670601e-15,False,5.811972748501666e-17,False,False
JNEG:00084497,967:left:264,967,train,left,3,0,competitive,1.2979710536122137e-16,False,5.287377749439531e-14,False,1.929555744172485e-18,False,False
JNEG:00084495,967:left:264,967,train,left,3,0,competitive,1.8108143626713242e-16,False,4.111752070361922e-14,False,8.17063601536925e-18,False,False
JNEG:00084491,967:left:264,967,train,left,3,0,competitive,1.2473416396929938e-15,False,2.833810451180875e-15,False,1.9545956612312068e-16,False,False
JNEG:00084738,967:left:264,967,train,left,3,0,competitive,6.374242262667478e-11,False,9.88749365008719e-15,False,1.1670610078431819e-13,False,False
JNEG:00084774,967:left:264,967,train,left,3,0,competitive,1.4204607685659397e-11,False,2.8756959478701773e-07,False,8.297427856238368e-10,False,False
JNEG:00084742,967:left:264,967,train,left,3,0,competitive,7.452420304399593e-12,False,1.4715846018693342e-07,False,2.6877640712801745e-10,False,False
JNEG:00084772,967:left:264,967,train,left,3,0,competitive,1.780949138124639e-11,False,2.682572319181122e-12,False,1.6871122120392133e-12,False,False
JNEG:00084744,967:left:264,967,train,left,3,0,competitive,3.619837159171614e-12,False,5.494772623505407e-06,False,1.3208828352420256e-09,False,False
JNEG:00084776,967:left:264,967,train,left,3,0,competitive,6.069882241795034e-12,False,1.1220716521659323e-05,False,4.979212462584523e-09,False,False
JNEG:00085342,967:left:516,967,train,left,3,0,competitive,4.387898096161e-12,False,2.6785168978733946e-09,False,7.44181485315863e-12,False,False
JNEG:00085344,967:left:516,967,train,left,3,0,competitive,2.2374144470676783e-12,False,1.0478492633346605e-08,False,8.080673969385636e-13,False,False
JNEG:00085318,967:left:516,967,train,left,3,0,competitive,1.2616146873554078e-13,False,5.344567783984223e-12,False,3.001466865635554e-13,False,False
JNEG:00085346,967:left:516,967,train,left,3,0,competitive,4.009549528212191e-13,False,1.9373087511497555e-10,False,4.45636415695611e-13,False,False
JNEG:00085340,967:left:516,967,train,left,3,0,competitive,1.376096320217313e-13,False,2.5422803173778422e-09,False,2.3654650266335803e-13,False,False
JNEG:00085366,967:left:516,967,train,left,3,0,competitive,1.132357360359576e-12,False,1.751140874303248e-11,False,3.1743055779950783e-12,False,False
JNEG:00085368,967:left:516,967,train,left,3,0,competitive,1.040773108824546e-11,False,3.545823836492631e-13,False,4.5259949701859775e-13,False,False
JNEG:00085352,967:left:516,967,train,left,3,0,competitive,3.8042300402087544e-14,False,1.796967894334444e-08,False,9.809975341856916e-15,False,False
JNEG:00085370,967:left:516,967,train,left,3,0,competitive,2.0900730648930734e-11,False,3.2778441667538644e-12,False,1.183609522875962e-12,False,False
JNEG:00085357,967:left:516,967,train,left,3,0,competitive,3.377321197662597e-14,False,0.10105098116455535,False,2.0173317493848686e-10,False,False
JNEG:00085356,967:left:516,967,train,left,3,0,competitive,1.0896695588804421e-14,False,0.0007188007853557332,False,4.43650362948354e-14,False,False
JNEG:00085371,967:left:516,967,train,left,3,0,competitive,1.4501796193684374e-11,False,1.3979942944129165e-10,False,2.8188060688370936e-12,False,False
JNEG:00086211,967:left:516,967,train,left,3,0,competitive,1.0643229778903728e-11,False,5.641363972788395e-13,False,3.93775157413555e-16,False,False
JNEG:00085723,967:left:516,967,train,left,3,0,competitive,6.478021319636578e-11,False,0.0008018084694903481,False,1.2092075201954192e-08,False,False
JNEG:00086213,967:left:516,967,train,left,3,0,competitive,2.5588206775824924e-12,False,2.2123920648497903e-12,False,2.985038824162374e-16,False,False
JNEG:00086196,967:left:516,967,train,left,3,0,competitive,1.3005808301908252e-11,False,5.641363972788395e-13,False,1.0170810103247854e-15,False,False
JNEG:00085594,967:left:516,967,train,left,3,0,competitive,3.8658430650876975e-11,False,4.218345550633025e-19,False,1.5374431817727676e-17,False,False
JNEG:00085678,967:left:516,967,train,left,3,0,competitive,1.5959098568408946e-10,False,3.8543935965388795e-18,False,3.8741268364138655e-17,False,False
JNEG:00086366,967:left:574,967,train,left,3,0,competitive,6.146409896397486e-15,False,0.0011986078975411705,False,1.3193908272281547e-13,False,False
JNEG:00086352,967:left:574,967,train,left,3,0,competitive,2.3370145469894733e-15,False,1.9386488951092965e-13,False,7.654430480675333e-18,False,False
JNEG:00086396,967:left:574,967,train,left,3,0,competitive,5.91070228164996e-15,False,2.3827515481677107e-12,False,2.847722919849165e-15,False,False
JNEG:00086392,967:left:574,967,train,left,3,0,competitive,7.320194898784635e-16,False,5.545547641556849e-10,False,6.541926265060771e-16,False,False
JNEG:00086348,967:left:574,967,train,left,3,0,competitive,3.2572629898406354e-15,False,3.855901084624834e-11,False,3.532211511509784e-17,False,False
JNEG:00086354,967:left:574,967,train,left,3,0,competitive,7.751234974588757e-16,False,1.6641053805653392e-14,False,2.868547875604387e-18,False,False
JNEG:00086364,967:left:574,967,train,left,3,0,competitive,2.438398929317253e-15,False,0.0003157322153755277,False,1.5047560213190947e-10,False,False
JNEG:00086394,967:left:574,967,train,left,3,0,competitive,1.647108920085876e-16,False,3.3568994005540693e-21,False,6.9546362482912e-22,False,False
JNEG:00086358,967:left:574,967,train,left,3,0,competitive,3.4996376460768057e-16,False,1.883013571332037e-13,False,6.6794452515861334e-18,False,False
JNEG:00086356,967:left:574,967,train,left,3,0,competitive,2.8600408133299144e-16,False,1.3299960215697969e-14,False,1.5776121328249226e-18,False,False
JNEG:00086357,967:left:574,967,train,left,3,0,competitive,2.856732464733735e-16,False,1.883013571332037e-13,False,5.9782440108719335e-18,False,False
JNEG:00086351,967:left:574,967,train,left,3,0,competitive,2.429381423497877e-15,False,1.9386488951092965e-13,False,6.905171583954758e-17,False,False
JNEG:00086482,967:left:574,967,train,left,3,0,competitive,1.341202480318915e-10,False,1.5874575312655326e-06,False,2.882618702338176e-10,False,False
JNEG:00086484,967:left:574,967,train,left,3,0,competitive,2.4628312569854975e-10,False,0.01031894439098531,False,8.069961085361388e-09,False,False
JNEG:00086768,967:left:574,967,train,left,3,0,competitive,1.1663543380738382e-10,False,0.00022169310373649579,False,6.123868111298573e-09,False,False
JNEG:00086774,967:left:574,967,train,left,3,0,competitive,2.1376494616053336e-10,False,0.004092617909776846,False,9.147776525114546e-10,False,False
JNEG:00086468,967:left:574,967,train,left,3,0,competitive,1.0390032332587687e-10,False,0.0074734564381547025,False,1.4214077103750043e-09,False,False
JNEG:00086466,967:left:574,967,train,left,3,0,competitive,3.58720352669276e-12,False,2.4027451088494266e-09,False,2.8241005751063333e-14,False,False
JNEG:00087681,967:left:691,967,train,left,3,0,competitive,0.05804706718002621,False,0.0038075751670667425,False,0.008927743033820356,False,True
JNEG:00087737,967:left:691,967,train,left,3,0,competitive,0.024184186672933757,False,0.008620925068658946,False,0.006269934727793436,False,True
JNEG:00087695,967:left:691,967,train,left,3,0,competitive,0.05415834021226066,False,0.1883244892601421,False,0.07660012186917674,False,True
JNEG:00087709,967:left:691,967,train,left,3,0,competitive,0.01724708181485013,False,0.00043999671793345087,False,0.004050768163407356,False,True
JNEG:00087723,967:left:691,967,train,left,3,0,competitive,0.029664041892622877,False,0.003884798907417926,False,3.8549030104887184e-05,False,True
JNEG:00087667,967:left:691,967,train,left,3,0,competitive,0.00762072441389867,False,0.14149807166896455,False,0.000515486474771668,False,True
JNEG:00087697,967:left:691,967,train,left,3,0,competitive,0.014959961926938041,False,0.2691806033036434,False,0.13937309695239472,False,True
JNEG:00087669,967:left:691,967,train,left,3,0,competitive,0.001619190529882854,False,0.05705062206263889,False,5.966481145645189e-05,False,True
JNEG:00087699,967:left:691,967,train,left,3,0,competitive,0.002320058116987783,False,0.11810618785665221,False,0.015668409750978624,False,True
JNEG:00087727,967:left:691,967,train,left,3,0,competitive,0.001307918982945088,False,0.0011085622089859531,False,1.152184377343548e-06,False,True
JNEG:00087671,967:left:691,967,train,left,3,0,competitive,0.0007077516547024071,False,0.013053164566405668,False,1.3551064021308623e-05,False,True
JNEG:00087725,967:left:691,967,train,left,3,0,competitive,0.007264515206818666,False,0.05278057032179994,False,2.3674229365812104e-05,False,True
JNEG:00087765,967:left:691,967,train,left,3,0,competitive,0.020283195050566916,False,0.009995017280981134,False,0.0024511287521227433,False,True
JNEG:00087779,967:left:691,967,train,left,3,0,competitive,0.005263789173228856,False,0.002881584824491707,False,0.0007680019658107031,False,True
JNEG:00087815,967:left:691,967,train,left,3,0,competitive,0.019130802150842903,False,0.06257481362641851,False,0.02576383997395841,False,True
JNEG:00087805,967:left:691,967,train,left,3,0,competitive,0.004994183032611194,False,0.3025124109174495,False,0.043649846204066776,False,True
JNEG:00088077,967:left:691,967,train,left,3,0,competitive,0.8204039308331298,True,0.9455145029737354,True,0.2621546244342557,True,True
JNEG:00087781,967:left:691,967,train,left,3,0,competitive,0.001707841177952583,False,0.00014936295919743749,False,3.562581519311243e-05,False,True
JNEG:00088928,967:left:724,967,train,left,3,0,competitive,7.021769136987328e-12,False,9.906803217507236e-13,False,4.140471621087391e-14,False,False
JNEG:00088930,967:left:724,967,train,left,3,0,competitive,1.4660446074496788e-12,False,5.022489807609485e-17,False,1.3095560524992325e-16,False,False
JNEG:00088904,967:left:724,967,train,left,3,0,competitive,2.6830426742372333e-11,False,3.735120675629253e-15,False,5.923910800524107e-14,False,False
JNEG:00088905,967:left:724,967,train,left,3,0,competitive,1.22799195206348e-11,False,1.479218644111507e-12,False,4.361791338653462e-13,False,False
JNEG:00088907,967:left:724,967,train,left,3,0,competitive,1.1026425096387335e-11,False,7.615999656066753e-13,False,5.815255592697673e-13,False,False
JNEG:00088926,967:left:724,967,train,left,3,0,competitive,7.559634417419604e-13,False,8.932619474318862e-17,False,2.0993154218906295e-17,False,False
JNEG:00088906,967:left:724,967,train,left,3,0,competitive,1.2016092186145922e-11,False,1.479218644111507e-12,False,4.446247876810021e-13,False,False
JNEG:00088927,967:left:724,967,train,left,3,0,competitive,6.042439095724987e-12,False,9.906803217507236e-13,False,1.9610513345627576e-13,False,False
JNEG:00088903,967:left:724,967,train,left,3,0,competitive,1.548775798811534e-11,False,3.735120675629253e-15,False,3.5691952821908484e-14,False,False
JNEG:00088952,967:left:724,967,train,left,3,0,competitive,1.409594064568382e-10,False,1.0084439348373934e-11,False,2.496568778202868e-12,False,False
JNEG:00088922,967:left:724,967,train,left,3,0,competitive,6.716632718728469e-13,False,9.817287495110213e-16,False,3.1005682168901136e-17,False,False
JNEG:00088932,967:left:724,967,train,left,3,0,competitive,1.2734744918238475e-13,False,2.427151854630108e-18,False,3.506229679175082e-18,False,False
JNEG:00090096,967:left:724,967,train,left,3,0,competitive,4.794495289299201e-09,False,2.5721059929635187e-09,False,1.428735652715759e-09,False,False
JNEG:00090100,967:left:724,967,train,left,3,0,competitive,1.3805704285450445e-09,False,0.00046060178054329074,False,1.838082818142797e-07,False,False
JNEG:00089190,967:left:724,967,train,left,3,0,competitive,7.193872028791688e-11,False,8.611534470368973e-09,False,6.098246847558396e-15,False,False
JNEG:00089197,967:left:724,967,train,left,3,0,competitive,5.929038632177587e-11,False,8.611534470368973e-09,False,2.3420793810692032e-15,False,False
JNEG:00090098,967:left:724,967,train,left,3,0,competitive,1.2456589597933045e-09,False,1.6390182418118488e-06,False,1.7523290177551382e-09,False,False
JNEG:00090052,967:left:724,967,train,left,3,0,competitive,8.628798225729319e-10,False,1.3499936863844146e-13,False,4.4496970668328906e-13,False,False
JNEG:00090389,967:left:744,967,train,left,3,0,competitive,0.03969324614960542,False,0.45272309784325165,False,0.054505350239929855,False,True
JNEG:00090384,967:left:744,967,train,left,3,0,competitive,0.09929928525635855,False,0.021449128492160716,False,0.012419964000858178,False,True
JNEG:00090421,967:left:744,967,train,left,3,0,competitive,0.020283195050566916,False,0.009995017280981134,False,0.0024511287521227433,False,True
JNEG:00090351,967:left:744,967,train,left,3,0,competitive,0.022968845632207715,False,0.0031483173888864485,False,0.0008419583516351398,False,True
JNEG:00090382,967:left:744,967,train,left,3,0,competitive,0.010484426647419099,False,8.766936899291965e-06,False,3.8185346884414464e-05,False,True
JNEG:00090353,967:left:744,967,train,left,3,0,competitive,0.004528069093696735,False,0.002209227124335591,False,0.0016666132312475725,False,True
JNEG:00090391,967:left:744,967,train,left,3,0,competitive,0.0031607702159467967,False,0.0027163548013240772,False,6.300146068060795e-05,False,True
JNEG:00090420,967:left:744,967,train,left,3,0,competitive,0.0016412571282763257,False,0.0001230908536444511,False,5.857909731425588e-05,False,True
JNEG:00090423,967:left:744,967,train,left,3,0,competitive,0.002510384129181595,False,0.008411323692037356,False,0.0009142679983794299,False,True
JNEG:00090348,967:left:744,967,train,left,3,0,competitive,0.0007003291647190555,False,0.0012694625724726947,False,0.0008663996928373445,False,True
JNEG:00090350,967:left:744,967,train,left,3,0,competitive,0.0017807262374315864,False,0.0007538529538588912,False,7.786852939805893e-06,False,True
JNEG:00090418,967:left:744,967,train,left,3,0,competitive,0.00019700948036048706,False,5.73337104481556e-05,False,2.1256404538061884e-05,False,True
JNEG:00090947,967:left:744,967,train,left,3,0,competitive,0.0808878363454548,False,0.003214865956174584,False,0.01392365445856781,False,True
JNEG:00092193,967:left:744,967,train,left,3,0,competitive,0.051922268300092354,False,0.0920060811304213,False,0.052558277096366054,False,True
JNEG:00091473,967:left:744,967,train,left,3,0,competitive,0.014502796775443218,False,0.0002515174292090451,False,0.002556852866627228,False,True
JNEG:00092141,967:left:744,967,train,left,3,0,competitive,0.011603906812946145,False,0.0010356110541329458,False,0.015928232506046084,False,True
JNEG:00090995,967:left:744,967,train,left,3,0,competitive,0.09070860661783331,False,0.9094893141084387,True,0.015256687905362222,False,True
JNEG:00090945,967:left:744,967,train,left,3,0,competitive,0.0628743685653819,False,0.0069624582021315376,False,0.0006259296437143722,False,True
JNEG:00092402,969:left:85,969,train,left,3,0,competitive,3.395175956279916e-07,False,0.00021404562975592295,False,1.4127180044234998e-08,False,False
JNEG:00092400,969:left:85,969,train,left,3,0,competitive,2.860730371225702e-07,False,3.479916505539888e-05,False,1.0077350759059706e-08,False,False
JNEG:00092458,969:left:85,969,train,left,3,0,competitive,1.1052031167361782e-06,False,0.0300259631052882,False,8.4432734908083e-06,False,False
JNEG:00092398,969:left:85,969,train,left,3,0,competitive,5.823816048602711e-08,False,3.7996992161302294e-05,False,6.736122944768889e-09,False,False
JNEG:00092456,969:left:85,969,train,left,3,0,competitive,1.0093788362086874e-06,False,0.2761631964579733,False,8.50786323916202e-05,False,False
JNEG:00092457,969:left:85,969,train,left,3,0,competitive,5.186764723065246e-07,False,0.0300259631052882,False,1.7582865643814733e-06,False,False
JNEG:00092426,969:left:85,969,train,left,3,0,competitive,1.2077418241115067e-05,False,0.0019820500877090427,False,5.852760461629865e-07,False,False
JNEG:00092401,969:left:85,969,train,left,3,0,competitive,1.5072571949785707e-07,False,0.00021404562975592295,False,6.014158893930569e-09,False,False
JNEG:00092428,969:left:85,969,train,left,3,0,competitive,7.430756079521959e-06,False,0.02879978945084042,False,1.151647329778949e-06,False,False
JNEG:00092424,969:left:85,969,train,left,3,0,competitive,1.3847005997736382e-05,False,2.865673367166655e-05,False,1.301932045786592e-06,False,False
JNEG:00092454,969:left:85,969,train,left,3,0,competitive,4.844035600119576e-07,False,0.0020984891831829946,False,4.125345384641659e-05,False,False
JNEG:00092455,969:left:85,969,train,left,3,0,competitive,4.0420182474659547e-07,False,0.2761631964579733,False,1.3259484671213677e-05,False,False
JNEG:00092760,969:left:85,969,train,left,3,0,competitive,0.003635636786948621,False,0.0003044549939784333,False,2.8985320828401834e-05,False,False
JNEG:00092766,969:left:85,969,train,left,3,0,competitive,0.01115721811215488,False,0.00028621187027290737,False,6.229508817751274e-05,False,False
JNEG:00092762,969:left:85,969,train,left,3,0,competitive,0.0015934476251756931,False,5.906293062963326e-05,False,6.864765208496671e-06,False,False
JNEG:00093503,969:left:85,969,train,left,3,0,competitive,0.000289738480310839,False,0.00012033335890250945,False,5.240665919686485e-05,False,False
JNEG:00093451,969:left:85,969,train,left,3,0,competitive,0.00015833015599308668,False,0.0008480609726608119,False,0.00010609000918625954,False,False
JNEG:00093416,969:left:85,969,train,left,3,0,competitive,5.7314871207492535e-05,False,3.793471062348633e-06,False,8.090572676900411e-07,False,False
JNEG:00093555,969:left:848,969,train,left,3,0,competitive,2.9485039135999926e-08,False,0.12607152701987243,False,3.587039811597294e-05,False,False
JNEG:00093593,969:left:848,969,train,left,3,0,competitive,4.5218273905139676e-10,False,5.6879470241880225e-15,False,1.2081175693447407e-11,False,False
JNEG:00093588,969:left:848,969,train,left,3,0,competitive,1.5629166889608317e-10,False,7.36877660023097e-11,False,4.4703582157665085e-12,False,False
JNEG:00093552,969:left:848,969,train,left,3,0,competitive,1.6364214926730044e-09,False,1.648112433663735e-12,False,1.0764027469434635e-12,False,False
JNEG:00093590,969:left:848,969,train,left,3,0,competitive,1.231679341388627e-09,False,2.703405267875164e-10,False,7.104137533753595e-11,False,False
JNEG:00093626,969:left:848,969,train,left,3,0,competitive,5.127390035636793e-10,False,5.750647787573681e-11,False,2.0624118512459828e-10,False,False
JNEG:00093624,969:left:848,969,train,left,3,0,competitive,1.783521313265861e-11,False,1.2483593888109038e-11,False,4.333273421964469e-13,False,False
JNEG:00093550,969:left:848,969,train,left,3,0,competitive,3.34149944493056e-11,False,1.908177401937427e-10,False,6.100404339579152e-12,False,False
JNEG:00093629,969:left:848,969,train,left,3,0,competitive,8.750367281641278e-10,False,2.1203689076258905e-06,False,3.836388666013148e-06,False,False
JNEG:00093553,969:left:848,969,train,left,3,0,competitive,1.0231031801282289e-10,False,5.957036875684308e-11,False,4.6537286642118945e-12,False,False
JNEG:00093551,969:left:848,969,train,left,3,0,competitive,1.078647616283622e-09,False,1.648112433663735e-12,False,1.8089291196849467e-12,False,False
JNEG:00093556,969:left:848,969,train,left,3,0,competitive,2.2686559417221207e-08,False,0.12607152701987243,False,0.00020204132723044074,False,False
JNEG:00094251,969:left:848,969,train,left,3,0,competitive,8.844254278633454e-07,False,4.256040763948693e-08,False,1.771046253235974e-08,False,False
JNEG:00094199,969:left:848,969,train,left,3,0,competitive,4.2412155170785284e-08,False,6.93836902077138e-09,False,9.429297992885057e-10,False,False
JNEG:00094196,969:left:848,969,train,left,3,0,competitive,1.2574441752343416e-08,False,2.0943174442098803e-09,False,1.7675426265149011e-10,False,False
JNEG:00094275,969:left:848,969,train,left,3,0,competitive,2.271962120996669e-07,False,1.1168100434109941e-07,False,3.0422323459095986e-08,False,False
JNEG:00094845,969:left:848,969,train,left,3,0,competitive,2.7988164943806707e-09,False,2.5789215511105907e-08,False,9.800945950249998e-10,False,False
JNEG:00094821,969:left:848,969,train,left,3,0,competitive,4.747627111511706e-10,False,2.5789215511105907e-08,False,2.250073314175328e-11,False,False
JNEG:00095988,969:left:988,969,train,left,3,0,competitive,2.6791701706914435e-05,False,7.303890877091524e-06,False,4.0881584433687435e-08,False,False
JNEG:00096000,969:left:988,969,train,left,3,0,competitive,1.9443991784507246e-06,False,9.175988349224841e-05,False,4.6148607211399256e-07,False,False
JNEG:00095964,969:left:988,969,train,left,3,0,competitive,8.208385418337073e-07,False,0.0001749554627634004,False,1.815822774741409e-08,False,False
JNEG:00095986,969:left:988,969,train,left,3,0,competitive,2.0311014841670702e-07,False,2.8471088912860278e-06,False,2.0701454025143845e-10,False,False
JNEG:00095974,969:left:988,969,train,left,3,0,competitive,1.5932333306662837e-07,False,0.00034257348040305424,False,9.117199575211637e-08,False,False
JNEG:00096020,969:left:988,969,train,left,3,0,competitive,6.901154068128532e-08,False,9.125154822749903e-05,False,1.7283692499569145e-09,False,False
JNEG:00095998,969:left:988,969,train,left,3,0,competitive,2.1654469984183077e-08,False,9.199964526380639e-05,False,1.8310617593592852e-08,False,False
JNEG:00095962,969:left:988,969,train,left,3,0,competitive,6.367084520411641e-09,False,4.460235190323218e-06,False,1.710912356189595e-11,False,False
JNEG:00095987,969:left:988,969,train,left,3,0,competitive,5.892914890338622e-06,False,7.303890877091524e-06,False,6.426973329514466e-09,False,False
JNEG:00095984,969:left:988,969,train,left,3,0,competitive,1.0761973535909859e-09,False,8.234057419807842e-10,False,7.700756148157165e-15,False,False
JNEG:00095972,969:left:988,969,train,left,3,0,competitive,1.5688714506312522e-09,False,0.00020335482961480043,False,2.2537997241204176e-09,False,False
JNEG:00096010,969:left:988,969,train,left,3,0,competitive,6.312542461493242e-09,False,7.554120483703896e-05,False,7.349552150139706e-13,False,False
JNEG:00096356,969:left:988,969,train,left,3,0,competitive,0.0004127447517193356,False,0.0930786881744257,False,8.41614870594449e-07,False,False
JNEG:00096314,969:left:988,969,train,left,3,0,competitive,8.064677895833737e-05,False,0.001125351158830533,False,5.6287061759070484e-08,False,False
JNEG:00096328,969:left:988,969,train,left,3,0,competitive,9.403258380688852e-05,False,0.026716556781258897,False,7.209108735182515e-07,False,False
JNEG:00096440,969:left:988,969,train,left,3,0,competitive,6.494079617212832e-05,False,0.1511137422058899,False,6.117528273872033e-05,False,False
JNEG:00096326,969:left:988,969,train,left,3,0,competitive,2.2446298767852135e-05,False,0.0159171915284029,False,1.2484652125267092e-07,False,False
JNEG:00096354,969:left:988,969,train,left,3,0,competitive,6.7214213420868415e-06,False,0.035695772111028375,False,2.128840754473441e-08,False,False
JNEG:00096940,970:left:143,970,train,left,3,0,competitive,5.9705279328143926e-05,False,0.266682446487217,False,0.0002694620832925002,False,False
JNEG:00096956,970:left:143,970,train,left,3,0,competitive,2.7332865145633022e-05,False,0.0003670164698428949,False,8.900748506457332e-07,False,False
JNEG:00096982,970:left:143,970,train,left,3,0,competitive,9.875248602894356e-06,False,0.04062941478463697,False,1.2069814140323126e-06,False,False
JNEG:00096958,970:left:143,970,train,left,3,0,competitive,0.000713651249746398,False,0.020957175125884228,False,5.2184651426131984e-05,False,False
JNEG:00097006,970:left:143,970,train,left,3,0,competitive,5.273136006151852e-05,False,0.026878493978224602,False,0.000564435227186566,False,False
JNEG:00096980,970:left:143,970,train,left,3,0,competitive,4.677243150635444e-06,False,0.4158514617427191,False,1.326806552587784e-06,False,False
JNEG:00096966,970:left:143,970,train,left,3,0,competitive,5.516772322856644e-06,False,0.29419600946236774,False,0.0002797249853894229,False,False
JNEG:00097004,970:left:143,970,train,left,3,0,competitive,4.576634248449467e-06,False,3.145676322482877e-05,False,1.8921789018194627e-06,False,False
JNEG:00096990,970:left:143,970,train,left,3,0,competitive,4.376013954542781e-06,False,0.17857634756933607,False,3.0437422904777167e-05,False,False
JNEG:00096954,970:left:143,970,train,left,3,0,competitive,3.484141651095107e-07,False,4.661573694178797e-05,False,2.0827888951588193e-08,False,False
JNEG:00096952,970:left:143,970,train,left,3,0,competitive,7.046856443153399e-08,False,4.0756381268936644e-08,False,6.394384999164542e-09,False,False
JNEG:00096978,970:left:143,970,train,left,3,0,competitive,1.4043533432973616e-07,False,0.093018153432264,False,4.917765146697305e-08,False,False
JNEG:00097172,970:left:143,970,train,left,3,0,competitive,0.001437377166753719,False,0.00881907820550155,False,2.175890128588976e-05,False,False
JNEG:00097318,970:left:143,970,train,left,3,0,competitive,0.0022487059455987323,False,0.025701972796918722,False,8.418467828153488e-05,False,False
JNEG:00097174,970:left:143,970,train,left,3,0,competitive,0.0259157249896371,False,0.4700043181251574,False,0.0034410779323442646,False,False
JNEG:00097706,970:left:143,970,train,left,3,0,competitive,0.0009716923363598916,False,1.0447833880045427e-06,False,5.6521119354185175e-05,False,False
JNEG:00097138,970:left:143,970,train,left,3,0,competitive,0.0004543459334044378,False,0.2755718652529933,False,9.783978274879475e-05,False,False
JNEG:00097314,970:left:143,970,train,left,3,0,competitive,5.023181838886236e-05,False,0.001626877833074716,False,2.391460501143625e-06,False,False
JNEG:00098000,970:left:158,970,train,left,3,0,competitive,0.001239014225805837,False,0.00023855725968051093,False,8.137137172005716e-05,False,True
JNEG:00097998,970:left:158,970,train,left,3,0,competitive,0.0001582195069985957,False,7.133326393257297e-05,False,2.4162761583733286e-05,False,True
JNEG:00098002,970:left:158,970,train,left,3,0,competitive,0.004967412267186541,False,0.13289834561108965,False,0.00016268109994537557,False,True
JNEG:00098050,970:left:158,970,train,left,3,0,competitive,0.0003182545248724165,False,0.00031903436190864,False,0.00018142434755428645,False,True
JNEG:00098048,970:left:158,970,train,left,3,0,competitive,0.00018842073429206288,False,0.0002561603460156732,False,0.0005212006522458757,False,True
JNEG:00098024,970:left:158,970,train,left,3,0,competitive,4.7972986740645804e-05,False,0.0022767040956694633,False,4.864141744554833e-06,False,True
JNEG:00098026,970:left:158,970,train,left,3,0,competitive,6.151330107543427e-05,False,0.20076828617510323,False,6.174140350978233e-06,False,True
JNEG:00098022,970:left:158,970,train,left,3,0,competitive,1.4059513260238405e-05,False,3.717185407811071e-05,False,2.8092289230070267e-06,False,True
JNEG:00098046,970:left:158,970,train,left,3,0,competitive,1.0313879721639442e-05,False,0.0007011752824975196,False,5.192552570895767e-05,False,True
JNEG:00097996,970:left:158,970,train,left,3,0,competitive,6.73177376509471e-06,False,6.258326520592724e-06,False,1.8844780744609134e-07,False,True
JNEG:00098049,970:left:158,970,train,left,3,0,competitive,9.751841860610565e-05,False,0.00031903436190864,False,1.2209511554550508e-05,False,True
JNEG:00097984,970:left:158,970,train,left,3,0,competitive,6.483379144341699e-07,False,0.0026744412262613335,False,3.8118724590820477e-07,False,True
JNEG:00098530,970:left:158,970,train,left,3,0,competitive,0.0352992056888743,False,0.04258515214787883,False,0.00013516677544472746,False,True
JNEG:00099338,970:left:158,970,train,left,3,0,competitive,8.095136777755145e-05,False,1.8119283279724047e-05,False,5.681492291809754e-07,False,True
JNEG:00098386,970:left:158,970,train,left,3,0,competitive,0.0033141171806647858,False,0.46581728718955917,False,0.00023419871195237135,False,True
JNEG:00098526,970:left:158,970,train,left,3,0,competitive,0.0003488413045911638,False,0.0050688664465887295,False,3.007131542058164e-06,False,True
JNEG:00098524,970:left:158,970,train,left,3,0,competitive,0.00026843682763562284,False,0.005417090224941452,False,2.8034548205709416e-06,False,True
JNEG:00098384,970:left:158,970,train,left,3,0,competitive,0.0006015168996878993,False,0.1970039108781113,False,1.0234847681145676e-05,False,True
JNEG:00099347,971:left:27,971,train,left,3,0,competitive,2.165881253219074e-10,False,1.1040797206354774e-05,False,1.9767339359819465e-11,False,False
JNEG:00099346,971:left:27,971,train,left,3,0,competitive,3.29990777375583e-11,False,2.0160706591900244e-09,False,5.9507472692344906e-15,False,False
JNEG:00099373,971:left:27,971,train,left,3,0,competitive,8.19017135913964e-11,False,1.1956253634021312e-07,False,1.5586446062802578e-13,False,False
JNEG:00099372,971:left:27,971,train,left,3,0,competitive,1.3951812446319336e-11,False,7.631602797129112e-09,False,3.907579734317434e-15,False,False
JNEG:00099361,971:left:27,971,train,left,3,0,competitive,4.7097435424728187e-11,False,5.247100205146354e-09,False,3.1162779375047735e-13,False,False
JNEG:00099349,971:left:27,971,train,left,3,0,competitive,1.2456548267714687e-12,False,1.8418633504955294e-06,False,3.487974667476371e-14,False,False
JNEG:00099344,971:left:27,971,train,left,3,0,competitive,4.3000085271834604e-13,False,1.696424190915567e-10,False,2.7328940197827997e-17,False,False
JNEG:00099375,971:left:27,971,train,left,3,0,competitive,2.700487417180374e-12,False,1.617543022365113e-13,False,9.554242442684915e-19,False,False
JNEG:00099360,971:left:27,971,train,left,3,0,competitive,3.060561069906288e-12,False,7.249040481737769e-13,False,1.0933110094249719e-15,False,False
JNEG:00099370,971:left:27,971,train,left,3,0,competitive,5.481283737146786e-13,False,2.46365558617702e-13,False,8.086868393655998e-20,False,False
JNEG:00099342,971:left:27,971,train,left,3,0,competitive,2.1191074150771831e-13,False,5.332941033033998e-10,False,1.0378174153655122e-14,False,False
JNEG:00099363,971:left:27,971,train,left,3,0,competitive,4.65922003336207e-13,False,2.1188175480031173e-13,False,5.0368851314216405e-17,False,False
JNEG:00099585,971:left:27,971,train,left,3,0,competitive,3.166097164806685e-08,False,0.0001479382777823219,False,9.042405032254912e-10,False,False
JNEG:00099595,971:left:27,971,train,left,3,0,competitive,4.567862937065272e-09,False,1.278347152997176e-07,False,2.2019385479722453e-12,False,False
JNEG:00099587,971:left:27,971,train,left,3,0,competitive,1.0386319691283507e-08,False,7.763629852074027e-10,False,4.2838320623379134e-13,False,False
JNEG:00099565,971:left:27,971,train,left,3,0,competitive,4.3182623906756055e-10,False,2.7225360291565457e-09,False,2.3896273452826878e-14,False,False
JNEG:00099564,971:left:27,971,train,left,3,0,competitive,3.1928032242269935e-10,False,4.191358228568067e-11,False,1.4019524905777064e-14,False,False
JNEG:00099597,971:left:27,971,train,left,3,0,competitive,2.0964733862175992e-10,False,4.789729874935389e-14,False,1.6947099796249624e-16,False,False
JNEG:00099734,971:left:158,971,train,left,3,0,competitive,1.6554120561843e-06,False,3.3956453237911324e-07,False,1.0103027072407857e-08,False,False
JNEG:00099724,971:left:158,971,train,left,3,0,competitive,1.3605132966201193e-06,False,5.6686571834596506e-05,False,2.247376798829242e-06,False,False
JNEG:00099732,971:left:158,971,train,left,3,0,competitive,1.5563999914096897e-07,False,2.0081566051666625e-07,False,1.762184954321887e-09,False,False
JNEG:00099742,971:left:158,971,train,left,3,0,competitive,1.9913079899977318e-07,False,5.54826428579528e-05,False,1.0087339226330978e-06,False,False
JNEG:00099752,971:left:158,971,train,left,3,0,competitive,8.916141223013529e-08,False,0.019124070494012196,False,1.1938388424243368e-06,False,False
JNEG:00099702,971:left:158,971,train,left,3,0,competitive,2.2264480132128408e-07,False,1.5971279051776695e-05,False,2.9554626152240728e-06,False,False
JNEG:00099712,971:left:158,971,train,left,3,0,competitive,2.0593682380755726e-07,False,0.0007096433158123221,False,1.6588216521757092e-06,False,False
JNEG:00099750,971:left:158,971,train,left,3,0,competitive,7.288446696986289e-08,False,0.17401691884253642,False,5.019503548601785e-07,False,False
JNEG:00099730,971:left:158,971,train,left,3,0,competitive,2.1076495753199184e-09,False,1.190766198439966e-10,False,4.9327598451652606e-12,False,False
JNEG:00099722,971:left:158,971,train,left,3,0,competitive,5.329295055611378e-09,False,8.906401676777243e-07,False,1.800232072910311e-10,False,False
JNEG:00099710,971:left:158,971,train,left,3,0,competitive,8.667392910947456e-09,False,1.6803887890500937e-06,False,2.6687598828360805e-08,False,False
JNEG:00099751,971:left:158,971,train,left,3,0,competitive,4.0724728476844796e-08,False,0.019124070494012196,False,5.541664329642306e-07,False,False
JNEG:00100338,971:left:158,971,train,left,3,0,competitive,0.0008044942286348195,False,0.8866025797634552,False,0.007548059021039227,False,False
JNEG:00100380,971:left:158,971,train,left,3,0,competitive,0.0007874050111239676,False,0.32060007651464073,False,0.0031501091843801348,False,False
JNEG:00100340,971:left:158,971,train,left,3,0,competitive,0.004337306787181692,False,0.7538343648903215,False,0.028832278539827026,False,False
JNEG:00100320,971:left:158,971,train,left,3,0,competitive,0.00014026160960761998,False,0.006606585378669412,False,3.1383184131782054e-05,False,False
JNEG:00100318,971:left:158,971,train,left,3,0,competitive,2.3416588724375674e-05,False,0.0034296667347396077,False,5.004546556874142e-06,False,False
JNEG:00100336,971:left:158,971,train,left,3,0,competitive,8.630659893383901e-06,False,0.0987308161420595,False,1.5113251249697194e-05,False,False
JNEG:00100467,971:left:292,971,train,left,3,0,competitive,1.0449405341637551e-07,False,9.668921773934255e-13,False,2.1121623588823587e-09,False,False
JNEG:00100469,971:left:292,971,train,left,3,0,competitive,9.307159741544496e-09,False,2.8575090171530785e-11,False,6.545557114306106e-11,False,False
JNEG:00100408,971:left:292,971,train,left,3,0,competitive,2.2293839096074176e-11,False,1.1390295313506247e-14,False,2.103816051392268e-16,False,False
JNEG:00100468,971:left:292,971,train,left,3,0,competitive,7.615213211498341e-08,False,9.668921773934255e-13,False,1.152388620685795e-09,False,False
JNEG:00100435,971:left:292,971,train,left,3,0,competitive,9.999649627130558e-11,False,1.1692156750030964e-08,False,3.0146857148722368e-12,False,False
JNEG:00100437,971:left:292,971,train,left,3,0,competitive,4.826748545072717e-11,False,3.668199067281808e-05,False,1.0785105207947266e-11,False,False
JNEG:00100433,971:left:292,971,train,left,3,0,competitive,2.358300309127966e-10,False,5.446791974437058e-10,False,1.0684537074899391e-10,False,False
JNEG:00100450,971:left:292,971,train,left,3,0,competitive,5.318550448096445e-13,False,0.00018651510553086475,False,1.031339879968456e-12,False,False
JNEG:00100430,971:left:292,971,train,left,3,0,competitive,3.336591534783777e-08,False,6.21388155637631e-11,False,3.07385922012324e-08,False,False
JNEG:00100428,971:left:292,971,train,left,3,0,competitive,1.934549383848902e-08,False,6.452674635393542e-10,False,3.106592466062727e-09,False,False
JNEG:00100429,971:left:292,971,train,left,3,0,competitive,1.0550940527575972e-08,False,6.21388155637631e-11,False,4.574664285380287e-09,False,False
JNEG:00100432,971:left:292,971,train,left,3,0,competitive,1.3004826630899799e-08,False,1.1882497500476386e-11,False,5.247413767253319e-09,False,False
JNEG:00101861,971:left:292,971,train,left,3,0,competitive,2.0601695574424262e-09,False,1.6869580447595634e-13,False,2.986875906560542e-12,False,False
JNEG:00100978,971:left:292,971,train,left,3,0,competitive,1.100646394716942e-11,False,4.783741926847955e-10,False,2.583728770361254e-16,False,False
JNEG:00101416,971:left:292,971,train,left,3,0,competitive,1.7570422018766362e-08,False,6.612694111228587e-19,False,4.558372906113465e-17,False,False
JNEG:00101026,971:left:292,971,train,left,3,0,competitive,1.3384360768357698e-08,False,0.21813378152482965,False,5.224154151529882e-07,False,False
JNEG:00101817,971:left:292,971,train,left,3,0,competitive,8.683950387731668e-09,False,1.2537124799972815e-13,False,4.9718351867592145e-12,False,False
JNEG:00100979,971:left:292,971,train,left,3,0,competitive,9.3754618004608e-12,False,4.783741926847955e-10,False,1.0885860489897651e-16,False,False
JNEG:00102087,971:left:580,971,train,left,3,0,competitive,9.854454127335728e-07,False,2.645696002966819e-07,False,1.079013825321573e-08,False,False
JNEG:00102045,971:left:580,971,train,left,3,0,competitive,2.78799374516288e-07,False,0.0041884809806890565,False,3.130783655310476e-06,False,False
JNEG:00102079,971:left:580,971,train,left,3,0,competitive,1.4685233653047793e-06,False,3.7365300007098595e-06,False,8.63504407170235e-09,False,False
JNEG:00102055,971:left:580,971,train,left,3,0,competitive,1.1644852873796716e-06,False,1.5100883830141598e-08,False,1.6071960213258316e-09,False,False
JNEG:00102013,971:left:580,971,train,left,3,0,competitive,3.0550455726278005e-07,False,0.0007864240760086128,False,8.228946570727837e-07,False,False
JNEG:00102061,971:left:580,971,train,left,3,0,competitive,6.042059327596436e-06,False,0.00016480486146789453,False,2.0120514277950402e-05,False,False
JNEG:00102021,971:left:580,971,train,left,3,0,competitive,2.623387543461912e-06,False,0.00011577351342678379,False,7.624899264191426e-06,False,False
JNEG:00102027,971:left:580,971,train,left,3,0,competitive,1.3560922845695705e-05,False,1.4869785653555938e-07,False,1.0286329570834705e-05,False,False
JNEG:00102023,971:left:580,971,train,left,3,0,competitive,1.5685812054633266e-06,False,3.332350661281903e-05,False,4.2766185410555544e-05,False,False
JNEG:00102093,971:left:580,971,train,left,3,0,competitive,6.667047305975735e-07,False,1.8236580154426777e-14,False,5.247352699989366e-12,False,False
JNEG:00102025,971:left:580,971,train,left,3,0,competitive,3.3061808948341895e-06,False,4.5132443367685767e-13,False,2.2042446220642543e-08,False,False
JNEG:00102089,971:left:580,971,train,left,3,0,competitive,1.899614060028461e-07,False,3.053600498234687e-09,False,6.775632929791288e-10,False,False
JNEG:00102995,971:left:580,971,train,left,3,0,competitive,0.003624070337480334,False,0.5412784744532384,False,0.0012274154774922462,False,False
JNEG:00103255,971:left:580,971,train,left,3,0,competitive,0.005563510493193755,False,0.035369550682440805,False,5.5883006521157956e-05,False,False
JNEG:00103259,971:left:580,971,train,left,3,0,competitive,0.00018141810231361212,False,1.5854490705664397e-06,False,2.881176132366149e-07,False,False
JNEG:00102719,971:left:580,971,train,left,3,0,competitive,2.7405155739277526e-06,False,3.3596935325216537e-09,False,4.5449645932763496e-07,False,False
JNEG:00103053,971:left:580,971,train,left,3,0,competitive,0.0008819425393533262,False,0.08384073647169134,False,0.0003064412044699015,False,False
JNEG:00103257,971:left:580,971,train,left,3,0,competitive,0.0012439630444248978,False,0.00035718342157917447,False,1.3720227501296934e-05,False,False
JNEG:00103586,971:left:592,971,train,left,3,0,competitive,4.598716992879934e-06,False,1.8255550641130685e-05,False,3.0772329394413263e-06,False,False
JNEG:00103590,971:left:592,971,train,left,3,0,competitive,6.979858763466137e-07,False,2.0485262119419663e-05,False,1.6366230123190565e-06,False,False
JNEG:00103582,971:left:592,971,train,left,3,0,competitive,6.605112012015733e-08,False,0.0005921360661219454,False,1.119129245351757e-06,False,False
JNEG:00103588,971:left:592,971,train,left,3,0,competitive,5.035571386539534e-06,False,1.6468358396757012e-12,False,1.9229819264848083e-09,False,False
JNEG:00103540,971:left:592,971,train,left,3,0,competitive,8.007263053383191e-07,False,1.454294726473881e-07,False,5.26964260756665e-06,False,False
JNEG:00103539,971:left:592,971,train,left,3,0,competitive,6.445742313313895e-07,False,1.454294726473881e-07,False,3.3627281280615124e-06,False,False
JNEG:00103591,971:left:592,971,train,left,3,0,competitive,3.1239952258091026e-07,False,1.438443166173376e-07,False,7.012528002873989e-08,False,False
JNEG:00103537,971:left:592,971,train,left,3,0,competitive,2.1537805494265473e-07,False,1.3397577356038396e-06,False,3.0861590072897537e-06,False,False
JNEG:00103543,971:left:592,971,train,left,3,0,competitive,7.133967019328378e-08,False,9.040877306660095e-06,False,4.897948588533921e-05,False,False
JNEG:00103592,971:left:592,971,train,left,3,0,competitive,2.91149906567504e-07,False,1.438443166173376e-07,False,6.590962404853112e-08,False,False
JNEG:00103587,971:left:592,971,train,left,3,0,competitive,4.001877118557855e-06,False,1.6468358396757012e-12,False,1.7288832139922007e-09,False,False
JNEG:00103538,971:left:592,971,train,left,3,0,competitive,1.095617920290717e-06,False,1.3397577356038396e-06,False,5.109382375842075e-05,False,False
JNEG:00104249,971:left:592,971,train,left,3,0,competitive,2.2929393186212877e-05,False,1.1437581553884505e-07,False,7.52172621464783e-06,False,False
JNEG:00106732,971:left:592,971,train,left,3,0,competitive,7.195703749219411e-05,False,1.6979392848453417e-09,False,1.397448906823296e-09,False,False
JNEG:00106814,971:left:592,971,train,left,3,0,competitive,4.619553255258064e-05,False,9.904312542934807e-09,False,2.0359075640711374e-09,False,False
JNEG:00106898,971:left:592,971,train,left,3,0,competitive,9.933282382771613e-05,False,3.623278897631359e-07,False,3.3011331743572875e-08,False,False
JNEG:00104250,971:left:592,971,train,left,3,0,competitive,1.1679836285850663e-05,False,1.1437581553884505e-07,False,1.4857050760420582e-06,False,False
JNEG:00104397,971:left:592,971,train,left,3,0,competitive,2.0495764702827007e-05,False,4.85440505436928e-07,False,4.684328589325128e-06,False,False
JNEG:00107730,971:right:411,971,train,right,3,0,competitive,2.1385772248013658e-14,False,9.245981143676728e-12,False,1.0716901622059779e-14,False,False
JNEG:00107757,971:right:411,971,train,right,3,0,competitive,3.330146971251765e-13,False,1.3184760126391884e-13,False,3.1371138994433065e-13,False,False
JNEG:00107758,971:right:411,971,train,right,3,0,competitive,7.995269475015791e-13,False,1.3184760126391884e-13,False,1.1539731828373582e-12,False,False
JNEG:00107734,971:right:411,971,train,right,3,0,competitive,4.4892189231764504e-15,False,1.7669978010896546e-10,False,2.745458503359049e-15,False,False
JNEG:00107754,971:right:411,971,train,right,3,0,competitive,1.0625845453824885e-12,False,3.5498604118955453e-12,False,2.4788168974697397e-11,False,False
JNEG:00107752,971:right:411,971,train,right,3,0,competitive,5.055570508017788e-13,False,3.0313723744280325e-13,False,2.456036646479497e-11,False,False
JNEG:00107785,971:right:411,971,train,right,3,0,competitive,3.124811758676462e-15,False,8.817397200799124e-12,False,3.4017276107392315e-15,False,False
JNEG:00107756,971:right:411,971,train,right,3,0,competitive,6.137130217761472e-13,False,2.297460437094463e-13,False,1.3006236044912265e-11,False,False
JNEG:00107783,971:right:411,971,train,right,3,0,competitive,1.910270935848969e-13,False,3.2024589021057694e-11,False,2.4605248126698857e-13,False,False
JNEG:00107772,971:right:411,971,train,right,3,0,competitive,9.96134850627512e-15,False,2.0661401818105442e-07,False,1.6135482198547402e-13,False,False
JNEG:00107782,971:right:411,971,train,right,3,0,competitive,9.652525721228778e-13,False,1.3985379831651808e-11,False,1.785802400933344e-13,False,False
JNEG:00107759,971:right:411,971,train,right,3,0,competitive,4.963211454059524e-13,False,6.705809801239217e-13,False,1.9143696480875567e-12,False,False
JNEG:00108606,971:right:411,971,train,right,3,0,competitive,8.959358598192676e-13,False,5.185921804251001e-05,False,7.398748236479512e-11,False,False
JNEG:00108652,971:right:411,971,train,right,3,0,competitive,6.6008866619638685e-12,False,3.163457403431002e-05,False,7.699138941103905e-09,False,False
JNEG:00108610,971:right:411,971,train,right,3,0,competitive,9.01473266933739e-13,False,3.504784471490265e-06,False,6.652620031629218e-10,False,False
JNEG:00108665,971:right:411,971,train,right,3,0,competitive,4.2564480651965434e-14,False,5.843332371690396e-07,False,3.0879368249183705e-11,False,False
JNEG:00108663,971:right:411,971,train,right,3,0,competitive,1.913886523508629e-13,False,1.3605016512777825e-07,False,2.5928039989655836e-10,False,False
JNEG:00108745,971:right:411,971,train,right,3,0,competitive,4.2912981609389335e-14,False,4.5631948425082115e-07,False,1.0135590756866574e-10,False,False
JNEG:00108975,974:left:578,974,val,left,3,0,competitive,0.596352732830716,False,0.024541618304203466,False,0.021898710191878376,False,True
JNEG:00108995,974:left:578,974,val,left,3,0,competitive,0.08250709944314814,False,0.7714840413403438,False,0.26847571876712945,True,True
JNEG:00109045,974:left:578,974,val,left,3,0,competitive,0.09015674100371751,False,0.0006331627849897433,False,0.0016775988622282293,False,True
JNEG:00108977,974:left:578,974,val,left,3,0,competitive,0.14532792364706543,False,0.0007896131844601634,False,0.0021524747541254007,False,True
JNEG:00109031,974:left:578,974,val,left,3,0,competitive,0.03273797075662659,False,0.7804319682988631,False,0.05889080176292995,False,True
JNEG:00109047,974:left:578,974,val,left,3,0,competitive,0.031899062647713965,False,0.001143245475376913,False,0.00033592888823936535,False,True
JNEG:00109063,974:left:578,974,val,left,3,0,competitive,0.07357838819259846,False,0.014456393650172067,False,0.0022629419521625308,False,True
JNEG:00108979,974:left:578,974,val,left,3,0,competitive,0.007366536959533596,False,1.2633313415007666e-06,False,8.095287188146307e-06,False,True
JNEG:00109013,974:left:578,974,val,left,3,0,competitive,0.012201274783459072,False,0.008523691632152807,False,1.0377184294289306e-05,False,True
JNEG:00109015,974:left:578,974,val,left,3,0,competitive,0.003554438724372071,False,1.8081233781788282e-05,False,3.829437589985931e-07,False,True
JNEG:00109049,974:left:578,974,val,left,3,0,competitive,0.0011770324282779113,False,3.1772124935574164e-06,False,1.6875580272330146e-06,False,True
JNEG:00108997,974:left:578,974,val,left,3,0,competitive,0.0027819411232335744,False,0.37936510722528394,False,0.002781000957823244,False,True
JNEG:00109837,974:left:578,974,val,left,3,0,competitive,0.35029048936766716,False,0.003800692815675421,False,0.02418247836576742,False,True
JNEG:00109855,974:left:578,974,val,left,3,0,competitive,0.0971992503512076,False,0.8081530967442345,False,0.24772577407650756,True,True
JNEG:00109169,974:left:578,974,val,left,3,0,competitive,0.23898767056997486,False,9.651996118832488e-05,False,0.00027215885747140046,False,True
JNEG:00109839,974:left:578,974,val,left,3,0,competitive,0.018768360655124754,False,1.5988475106208376e-05,False,6.559663661008236e-05,False,True
JNEG:00110537,974:left:578,974,val,left,3,0,competitive,0.028438230314160682,False,0.001664453279938253,False,0.0006001514200792176,False,True
JNEG:00109239,974:left:578,974,val,left,3,0,competitive,0.017256546909913125,False,5.784066652453612e-07,False,4.421566328292662e-06,False,True
JNEG:00111091,974:left:583,974,val,left,3,0,competitive,0.6329557838570526,False,0.059012565161309184,False,0.044764323927886006,False,True
JNEG:00111015,974:left:583,974,val,left,3,0,competitive,0.0971992503512076,False,0.8081530967442345,False,0.24772577407650756,True,True
JNEG:00111093,974:left:583,974,val,left,3,0,competitive,0.05352346655074608,False,0.0003830952419037939,False,0.00047945236598572063,False,True
JNEG:00111090,974:left:583,974,val,left,3,0,competitive,0.00675180652328989,False,0.7785821568236955,False,0.008392520577817515,False,True
JNEG:00111017,974:left:583,974,val,left,3,0,competitive,0.012044417909938347,False,0.04519454777850455,False,0.009721593363783336,False,True
JNEG:00111014,974:left:583,974,val,left,3,0,competitive,0.0025420184081727222,False,0.006790068481451848,False,0.00017694330635586414,False,True
JNEG:00111053,974:left:583,974,val,left,3,0,competitive,0.013468426014903013,False,0.027168533758302523,False,1.514576891353406e-05,False,True
JNEG:00111019,974:left:583,974,val,left,3,0,competitive,0.00028709429231711523,False,0.0018504883288468644,False,1.0132405068858281e-05,False,True
JNEG:00111052,974:left:583,974,val,left,3,0,competitive,0.00172741702189137,False,0.21684154908438447,False,6.439175993310863e-05,False,True
JNEG:00111016,974:left:583,974,val,left,3,0,competitive,0.014932472466668118,False,0.8081530967442345,False,0.0035037459379556346,False,True
JNEG:00111055,974:left:583,974,val,left,3,0,competitive,0.0022102166856013397,False,0.00027951341130161457,False,1.0129050606395685e-06,False,True
JNEG:00111088,974:left:583,974,val,left,3,0,competitive,1.3398123215003379e-05,False,0.0018730896581959173,False,1.5423676644623136e-07,False,True
JNEG:00112099,974:left:583,974,val,left,3,0,competitive,0.10696227935789683,False,0.00013597814460465378,False,0.000681391231663704,False,True
JNEG:00112075,974:left:583,974,val,left,3,0,competitive,0.0060602301337142365,False,0.0018960381998730234,False,0.0002534643594890511,False,True
JNEG:00111475,974:left:583,974,val,left,3,0,competitive,0.03399247789181401,False,0.025631366004832283,False,0.003629428899267214,False,True
JNEG:00112077,974:left:583,974,val,left,3,0,competitive,0.002908723099626657,False,9.324378714271204e-06,False,2.846783474677312e-05,False,True
JNEG:00111451,974:left:583,974,val,left,3,0,competitive,0.012333793516213583,False,0.08192402187773833,False,0.014848309923220953,False,True
JNEG:00112775,974:left:583,974,val,left,3,0,competitive,0.17466441271028485,False,0.11810169481438791,False,0.0008628375377791076,False,True
JNEG:00113083,974:left:585,974,val,left,3,0,competitive,1.0774959336387627e-15,False,6.364818955886688e-15,False,7.233588431651812e-19,False,False
JNEG:00113079,974:left:585,974,val,left,3,0,competitive,1.3397086480338359e-18,False,1.0115176608452186e-23,False,2.7910002273053105e-22,False,False
JNEG:00113088,974:left:585,974,val,left,3,0,competitive,6.8969830993374895e-16,False,2.3676270306216236e-17,False,1.5782727103242506e-17,False,False
JNEG:00113077,974:left:585,974,val,left,3,0,competitive,4.520131960464222e-18,False,1.2643610534332917e-17,False,1.4809757462603846e-18,False,False
JNEG:00113075,974:left:585,974,val,left,3,0,competitive,5.0937551592727774e-17,False,2.9435872874734934e-15,False,2.0786366153016456e-16,False,False
JNEG:00113087,974:left:585,974,val,left,3,0,competitive,1.7998199682912422e-15,False,2.3676270306216236e-17,False,1.1040352631712248e-17,False,False
JNEG:00113084,974:left:585,974,val,left,3,0,competitive,1.885560542750626e-15,False,6.364818955886688e-15,False,8.289306604863535e-17,False,False
JNEG:00113074,974:left:585,974,val,left,3,0,competitive,1.3659173895858318e-16,False,4.336177310308619e-15,False,8.99620502807022e-19,False,False
JNEG:00113081,974:left:585,974,val,left,3,0,competitive,3.781503760541836e-18,False,3.503204161631163e-14,False,2.6722716141009966e-18,False,False
JNEG:00113072,974:left:585,974,val,left,3,0,competitive,1.823634228661241e-17,False,1.2033881751681876e-11,False,7.524660415628617e-18,False,False
JNEG:00113082,974:left:585,974,val,left,3,0,competitive,4.1068083212712045e-18,False,3.503204161631163e-14,False,1.198367733305579e-17,False,False
JNEG:00113086,974:left:585,974,val,left,3,0,competitive,1.4458689660371644e-16,False,8.320634186663744e-11,False,2.0525170214637628e-15,False,False
JNEG:00113534,974:left:585,974,val,left,3,0,competitive,1.1013170480232425e-17,False,2.3151133313899305e-13,False,7.610069359789976e-20,False,False
JNEG:00113535,974:left:585,974,val,left,3,0,competitive,9.949188358506692e-18,False,2.3151133313899305e-13,False,3.076029887383404e-20,False,False
JNEG:00113536,974:left:585,974,val,left,3,0,competitive,1.1487510493464289e-17,False,2.3151133313899305e-13,False,6.017339975596627e-19,False,False
JNEG:00113341,974:left:585,974,val,left,3,0,competitive,1.4812157649703437e-16,False,7.212692712380594e-15,False,5.188928417197045e-19,False,False
JNEG:00113329,974:left:585,974,val,left,3,0,competitive,8.163021402423796e-15,False,7.04230579335403e-13,False,1.0228567647946059e-13,False,False
JNEG:00113331,974:left:585,974,val,left,3,0,competitive,2.7245582869263196e-15,False,7.478855348337116e-13,False,7.526578125579696e-15,False,False
JNEG:00113555,975:left:85,975,train,left,3,0,competitive,3.038030888172946e-14,False,3.802366513519002e-14,False,1.512997068925333e-17,False,False
JNEG:00113609,975:left:85,975,train,left,3,0,competitive,4.50021503587381e-15,False,6.566358384534101e-14,False,5.970224279696874e-18,False,False
JNEG:00113600,975:left:85,975,train,left,3,0,competitive,6.698418972237787e-14,False,7.560401440050297e-16,False,3.7095851321197457e-16,False,False
JNEG:00113604,975:left:85,975,train,left,3,0,competitive,2.2157778166778577e-13,False,2.875831918148486e-13,False,2.8656296138091226e-15,False,False
JNEG:00113576,975:left:85,975,train,left,3,0,competitive,2.7170756557610867e-15,False,8.74853936040709e-17,False,1.8493796031375681e-19,False,False
JNEG:00113546,975:left:85,975,train,left,3,0,competitive,1.6666936049948368e-14,False,2.0395649914234696e-14,False,4.5883643924471993e-17,False,False
JNEG:00113606,975:left:85,975,train,left,3,0,competitive,3.4222258551335765e-13,False,2.2214230233093525e-12,False,5.0417087069642435e-14,False,False
JNEG:00113605,975:left:85,975,train,left,3,0,competitive,2.9532761441684435e-13,False,2.2214230233093525e-12,False,4.0863758701384985e-14,False,False
JNEG:00113580,975:left:85,975,train,left,3,0,competitive,1.7056022330398904e-15,False,5.226612712049541e-16,False,1.4924872779702232e-18,False,False
JNEG:00113598,975:left:85,975,train,left,3,0,competitive,6.735095895504115e-15,False,3.736984209764649e-15,False,5.442019603594863e-17,False,False
JNEG:00113550,975:left:85,975,train,left,3,0,competitive,1.810892017589327e-13,False,1.9967457326879094e-12,False,2.7813033899059723e-16,False,False
JNEG:00113607,975:left:85,975,train,left,3,0,competitive,1.5193082645879245e-13,False,2.1527622584236025e-12,False,2.535830750252306e-14,False,False
JNEG:00114347,975:left:85,975,train,left,3,0,competitive,1.9233447778586284e-12,False,5.940326246203522e-06,False,6.94875894387908e-10,False,False
JNEG:00114469,975:left:85,975,train,left,3,0,competitive,1.1137635546660092e-12,False,6.145076112646257e-08,False,1.94072901740848e-10,False,False
JNEG:00114405,975:left:85,975,train,left,3,0,competitive,3.673259092728907e-13,False,3.038302002077525e-07,False,5.041851462669948e-10,False,False
JNEG:00114387,975:left:85,975,train,left,3,0,competitive,7.501142928675878e-13,False,7.791166741019837e-07,False,2.9165821512816405e-10,False,False
JNEG:00113936,975:left:85,975,train,left,3,0,competitive,4.1025070837323005e-13,False,1.0248490624761774e-10,False,3.761755577786606e-13,False,False
JNEG:00114495,975:left:85,975,train,left,3,0,competitive,2.6991503431458616e-12,False,9.252227828440636e-09,False,1.4317472420413335e-09,False,False
JNEG:00114872,975:left:147,975,train,left,3,0,competitive,5.992095641950764e-17,False,9.15026208089062e-17,False,2.8095512589310396e-21,False,False
JNEG:00114859,975:left:147,975,train,left,3,0,competitive,1.7556249930674432e-15,False,3.713771632112388e-15,False,3.563299956842579e-15,False,False
JNEG:00114890,975:left:147,975,train,left,3,0,competitive,5.452542096521295e-16,False,5.1304117821361356e-17,False,1.5665826978748657e-17,False,False
JNEG:00114850,975:left:147,975,train,left,3,0,competitive,3.087902050690877e-17,False,1.189284857773785e-11,False,8.224348289402472e-16,False,False
JNEG:00114896,975:left:147,975,train,left,3,0,competitive,2.5552675893963416e-14,False,6.341974103460052e-14,False,4.873384843776002e-13,False,False
JNEG:00114857,975:left:147,975,train,left,3,0,competitive,1.839657168834331e-14,False,3.7800177184550924e-13,False,1.83835702317878e-13,False,False
JNEG:00114878,975:left:147,975,train,left,3,0,competitive,6.009624421759512e-16,False,9.634386303789495e-17,False,3.00266262100763e-17,False,False
JNEG:00114898,975:left:147,975,train,left,3,0,competitive,2.544474953926464e-14,False,1.3248630009630375e-12,False,2.6328353693748205e-12,False,False
JNEG:00114895,975:left:147,975,train,left,3,0,competitive,1.241766494225029e-14,False,6.341974103460052e-14,False,3.0972928204898945e-13,False,False
JNEG:00114897,975:left:147,975,train,left,3,0,competitive,2.2510008471523313e-14,False,1.3248630009630375e-12,False,2.2160291453376822e-12,False,False
JNEG:00114899,975:left:147,975,train,left,3,0,competitive,5.527037539432957e-15,False,4.4898149139509624e-14,False,3.3147498196178e-13,False,False
JNEG:00114894,975:left:147,975,train,left,3,0,competitive,5.478816699731844e-15,False,3.762078555575312e-14,False,1.3893546858216596e-13,False,False
JNEG:00115325,975:left:147,975,train,left,3,0,competitive,4.221162875579754e-13,False,7.780351171197195e-11,False,9.511110727223347e-13,False,False
JNEG:00115323,975:left:147,975,train,left,3,0,competitive,9.454021439843823e-13,False,4.355034618874633e-10,False,3.2813233928287525e-13,False,False
JNEG:00115369,975:left:147,975,train,left,3,0,competitive,2.747629980750135e-13,False,8.006512770342873e-11,False,2.5547155143038727e-14,False,False
JNEG:00115395,975:left:147,975,train,left,3,0,competitive,3.983626591183969e-13,False,3.50509873706751e-11,False,3.209305568659273e-14,False,False
JNEG:00115339,975:left:147,975,train,left,3,0,competitive,1.6515603078457965e-13,False,5.134201720731223e-11,False,1.1994551483290688e-14,False,False
JNEG:00115341,975:left:147,975,train,left,3,0,competitive,2.777876539151433e-14,False,3.8437290804583154e-11,False,1.885403127003735e-14,False,False
JNEG:00115667,975:left:304,975,train,left,3,0,competitive,9.854424010600312e-07,False,1.8652714284759643e-05,False,4.255651084485382e-08,False,False
JNEG:00115666,975:left:304,975,train,left,3,0,competitive,1.6059345342998758e-07,False,3.8836395340730905e-10,False,4.725923002327619e-11,False,False
JNEG:00115631,975:left:304,975,train,left,3,0,competitive,2.532506971740159e-07,False,9.719993994122513e-08,False,6.5383354767628544e-09,False,False
JNEG:00115647,975:left:304,975,train,left,3,0,competitive,1.9514070541773503e-07,False,4.8617011508318805e-09,False,1.9164734141130148e-09,False,False
JNEG:00115669,975:left:304,975,train,left,3,0,competitive,1.5237709117737966e-07,False,2.909507827298776e-07,False,1.168088805174223e-10,False,False
JNEG:00115630,975:left:304,975,train,left,3,0,competitive,9.705465420406687e-09,False,6.76710577285595e-08,False,6.0240762512396454e-12,False,False
JNEG:00115664,975:left:304,975,train,left,3,0,competitive,4.632944551005543e-09,False,5.5667401841644595e-09,False,7.069290011517692e-13,False,False
JNEG:00115633,975:left:304,975,train,left,3,0,competitive,1.3835604768102731e-08,False,6.286479655042654e-06,False,3.4248787474728207e-10,False,False
JNEG:00115649,975:left:304,975,train,left,3,0,competitive,1.1874111516605871e-08,False,1.9989450772547847e-07,False,5.854349225064459e-11,False,False
JNEG:00115628,975:left:304,975,train,left,3,0,competitive,4.889138623184328e-10,False,8.196621921519218e-08,False,2.726472795939532e-12,False,False
JNEG:00115646,975:left:304,975,train,left,3,0,competitive,3.7392421177686567e-10,False,7.863742561149397e-14,False,1.286257697352183e-14,False,False
JNEG:00115668,975:left:304,975,train,left,3,0,competitive,2.512438717780425e-07,False,1.8652714284759643e-05,False,1.0992140176867107e-08,False,False
JNEG:00116057,975:left:304,975,train,left,3,0,competitive,0.0010547524219410487,False,0.007962609599533398,False,5.8916354773777965e-06,False,False
JNEG:00116059,975:left:304,975,train,left,3,0,competitive,2.2964424837706903e-05,False,0.052590648629136934,False,2.640488030458517e-07,False,False
JNEG:00116071,975:left:304,975,train,left,3,0,competitive,2.0533172970318318e-06,False,0.01087146768682804,False,2.812902934920128e-07,False,False
JNEG:00116028,975:left:304,975,train,left,3,0,competitive,6.635403640543094e-06,False,0.015656812390585965,False,1.5984314640534744e-07,False,False
JNEG:00116029,975:left:304,975,train,left,3,0,competitive,1.8660601199704085e-06,False,0.0191757700461511,False,7.893102243970254e-08,False,False
JNEG:00116031,975:left:304,975,train,left,3,0,competitive,1.91777123706409e-07,False,0.0017717997830200536,False,7.011978756950789e-09,False,False
JNEG:00116543,975:left:503,975,train,left,3,0,competitive,5.400320831995818e-06,False,3.662338123507734e-07,False,2.0513345526224906e-06,False,False
JNEG:00116489,975:left:503,975,train,left,3,0,competitive,4.813372722229299e-06,False,0.0027964169702360017,False,5.69128634454985e-07,False,False
JNEG:00116603,975:left:503,975,train,left,3,0,competitive,1.2451282481386482e-06,False,2.1375993630486397e-09,False,2.9564383790220916e-07,False,False
JNEG:00116499,975:left:503,975,train,left,3,0,competitive,1.1874125474949721e-06,False,0.015090522918138359,False,0.00039831532657778093,False,False
JNEG:00116557,975:left:503,975,train,left,3,0,competitive,3.3897128951297767e-06,False,0.0563537454137674,False,4.1215328483364135e-06,False,False
JNEG:00116488,975:left:503,975,train,left,3,0,competitive,1.2248455877700427e-07,False,2.2485240776546998e-07,False,9.621861282335117e-12,False,False
JNEG:00116484,975:left:503,975,train,left,3,0,competitive,1.8145432136566556e-07,False,4.704275073869811e-06,False,7.189412794896642e-11,False,False
JNEG:00116509,975:left:503,975,train,left,3,0,competitive,9.449850113844568e-08,False,1.629439018757036e-08,False,7.466734903596804e-11,False,False
JNEG:00116486,975:left:503,975,train,left,3,0,competitive,9.441165281947111e-08,False,3.5893219433675443e-06,False,8.903197080074092e-11,False,False
JNEG:00116559,975:left:503,975,train,left,3,0,competitive,2.9287102752298154e-08,False,0.004794581930044323,False,1.2847688490099974e-07,False,False
JNEG:00116542,975:left:503,975,train,left,3,0,competitive,6.916340084399658e-07,False,0.0017151381453073885,False,2.4802195911224577e-07,False,False
JNEG:00116598,975:left:503,975,train,left,3,0,competitive,1.5470943440541432e-07,False,1.639354886991475e-11,False,1.5811145339193134e-12,False,FalseJNEG:00117183,975:left:503,975,train,left,3,0,competitive,0.024285523610262132,False,0.7120958817899277,False,0.03548929863952048,False,False
JNEG:00117185,975:left:503,975,train,left,3,0,competitive,0.002934880071415755,False,0.9245295237391947,True,0.007632146624009821,False,False
JNEG:00118074,975:left:503,975,train,left,3,0,competitive,0.0018156639477873316,False,6.157630436513002e-06,False,9.577174709264033e-07,False,False
JNEG:00118034,975:left:503,975,train,left,3,0,competitive,0.0003436642943436926,False,2.010762585116906e-06,False,1.2580565188354024e-07,False,False
JNEG:00117291,975:left:503,975,train,left,3,0,competitive,4.6390259963327925e-05,False,0.0317495229648221,False,1.5489541521330802e-05,False,False
JNEG:00117293,975:left:503,975,train,left,3,0,competitive,5.3837511548381426e-05,False,0.027513599982861157,False,8.600438026227581e-06,False,False
JNEG:00119407,975:left:548,975,train,left,3,0,competitive,2.6676734823942217e-13,False,2.223083686443003e-14,False,4.777531808974998e-17,False,False
JNEG:00119403,975:left:548,975,train,left,3,0,competitive,1.9300745901821116e-13,False,2.9975976788288305e-18,False,1.3739725748910053e-18,False,False
JNEG:00119399,975:left:548,975,train,left,3,0,competitive,6.808761907670675e-14,False,3.616736714373608e-16,False,1.9026206122705975e-17,False,False
JNEG:00119401,975:left:548,975,train,left,3,0,competitive,5.479866194331416e-14,False,1.193282435638526e-16,False,6.0059675520019034e-18,False,False
JNEG:00119397,975:left:548,975,train,left,3,0,competitive,1.2364332415238267e-14,False,5.974640482924937e-17,False,3.360026460337012e-18,False,False
JNEG:00119352,975:left:548,975,train,left,3,0,competitive,1.5886996964614503e-12,False,2.085689958278551e-11,False,1.0749966418482823e-12,False,False
JNEG:00119348,975:left:548,975,train,left,3,0,competitive,1.2516432213816096e-12,False,1.811965479221165e-13,False,1.539494324989239e-15,False,False
JNEG:00119347,975:left:548,975,train,left,3,0,competitive,1.716790341747805e-12,False,1.811965479221165e-13,False,2.6219586961861734e-15,False,False
JNEG:00119350,975:left:548,975,train,left,3,0,competitive,9.705654682001297e-13,False,2.62019901230079e-12,False,1.6056285897878538e-14,False,False
JNEG:00119395,975:left:548,975,train,left,3,0,competitive,6.806752004878221e-15,False,3.8232387507939127e-16,False,5.597540897882338e-18,False,False
JNEG:00119400,975:left:548,975,train,left,3,0,competitive,5.4417146943503454e-14,False,3.616736714373608e-16,False,3.9655690934003115e-17,False,False
JNEG:00119345,975:left:548,975,train,left,3,0,competitive,7.542684165826524e-13,False,1.2217584754253663e-12,False,2.6652931025940655e-15,False,False
JNEG:00119972,975:left:548,975,train,left,3,0,competitive,1.757342014716354e-13,False,1.0386786538314977e-09,False,4.0739712893954483e-16,False,False
JNEG:00119970,975:left:548,975,train,left,3,0,competitive,8.877437356995261e-14,False,2.7705501320709395e-08,False,6.067264846636944e-16,False,False
JNEG:00119994,975:left:548,975,train,left,3,0,competitive,3.0145531404607905e-13,False,4.738186174625587e-10,False,8.124780192132374e-17,False,False
JNEG:00120003,975:left:548,975,train,left,3,0,competitive,2.5029255043710386e-13,False,4.738186174625587e-10,False,3.181897936867678e-17,False,False
JNEG:00119942,975:left:548,975,train,left,3,0,competitive,3.274079178024631e-14,False,9.216224514768161e-08,False,5.260153598246455e-16,False,False
JNEG:00119981,975:left:548,975,train,left,3,0,competitive,8.06345925113153e-14,False,2.7705501320709395e-08,False,2.814550240213163e-16,False,False
JNEG:00120706,975:left:604,975,train,left,3,0,competitive,2.806111415299863e-05,False,4.532795767765168e-09,False,1.734076071743236e-07,False,True
JNEG:00120655,975:left:604,975,train,left,3,0,competitive,0.0010526422647314797,False,6.95116548728336e-08,False,0.0005921751815980796,False,True
JNEG:00120602,975:left:604,975,train,left,3,0,competitive,3.8203696444539334e-05,False,3.949481282721417e-08,False,6.7521967045245415e-06,False,True
JNEG:00120601,975:left:604,975,train,left,3,0,competitive,3.742111409597041e-05,False,3.949481282721417e-08,False,6.437902623879561e-06,False,True
JNEG:00120654,975:left:604,975,train,left,3,0,competitive,5.1788889822309226e-05,False,1.3867688479655146e-05,False,2.8948195487696077e-05,False,True
JNEG:00120708,975:left:604,975,train,left,3,0,competitive,1.4715371974874941e-05,False,1.9721088429316068e-11,False,2.118945824275823e-08,False,True
JNEG:00120600,975:left:604,975,train,left,3,0,competitive,0.0001732396200698116,False,8.832528035413887e-07,False,0.0002640200132760699,False,True
JNEG:00120707,975:left:604,975,train,left,3,0,competitive,1.2381282188202283e-05,False,1.9721088429316068e-11,False,1.687674437076665e-08,False,True
JNEG:00120713,975:left:604,975,train,left,3,0,competitive,5.9267714298367095e-06,False,0.15224533124647405,False,3.625602524530312e-06,False,True
JNEG:00120604,975:left:604,975,train,left,3,0,competitive,6.409518188485579e-06,False,5.142756831874123e-08,False,3.4437496391034295e-07,False,True
JNEG:00120656,975:left:604,975,train,left,3,0,competitive,0.0005219928640454941,False,6.95116548728336e-08,False,0.0001244669444970587,False,True
JNEG:00120704,975:left:604,975,train,left,3,0,competitive,4.300877177802725e-06,False,5.912602540458713e-15,False,5.896489380006533e-11,False,True
JNEG:00122972,975:left:604,975,train,left,3,0,competitive,3.8920380207267424e-05,False,2.469566893790366e-09,False,4.612946373334441e-07,False,True
JNEG:00122974,975:left:604,975,train,left,3,0,competitive,1.1958205437472033e-05,False,4.286182270258296e-09,False,2.279119514367266e-07,False,True
JNEG:00122998,975:left:604,975,train,left,3,0,competitive,7.856452086269205e-06,False,4.818222144596893e-09,False,4.7369441967572635e-07,False,True
JNEG:00124505,975:left:604,975,train,left,3,0,competitive,1.1767278418961716e-05,False,9.7458656992207e-12,False,4.5584864982442214e-10,False,True
JNEG:00124486,975:left:604,975,train,left,3,0,competitive,0.012079260752656243,False,2.402478267841288e-10,False,1.7879602091203429e-06,False,True
JNEG:00124454,975:left:604,975,train,left,3,0,competitive,0.0010886530256260414,False,1.925021291112087e-11,False,1.3075175063131366e-07,False,True
JNEG:00124677,976:left:62,976,train,left,3,0,competitive,0.00014468977852047255,False,0.006733387618804156,False,0.00017756722799763152,False,True
JNEG:00124701,976:left:62,976,train,left,3,0,competitive,0.0006924793266716994,False,0.0871140744304378,False,0.002847715084289354,False,True
JNEG:00124749,976:left:62,976,train,left,3,0,competitive,7.471550353402558e-05,False,0.6442892235308926,False,4.002257739336754e-05,False,True
JNEG:00124679,976:left:62,976,train,left,3,0,competitive,0.0001855381165249063,False,0.000977661174292005,False,7.370014018798747e-05,False,True
JNEG:00124678,976:left:62,976,train,left,3,0,competitive,3.197161322061345e-05,False,0.006733387618804156,False,4.356494902986556e-06,False,True
JNEG:00124727,976:left:62,976,train,left,3,0,competitive,3.097322179749642e-05,False,0.018817077358427536,False,1.6087033600658503e-06,False,True
JNEG:00124725,976:left:62,976,train,left,3,0,competitive,8.571897706328914e-05,False,0.004497773778474398,False,1.2407478970262189e-06,False,True
JNEG:00124703,976:left:62,976,train,left,3,0,competitive,8.10046923117986e-05,False,0.0004824865820174771,False,7.230371416696847e-07,False,True
JNEG:00124729,976:left:62,976,train,left,3,0,competitive,2.4842240982551612e-05,False,0.0006319417563963482,False,1.820440103125275e-07,False,True
JNEG:00124680,976:left:62,976,train,left,3,0,competitive,2.5373504680606915e-05,False,0.000977661174292005,False,8.29264730220222e-07,False,True
JNEG:00124681,976:left:62,976,train,left,3,0,competitive,0.00013677225441391445,False,0.0001939339843418511,False,5.173588115117944e-05,False,True
JNEG:00124731,976:left:62,976,train,left,3,0,competitive,9.820484724104626e-06,False,0.002665358602455513,False,3.6984221686752747e-07,False,True
JNEG:00125087,976:left:62,976,train,left,3,0,competitive,0.0002850333841634596,False,1.9912580358220355e-05,False,1.002580330516549e-05,False,True
JNEG:00125089,976:left:62,976,train,left,3,0,competitive,0.00010486303880996594,False,2.553337229342616e-06,False,5.837671978828272e-06,False,True
JNEG:00125131,976:left:62,976,train,left,3,0,competitive,0.00030339160668542555,False,0.0015276757446640544,False,0.0010826517883861851,False,True
JNEG:00125383,976:left:62,976,train,left,3,0,competitive,0.10108301276573106,False,0.1991199057155217,False,0.003565355033860741,False,True
JNEG:00125109,976:left:62,976,train,left,3,0,competitive,7.230756027997557e-05,False,1.9912580358220355e-05,False,2.5561424821119353e-07,False,True
JNEG:00125445,976:left:62,976,train,left,3,0,competitive,0.03208466934704146,False,0.34070673346755753,False,0.0026274853237471894,False,True
JNEG:00125672,976:left:168,976,train,left,3,0,competitive,6.385860850062785e-05,False,0.006620515760045441,False,0.00013198522935498863,False,False
JNEG:00125686,976:left:168,976,train,left,3,0,competitive,1.9795695016722745e-05,False,2.12322853187268e-05,False,3.229683338884125e-06,False,False
JNEG:00125648,976:left:168,976,train,left,3,0,competitive,3.134949997951605e-05,False,0.2927711390028269,False,4.901981027287964e-05,False,False
JNEG:00125696,976:left:168,976,train,left,3,0,competitive,1.3625721246087725e-05,False,0.0003515019224355809,False,2.6093430805451175e-06,False,False
JNEG:00125658,976:left:168,976,train,left,3,0,competitive,6.255095856114899e-06,False,1.3733121258868962e-05,False,1.8799228496291528e-08,False,False
JNEG:00125684,976:left:168,976,train,left,3,0,competitive,1.1891036451571318e-06,False,2.1371232228699665e-05,False,2.1366177883095418e-07,False,False
JNEG:00125670,976:left:168,976,train,left,3,0,competitive,1.8526503665712284e-06,False,0.4223234267714787,False,4.219165944642941e-05,False,False
JNEG:00125706,976:left:168,976,train,left,3,0,competitive,1.1670287574679413e-06,False,3.413871517603836e-05,False,4.6364702022301397e-07,False,False
JNEG:00125646,976:left:168,976,train,left,3,0,competitive,1.10677920214828e-06,False,0.2514029283119068,False,3.601356957113199e-05,False,False
JNEG:00125656,976:left:168,976,train,left,3,0,competitive,1.710221956276437e-07,False,3.8780987710722616e-05,False,8.85374201969789e-08,False,False
JNEG:00125694,976:left:168,976,train,left,3,0,competitive,2.1058300870085507e-07,False,0.4569441621607235,False,4.458550457159533e-06,False,False
JNEG:00125704,976:left:168,976,train,left,3,0,competitive,7.795061966655347e-08,False,2.62162185021615e-05,False,4.6828198686663145e-08,False,False
JNEG:00126042,976:left:168,976,train,left,3,0,competitive,0.0038167224203080256,False,0.054693273060979083,False,0.0003978566208596295,False,False
JNEG:00126014,976:left:168,976,train,left,3,0,competitive,4.918754793736777e-05,False,0.0019339500417961202,False,3.1130626247817677e-07,False,False
JNEG:00126000,976:left:168,976,train,left,3,0,competitive,0.003982116623321055,False,0.9931829275004603,True,0.021122632385582846,False,False
JNEG:00126126,976:left:168,976,train,left,3,0,competitive,1.206758063108919e-05,False,6.077978865836367e-06,False,3.40945746203296e-08,False,False
JNEG:00126040,976:left:168,976,train,left,3,0,competitive,9.416683875031702e-06,False,5.556172294846109e-05,False,1.2230528477342396e-07,False,False
JNEG:00126586,976:left:168,976,train,left,3,0,competitive,2.0382687368050014e-05,False,1.410762765747251e-05,False,8.297127405523259e-07,False,False
JNEG:00126696,976:left:421,976,train,left,3,0,competitive,1.3185822371585853e-10,False,2.5600326925070902e-08,False,2.4696837593972523e-10,False,False
JNEG:00126695,976:left:421,976,train,left,3,0,competitive,1.2185689196175977e-10,False,2.5600326925070902e-08,False,2.1216891530056205e-10,False,False
JNEG:00126697,976:left:421,976,train,left,3,0,competitive,2.8766350488404956e-10,False,4.9983014630027364e-08,False,1.8205045971713631e-09,False,False
JNEG:00126698,976:left:421,976,train,left,3,0,competitive,1.0808022397593477e-10,False,4.9983014630027364e-08,False,3.18117611100171e-10,False,False
JNEG:00126672,976:left:421,976,train,left,3,0,competitive,1.9011834760416657e-12,False,1.209997395347025e-15,False,4.7597762176092537e-17,False,False
JNEG:00126674,976:left:421,976,train,left,3,0,competitive,1.2209877512306553e-12,False,2.014256495554876e-13,False,1.407044009248318e-15,False,False
JNEG:00126675,976:left:421,976,train,left,3,0,competitive,9.821697856923435e-13,False,5.1750670924556495e-15,False,6.512961860166704e-16,False,False
JNEG:00126684,976:left:421,976,train,left,3,0,competitive,8.628411226572942e-12,False,2.763205550394826e-08,False,6.109700878724481e-12,False,False
JNEG:00126699,976:left:421,976,train,left,3,0,competitive,1.123387989298649e-10,False,9.746105062043853e-08,False,3.407690554190949e-09,False,False
JNEG:00126700,976:left:421,976,train,left,3,0,competitive,2.9819024566853554e-11,False,9.746105062043853e-08,False,4.108257383555183e-10,False,False
JNEG:00126673,976:left:421,976,train,left,3,0,competitive,9.32570217338676e-13,False,2.014256495554876e-13,False,1.242794257290197e-15,False,False
JNEG:00126676,976:left:421,976,train,left,3,0,competitive,7.686920571815632e-13,False,5.1750670924556495e-15,False,5.819238211483388e-16,False,False
JNEG:00126847,976:left:421,976,train,left,3,0,competitive,1.1496700507174452e-12,False,1.3277597102056724e-12,False,4.645385650185305e-15,False,False
JNEG:00126830,976:left:421,976,train,left,3,0,competitive,3.489288094884258e-12,False,1.8469477636645026e-08,False,6.803814258011261e-13,False,False
JNEG:00126839,976:left:421,976,train,left,3,0,competitive,7.944599367252294e-13,False,1.3277597102056724e-12,False,1.8632027599012033e-15,False,False
JNEG:00126829,976:left:421,976,train,left,3,0,competitive,9.010962960052574e-13,False,1.8469477636645026e-08,False,2.6446785005695416e-14,False,False
JNEG:00126831,976:left:421,976,train,left,3,0,competitive,1.9912823225103347e-12,False,1.3349234083083598e-10,False,1.3462977554895288e-13,False,False
JNEG:00126820,976:left:421,976,train,left,3,0,competitive,5.760987937414892e-13,False,1.8469477636645026e-08,False,1.5198160932456083e-14,False,False
JNEG:00126958,979:left:159,979,train,left,3,0,competitive,0.6140641681366411,False,0.0467077920208914,False,0.0019928652967752853,False,True
JNEG:00126976,979:left:159,979,train,left,3,0,competitive,0.2999550859420578,False,0.127222537258433,False,0.03409575530882246,False,True
JNEG:00127008,979:left:159,979,train,left,3,0,competitive,0.24180274242407748,False,0.27387107592846244,False,0.038888394068215565,False,True
JNEG:00127040,979:left:159,979,train,left,3,0,competitive,0.19836073640526342,False,0.10336221500211384,False,0.023986803790411976,False,True
JNEG:00126992,979:left:159,979,train,left,3,0,competitive,0.16040593106859938,False,0.1501596571622081,False,0.0016663595425453054,False,True
JNEG:00127024,979:left:159,979,train,left,3,0,competitive,0.12077875468280784,False,0.03896131716925319,False,0.0001965726044234862,False,True
JNEG:00126956,979:left:159,979,train,left,3,0,competitive,0.01104141884973201,False,7.544429221312077e-05,False,4.185476028177061e-06,False,True
JNEG:00126974,979:left:159,979,train,left,3,0,competitive,0.003667531171615511,False,0.008217414587288112,False,0.0001468836561159982,False,True
JNEG:00127038,979:left:159,979,train,left,3,0,competitive,0.001321660684903828,False,0.008321661272725576,False,4.1750883396851186e-05,False,True
JNEG:00127006,979:left:159,979,train,left,3,0,competitive,0.0006502490146544754,False,0.03607084755768441,False,0.00014024724251334873,False,True
JNEG:00127022,979:left:159,979,train,left,3,0,competitive,0.0007760309068645837,False,0.0003972209206660516,False,3.4634257464240045e-06,False,True
JNEG:00126990,979:left:159,979,train,left,3,0,competitive,0.00020000330602818153,False,0.0001881111256027672,False,3.8467587530729343e-07,False,True
JNEG:00127620,979:left:159,979,train,left,3,0,competitive,0.8689109444049464,True,0.001835138567465359,False,0.002415252119545424,False,True
JNEG:00127800,979:left:159,979,train,left,3,0,competitive,0.06207402477076481,False,0.20384512186903683,False,0.0016076027812123262,False,True
JNEG:00128340,979:left:159,979,train,left,3,0,competitive,0.2817459114295272,False,0.0035484809814872805,False,0.00018352670989268396,False,True
JNEG:00128852,979:left:159,979,train,left,3,0,competitive,0.17118273130926398,False,0.002611388953396278,False,0.0001661171931297942,False,True
JNEG:00127618,979:left:159,979,train,left,3,0,competitive,0.04213684937813777,False,0.0007693591671311877,False,3.2400578037666053e-05,False,True
JNEG:00127560,979:left:159,979,train,left,3,0,competitive,0.023674069279663295,False,2.5160918957553638e-05,False,1.6239012300617456e-06,False,True
JNEG:00128967,979:left:192,979,train,left,3,0,competitive,2.3773506039887946e-14,False,5.206327975648914e-06,False,6.627472689952167e-12,False,False
JNEG:00128965,979:left:192,979,train,left,3,0,competitive,1.0666292528973137e-14,False,5.206327975648914e-06,False,2.5194960178873365e-12,False,False
JNEG:00128968,979:left:192,979,train,left,3,0,competitive,1.0901409628969688e-14,False,5.206327975648914e-06,False,3.2344297603221314e-12,False,False
JNEG:00128966,979:left:192,979,train,left,3,0,competitive,4.891059143134381e-15,False,5.206327975648914e-06,False,1.2295988655834972e-12,False,False
JNEG:00129005,979:left:285,979,train,left,3,0,competitive,2.0762484243426836e-17,False,8.874361981350535e-07,False,9.897172568632568e-17,False,False
JNEG:00128994,979:left:285,979,train,left,3,0,competitive,1.0805343389431314e-16,False,1.4844947345845643e-07,False,3.246761736853479e-14,False,False
JNEG:00128990,979:left:285,979,train,left,3,0,competitive,6.436196235167822e-19,False,3.518762963253393e-07,False,2.4938732139577566e-16,False,False
JNEG:00129003,979:left:285,979,train,left,3,0,competitive,4.950987761657789e-16,False,5.608922373594113e-08,False,2.7886063334292605e-12,False,False
JNEG:00128977,979:left:285,979,train,left,3,0,competitive,2.504105279949919e-17,False,5.844158853941414e-08,False,6.945530082082086e-14,False,False
JNEG:00128987,979:left:285,979,train,left,3,0,competitive,7.161382374872547e-18,False,1.5527781347125561e-09,False,3.28328770653026e-17,False,False
JNEG:00129001,979:left:285,979,train,left,3,0,competitive,4.4374819582673515e-15,False,3.247817097649993e-07,False,3.936805001879965e-10,False,False
JNEG:00128992,979:left:285,979,train,left,3,0,competitive,1.5150228800245126e-17,False,2.918048104479336e-07,False,7.390921033219693e-13,False,False
JNEG:00129000,979:left:285,979,train,left,3,0,competitive,8.268348685318879e-15,False,5.874563941470798e-06,False,2.3259821054022886e-09,False,False
JNEG:00128999,979:left:285,979,train,left,3,0,competitive,8.257671271097185e-15,False,5.874563941470798e-06,False,2.6210523123382612e-09,False,False
JNEG:00128975,979:left:285,979,train,left,3,0,competitive,9.246784156739789e-17,False,9.994739520973794e-07,False,1.8478311823082555e-12,False,False
JNEG:00128998,979:left:285,979,train,left,3,0,competitive,4.921327436780217e-15,False,1.8846208525248332e-06,False,2.1100271521135485e-09,False,False
JNEG:00129149,979:left:285,979,train,left,3,0,competitive,1.7138869214388438e-12,False,4.274638354859055e-07,False,1.206645260383111e-10,False,False
JNEG:00129144,979:left:285,979,train,left,3,0,competitive,5.626256613316336e-13,False,1.4224963918127931e-11,False,1.314928938369432e-13,False,False
JNEG:00129142,979:left:285,979,train,left,3,0,competitive,3.4387265812754716e-13,False,8.190409639780129e-10,False,1.7006073152019691e-12,False,False
JNEG:00129151,979:left:285,979,train,left,3,0,competitive,4.202377186604065e-13,False,1.3030479275896787e-10,False,4.36306035353937e-13,False,False
JNEG:00129140,979:left:285,979,train,left,3,0,competitive,2.986370823021269e-13,False,3.736968910869545e-11,False,1.4518682978011419e-12,False,False
JNEG:00129146,979:left:285,979,train,left,3,0,competitive,1.7915948147797436e-13,False,3.591637732845367e-11,False,4.4714865861148926e-14,False,False
JNEG:00129427,979:left:533,979,train,left,3,0,competitive,2.034939466883471e-12,False,4.192287154235842e-09,False,4.592723728216794e-13,False,False
JNEG:00129425,979:left:533,979,train,left,3,0,competitive,1.0243970582649589e-11,False,1.8268195518759635e-09,False,2.1478355544284157e-12,False,False
JNEG:00129431,979:left:533,979,train,left,3,0,competitive,2.1654250103706885e-14,False,3.045572999832784e-10,False,1.4186253015310877e-15,False,False
JNEG:00129423,979:left:533,979,train,left,3,0,competitive,1.3948951031125273e-11,False,9.572839328130104e-10,False,3.262874806671685e-12,False,False
JNEG:00129461,979:left:533,979,train,left,3,0,competitive,9.671976825665353e-13,False,1.099547562165084e-07,False,6.334721625919117e-13,False,False
JNEG:00129424,979:left:533,979,train,left,3,0,competitive,1.3798520388445294e-11,False,9.572839328130104e-10,False,3.657141132173774e-12,False,False
JNEG:00129422,979:left:533,979,train,left,3,0,competitive,3.916268293027094e-12,False,1.0395553734086615e-09,False,1.7168773400436393e-12,False,False
JNEG:00129458,979:left:533,979,train,left,3,0,competitive,5.665362418498841e-12,False,1.1867206100529445e-07,False,3.7336084048272734e-11,False,False
JNEG:00129465,979:left:533,979,train,left,3,0,competitive,1.539326658429893e-14,False,1.834776967993591e-08,False,2.0199727675674037e-15,False,False
JNEG:00129459,979:left:533,979,train,left,3,0,competitive,3.687330231063989e-12,False,9.127050763946597e-08,False,7.700940683210232e-12,False,False
JNEG:00129489,979:left:533,979,train,left,3,0,competitive,2.3962019347011485e-12,False,6.219818615708911e-11,False,1.1576223914860389e-13,False,False
JNEG:00129429,979:left:533,979,train,left,3,0,competitive,1.0288454090710051e-12,False,4.237651934915503e-09,False,2.296549285389602e-13,False,False
JNEG:00129889,979:left:533,979,train,left,3,0,competitive,4.353896242149609e-12,False,6.411086542579637e-05,False,9.372553935433892e-09,False,False
JNEG:00129857,979:left:533,979,train,left,3,0,competitive,7.855827746876834e-12,False,1.0515647499755344e-05,False,2.250065223177476e-08,False,False
JNEG:00129747,979:left:533,979,train,left,3,0,competitive,1.1751452619503587e-12,False,3.00491347520533e-06,False,4.686356845917635e-10,False,False
JNEG:00129859,979:left:533,979,train,left,3,0,competitive,1.9689013873066564e-12,False,2.1248611939652993e-05,False,4.097381569928624e-09,False,False
JNEG:00129749,979:left:533,979,train,left,3,0,competitive,3.163447013606366e-13,False,9.007412377944125e-06,False,9.08168831962145e-11,False,False
JNEG:00129785,979:left:533,979,train,left,3,0,competitive,1.6083294576876797e-12,False,1.7728410640737316e-05,False,4.2348153115767624e-10,False,False
JNEG:00130842,979:left:736,979,train,left,3,0,competitive,8.306453167406619e-19,False,1.118367281932521e-16,False,3.2366326675562647e-19,False,False
JNEG:00130841,979:left:736,979,train,left,3,0,competitive,2.2295974194080534e-18,False,1.118367281932521e-16,False,2.7661618688724706e-16,False,False
JNEG:00130844,979:left:736,979,train,left,3,0,competitive,7.011406541919247e-19,False,9.590328645988998e-07,False,3.7356246166363597e-13,False,False
JNEG:00130846,979:left:736,979,train,left,3,0,competitive,9.837631251762419e-19,False,5.35789018281454e-10,False,8.936478826573086e-16,False,False
JNEG:00130845,979:left:736,979,train,left,3,0,competitive,1.0481149073557408e-18,False,5.35789018281454e-10,False,1.5940375643610089e-15,False,False
JNEG:00130843,979:left:736,979,train,left,3,0,competitive,9.520269373429742e-19,False,9.590328645988998e-07,False,3.4569382885280173e-12,False,False
JNEG:00130886,979:left:736,979,train,left,3,0,competitive,1.6103032610313177e-16,False,1.3035989291710744e-09,False,2.5510287075256765e-16,False,False
JNEG:00130870,979:left:736,979,train,left,3,0,competitive,1.2059242082037398e-13,False,0.0014651108809626931,False,7.525115016004457e-12,False,False
JNEG:00130922,979:left:736,979,train,left,3,0,competitive,6.266165389388689e-17,False,4.485531069244425e-08,False,6.400271048868709e-15,False,False
JNEG:00130912,979:left:736,979,train,left,3,0,competitive,6.176202927615502e-16,False,9.408927428898846e-12,False,4.492083956466526e-15,False,False
JNEG:00130914,979:left:736,979,train,left,3,0,competitive,2.8042061618959423e-16,False,1.452364639466913e-09,False,2.9867433849020174e-14,False,False
JNEG:00130921,979:left:736,979,train,left,3,0,competitive,4.176833627505452e-17,False,4.485531069244425e-08,False,9.195357723149616e-15,False,False
JNEG:00131061,979:left:823,979,train,left,3,0,competitive,0.9863888910494211,True,0.28745801857180636,False,0.337323832721012,True,True
JNEG:00131005,979:left:823,979,train,left,3,0,competitive,0.8842128388482944,True,0.46006644422660387,False,0.29276548374642286,True,True
JNEG:00131063,979:left:823,979,train,left,3,0,competitive,0.7452330599399166,False,0.025458506814935604,False,0.012127006619444436,False,True
JNEG:00131060,979:left:823,979,train,left,3,0,competitive,0.7925354024083541,True,0.9882473840762517,True,0.7244001143572057,True,True
JNEG:00131033,979:left:823,979,train,left,3,0,competitive,0.9470240839085646,True,0.27762321721392724,False,0.4605341490322092,True,True
JNEG:00131032,979:left:823,979,train,left,3,0,competitive,0.8162998095248504,True,0.3913304065211123,False,0.38913512651238685,True,True
JNEG:00131007,979:left:823,979,train,left,3,0,competitive,0.29720211183240297,False,0.0595506586191158,False,0.010487276972913802,False,True
JNEG:00131035,979:left:823,979,train,left,3,0,competitive,0.34444806092894426,False,0.024204508406229504,False,0.0046093907281142205,False,True
JNEG:00131058,979:left:823,979,train,left,3,0,competitive,0.03909394114621226,False,0.894912812862324,False,0.1474354399490136,False,True
JNEG:00131065,979:left:823,979,train,left,3,0,competitive,0.06410951271746854,False,0.0008653901960096338,False,0.00012277763585666278,False,True
JNEG:00131030,979:left:823,979,train,left,3,0,competitive,0.09139598218373901,False,0.11899535824380526,False,0.017810076451521672,False,True
JNEG:00131004,979:left:823,979,train,left,3,0,competitive,0.18317248800043218,False,0.7238416024815363,False,0.0012974228131614775,False,True
JNEG:00131637,979:left:823,979,train,left,3,0,competitive,0.8374739921380013,True,0.01530687487884704,False,0.03848762073826825,False,True
JNEG:00132005,979:left:823,979,train,left,3,0,competitive,0.8921570663868971,True,0.7048122214165474,False,0.5590041188621644,True,True
JNEG:00131267,979:left:823,979,train,left,3,0,competitive,0.804176337332284,True,0.5733743506718773,False,0.6090696384443061,True,True
JNEG:00132007,979:left:823,979,train,left,3,0,competitive,0.5845520431309129,False,0.0670629457568669,False,0.04354006594702802,False,True
JNEG:00132025,979:left:823,979,train,left,3,0,competitive,0.7704906659207609,True,0.004836528464000673,False,0.0065464609670063045,False,True
JNEG:00131619,979:left:823,979,train,left,3,0,competitive,0.2722282665054744,False,0.20895144107317726,False,0.005799045342982904,False,True
JNEG:00132231,982:left:1,982,train,left,3,0,competitive,1.868879014425999e-11,False,3.764660713815123e-12,False,8.061217328864739e-14,False,False
JNEG:00132245,982:left:1,982,train,left,3,0,competitive,2.7527420059439365e-10,False,3.222484694717505e-11,False,2.1921657666064633e-09,False,False
JNEG:00132242,982:left:1,982,train,left,3,0,competitive,7.211716907619044e-11,False,5.484913448159988e-08,False,2.532326932858277e-09,False,False
JNEG:00132246,982:left:1,982,train,left,3,0,competitive,1.5522341707370452e-10,False,3.222484694717505e-11,False,7.551459013678057e-10,False,False
JNEG:00132212,982:left:1,982,train,left,3,0,competitive,4.9160900422671054e-11,False,0.00021256931450115547,False,2.2679391448646486e-09,False,False
JNEG:00132229,982:left:1,982,train,left,3,0,competitive,1.7412568929283376e-12,False,3.479396445500122e-12,False,1.0017828715968156e-14,False,False
JNEG:00132248,982:left:1,982,train,left,3,0,competitive,1.8131731623695367e-10,False,3.429170497592187e-07,False,1.575409376549344e-08,False,False
JNEG:00132244,982:left:1,982,train,left,3,0,competitive,1.2071856062369012e-10,False,5.242614568493829e-09,False,5.867741559762577e-09,False,False
JNEG:00132247,982:left:1,982,train,left,3,0,competitive,1.7320311818388407e-10,False,3.429170497592187e-07,False,1.5114832536368595e-08,False,False
JNEG:00132215,982:left:1,982,train,left,3,0,competitive,1.1191782978099235e-09,False,1.978787903194304e-07,False,1.8337704556768157e-08,False,False
JNEG:00132227,982:left:1,982,train,left,3,0,competitive,5.679337286887e-13,False,9.22779033517036e-12,False,9.323494999146822e-15,False,False
JNEG:00132232,982:left:1,982,train,left,3,0,competitive,1.464583938458674e-11,False,3.764660713815123e-12,False,2.8060153209736163e-13,False,False
JNEG:00132742,982:left:1,982,train,left,3,0,competitive,1.1520969287451828e-10,False,6.572797272697387e-07,False,1.554514525548804e-11,False,False
JNEG:00132745,982:left:1,982,train,left,3,0,competitive,9.506664204216885e-11,False,6.572797272697387e-07,False,6.004423502912978e-12,False,False
JNEG:00132732,982:left:1,982,train,left,3,0,competitive,2.8372540483834956e-11,False,2.6760935160421885e-06,False,1.175189456081589e-11,False,False
JNEG:00132750,982:left:1,982,train,left,3,0,competitive,6.982911699393416e-11,False,2.9022954853300888e-08,False,1.4140046421731313e-11,False,False
JNEG:00132751,982:left:1,982,train,left,3,0,competitive,5.738614478256274e-11,False,2.9022954853300888e-08,False,5.501476728836456e-12,False,False
JNEG:00132731,982:left:1,982,train,left,3,0,competitive,1.9372658408509854e-10,False,2.6760935160421885e-06,False,5.674625745462547e-10,False,False
JNEG:00132821,982:left:145,982,train,left,3,0,competitive,0.9624484410605224,True,0.5948379403965531,False,0.6504730597788423,True,True
JNEG:00132835,982:left:145,982,train,left,3,0,competitive,0.772830480377633,True,0.7282610417483117,False,0.6860331548335608,True,True
JNEG:00132801,982:left:145,982,train,left,3,0,competitive,0.5591104940692917,False,0.3459880493485969,False,0.3719519364725046,True,True
JNEG:00132767,982:left:145,982,train,left,3,0,competitive,0.6182007427342141,False,0.09453664264303734,False,0.13664946347142848,False,True
JNEG:00132753,982:left:145,982,train,left,3,0,competitive,0.4890445338460871,False,0.5454060592134661,False,0.24345735366071142,True,True
JNEG:00132787,982:left:145,982,train,left,3,0,competitive,0.3506457367229846,False,0.7917189964250042,False,0.2664278902497874,True,True
JNEG:00132823,982:left:145,982,train,left,3,0,competitive,0.19735539507149027,False,0.03934494857636874,False,0.03702220780220216,False,True
JNEG:00132837,982:left:145,982,train,left,3,0,competitive,0.060347701082966075,False,0.08999930848256879,False,0.009553373473278077,False,True
JNEG:00132803,982:left:145,982,train,left,3,0,competitive,0.020146350663325947,False,0.03991597120951971,False,0.0041568612954233815,False,True
JNEG:00132789,982:left:145,982,train,left,3,0,competitive,0.012492975235615027,False,0.006419730289565825,False,0.013464454800147194,False,True
JNEG:00132769,982:left:145,982,train,left,3,0,competitive,0.02533478484998148,False,0.006315153084514352,False,0.0007258223295315381,False,True
JNEG:00132755,982:left:145,982,train,left,3,0,competitive,0.008391414280545746,False,0.05264589715517069,False,0.012933745560504946,False,True
JNEG:00134039,982:left:145,982,train,left,3,0,competitive,0.9738955788015038,True,0.5173483083855862,False,0.8467314614627256,True,True
JNEG:00134475,982:left:145,982,train,left,3,0,competitive,0.7626498577691534,True,0.19955957292838414,False,0.30125593938816625,True,True
JNEG:00134041,982:left:145,982,train,left,3,0,competitive,0.6258782393805534,False,0.12409734728996151,False,0.09125906682037574,False,True
JNEG:00133379,982:left:145,982,train,left,3,0,competitive,0.787578454607516,True,0.01606498094143981,False,0.06214257770894566,False,True
JNEG:00132871,982:left:145,982,train,left,3,0,competitive,0.5421231124326407,False,0.04113090876396989,False,0.08365104597318725,False,True
JNEG:00134113,982:left:145,982,train,left,3,0,competitive,0.2675479542168955,False,0.10305373182297321,False,0.06708466928184408,False,True
JNEG:00134750,982:left:164,982,train,left,3,0,competitive,0.8398838495998251,True,0.005571757369653696,False,0.020727649888117424,False,True
JNEG:00134683,982:left:164,982,train,left,3,0,competitive,0.7011906248648848,False,0.08624524375127991,False,0.2027597485499896,True,True
JNEG:00134751,982:left:164,982,train,left,3,0,competitive,0.3727678337814907,False,0.0006380351960931503,False,0.0053300473611327,False,True
JNEG:00134682,982:left:164,982,train,left,3,0,competitive,0.5696660920110953,False,0.15001353094178366,False,0.07947271727656613,False,True
JNEG:00134748,982:left:164,982,train,left,3,0,competitive,0.06041726787829535,False,0.0009028141031897119,False,6.273303443819857e-05,False,True
JNEG:00134715,982:left:164,982,train,left,3,0,competitive,0.22148366295602603,False,0.013304574235316306,False,0.0016666878449219861,False,True
JNEG:00134685,982:left:164,982,train,left,3,0,competitive,0.055877948837237255,False,0.2939479636488129,False,0.02266949295847603,False,True
JNEG:00134714,982:left:164,982,train,left,3,0,competitive,0.07608853904282824,False,0.3053088737577219,False,0.001373252904197281,False,True
JNEG:00134746,982:left:164,982,train,left,3,0,competitive,0.004452306904215412,False,0.1052963042023968,False,0.0008240720532145639,False,True
JNEG:00134680,982:left:164,982,train,left,3,0,competitive,0.025782035462267018,False,0.029300956621281623,False,0.0007921683444453453,False,True
JNEG:00134753,982:left:164,982,train,left,3,0,competitive,0.00901689801047245,False,0.015610144707309618,False,0.000293347983751127,False,True
JNEG:00134719,982:left:164,982,train,left,3,0,competitive,0.0018511811026807581,False,0.00297191354031015,False,2.2602719495493727e-05,False,True
JNEG:00135031,982:left:164,982,train,left,3,0,competitive,0.4480265004484873,False,0.3289527896691038,False,0.15672661103321817,False,True
JNEG:00135531,982:left:164,982,train,left,3,0,competitive,0.13827061893330297,False,0.5895382794121578,False,0.03389666729045961,False,True
JNEG:00135047,982:left:164,982,train,left,3,0,competitive,0.09446857317934504,False,0.9460865213167495,True,0.40060508714101545,True,True
JNEG:00135033,982:left:164,982,train,left,3,0,competitive,0.21342208501364868,False,0.7146215372155019,False,0.35770618646147573,True,True
JNEG:00136009,982:left:164,982,train,left,3,0,competitive,0.020381745300077962,False,0.22908616641000357,False,0.007138408426716363,False,True
JNEG:00134998,982:left:164,982,train,left,3,0,competitive,0.14194270072605614,False,0.9728200270224193,True,0.5586270977844291,True,True
JNEG:00136172,983:left:66,983,train,left,3,0,competitive,0.7209815381447507,False,0.004644875073393782,False,0.009800496313973627,False,True
JNEG:00136134,983:left:66,983,train,left,3,0,competitive,0.13353986378293098,False,0.01681107670190388,False,0.005947513131590317,False,True
JNEG:00136192,983:left:66,983,train,left,3,0,competitive,0.27948835980252396,False,0.13582485703101785,False,0.08129334040946756,False,True
JNEG:00136208,983:left:66,983,train,left,3,0,competitive,0.09027320995391476,False,0.2982281232938161,False,0.021520952129273994,False,True
JNEG:00136152,983:left:66,983,train,left,3,0,competitive,0.11971680789614345,False,0.5998678177510478,False,0.15023173063179826,False,True
JNEG:00136226,983:left:66,983,train,left,3,0,competitive,0.11135829976417394,False,0.9299089595634058,True,0.5400803854251433,True,True
JNEG:00136170,983:left:66,983,train,left,3,0,competitive,0.0629874533991101,False,0.0011021741655008622,False,0.00027525636548639525,False,True
JNEG:00136132,983:left:66,983,train,left,3,0,competitive,0.004978251196059433,False,0.0037140215186672485,False,0.0002625362790141267,False,True
JNEG:00136206,983:left:66,983,train,left,3,0,competitive,0.0015537416127517415,False,0.09163855425737079,False,0.00043433106957406736,False,True
JNEG:00136190,983:left:66,983,train,left,3,0,competitive,0.0008017956962804517,False,4.68450268771999e-13,False,5.192311817989989e-11,False,True
JNEG:00136171,983:left:66,983,train,left,3,0,competitive,0.25646137669647573,False,0.004644875073393782,False,0.00014932734711385094,False,True
JNEG:00136224,983:left:66,983,train,left,3,0,competitive,0.0002185618763112939,False,2.432024275283377e-06,False,1.425707058131554e-07,False,True
JNEG:00138150,983:left:66,983,train,left,3,0,competitive,0.7597634574239137,True,0.011154139991446004,False,0.011229262257268842,False,True
JNEG:00138370,983:left:66,983,train,left,3,0,competitive,0.026528746673865414,False,0.009291363673077854,False,1.4159257134179285e-05,False,True
JNEG:00136806,983:left:66,983,train,left,3,0,competitive,0.24654743654300074,False,4.3354850702375296e-05,False,0.0004894086499148131,False,True
JNEG:00137386,983:left:66,983,train,left,3,0,competitive,0.06274835314760026,False,0.32893585161526795,False,0.009236203362387847,False,True
JNEG:00138084,983:left:66,983,train,left,3,0,competitive,0.1560896202174017,False,0.0006227439044689276,False,3.1642080834071797e-05,False,True
JNEG:00138148,983:left:66,983,train,left,3,0,competitive,0.010588975145542271,False,8.595765644794186e-07,False,4.046530307928707e-07,False,True
JNEG:00138385,983:left:220,983,train,left,3,0,competitive,3.4614838523488676e-06,False,1.0906146592293606e-08,False,1.0622415598349061e-08,False,False
JNEG:00138435,983:left:220,983,train,left,3,0,competitive,1.6070806157701352e-06,False,5.014488707600468e-13,False,3.397536788313381e-11,False,False
JNEG:00138423,983:left:220,983,train,left,3,0,competitive,9.749553850914298e-07,False,2.02278013657115e-15,False,3.942327865683087e-12,False,False
JNEG:00138371,983:left:220,983,train,left,3,0,competitive,4.816688739771328e-07,False,2.2465611239019505e-05,False,1.4951847083872172e-06,False,False
JNEG:00138387,983:left:220,983,train,left,3,0,competitive,1.0649896629397437e-07,False,4.387410466338517e-10,False,1.9881057264837622e-09,False,False
JNEG:00138411,983:left:220,983,train,left,3,0,competitive,2.729166681620879e-06,False,2.7555466178694956e-10,False,1.6098660448494773e-07,False,False
JNEG:00138399,983:left:220,983,train,left,3,0,competitive,8.068211181182803e-07,False,9.693773606661625e-14,False,6.307390680982249e-10,False,False
JNEG:00138437,983:left:220,983,train,left,3,0,competitive,5.7471664391780775e-08,False,5.641881570412366e-13,False,2.27879720002659e-13,False,False
JNEG:00138425,983:left:220,983,train,left,3,0,competitive,2.8466227866392568e-08,False,3.5133360607546984e-20,False,1.858808233203894e-15,False,False
JNEG:00138373,983:left:220,983,train,left,3,0,competitive,1.8068786012888502e-08,False,1.6435236071734037e-06,False,4.620015083117256e-09,False,False
JNEG:00138413,983:left:220,983,train,left,3,0,competitive,5.219471527044373e-08,False,9.82981349574937e-13,False,3.141182931905872e-11,False,False
JNEG:00138412,983:left:220,983,train,left,3,0,competitive,4.806359370628843e-07,False,2.7555466178694956e-10,False,1.3152647679609198e-08,False,False
JNEG:00138825,983:left:220,983,train,left,3,0,competitive,0.010322549950213032,False,0.1920159720884863,False,0.05358546408701625,False,False
JNEG:00138827,983:left:220,983,train,left,3,0,competitive,4.843108730022228e-05,False,0.014282515489256435,False,0.0002599120680987139,False,False
JNEG:00138883,983:left:220,983,train,left,3,0,competitive,0.00040740443314183256,False,0.00021824173250128853,False,0.00029172542699950786,False,False
JNEG:00139179,983:left:220,983,train,left,3,0,competitive,5.1949303615773765e-05,False,0.6608952819735692,False,0.0010115246379726705,False,False
JNEG:00138885,983:left:220,983,train,left,3,0,competitive,5.006846977481506e-05,False,0.0011477628101944064,False,7.066487400476758e-05,False,False
JNEG:00138811,983:left:220,983,train,left,3,0,competitive,0.0005770362675918193,False,0.5991521709468838,False,0.0629270519916708,False,False
JNEG:00139609,983:left:267,983,train,left,3,0,competitive,0.9496859231374528,True,0.0014783520473527455,False,0.038856130278365285,False,True
JNEG:00139573,983:left:267,983,train,left,3,0,competitive,0.889693156393151,True,0.006124579019988359,False,0.030903098613697052,False,True
JNEG:00139645,983:left:267,983,train,left,3,0,competitive,0.8799969245758938,True,0.0973546135200348,False,0.16032594608321038,False,True
JNEG:00139555,983:left:267,983,train,left,3,0,competitive,0.7947527748442861,True,0.037727823719745916,False,0.08210640903804342,False,True
JNEG:00139593,983:left:267,983,train,left,3,0,competitive,0.6539263424688446,False,0.04852324060912661,False,0.04648501634190362,False,True
JNEG:00139557,983:left:267,983,train,left,3,0,competitive,0.11207188354400119,False,0.2591712110080848,False,0.018516709492074866,False,True
JNEG:00139629,983:left:267,983,train,left,3,0,competitive,0.228400005149428,False,0.6907157351578003,False,0.10111824427717607,False,True
JNEG:00139611,983:left:267,983,train,left,3,0,competitive,0.2472497463901177,False,0.045929382406671986,False,0.013314955161006156,False,True
JNEG:00139575,983:left:267,983,train,left,3,0,competitive,0.1171207262736818,False,0.0007112641398912618,False,6.903225192385913e-05,False,True
JNEG:00139647,983:left:267,983,train,left,3,0,competitive,0.12738799420549415,False,0.03367161322119809,False,0.00021314206326651837,False,True
JNEG:00139631,983:left:267,983,train,left,3,0,competitive,0.022589581429151306,False,0.46830607033931815,False,0.012429606151915032,False,True
JNEG:00139595,983:left:267,983,train,left,3,0,competitive,0.03536476769718459,False,0.19629985773598882,False,0.004975972556300095,False,True
JNEG:00139681,983:left:267,983,train,left,3,0,competitive,0.9139899178368995,True,0.039083845781406994,False,0.0794897325837605,False,True
JNEG:00140001,983:left:267,983,train,left,3,0,competitive,0.5716540842370891,False,0.32921018738727625,False,0.04103719416907684,False,True
JNEG:00140747,983:left:267,983,train,left,3,0,competitive,0.4577528103821972,False,0.18273586800352332,False,0.15949248099431634,False,True
JNEG:00139683,983:left:267,983,train,left,3,0,competitive,0.6322500507527844,False,0.4460488997159754,False,0.1787701801315534,False,True
JNEG:00139747,983:left:267,983,train,left,3,0,competitive,0.25577642728116656,False,0.2630684658228835,False,0.018167293858266015,False,True
JNEG:00139665,983:left:267,983,train,left,3,0,competitive,0.2646815064801304,False,0.23278352237111755,False,0.02326320118373823,False,True
JNEG:00141303,983:left:326,983,train,left,3,0,competitive,2.551194675403304e-06,False,1.1620179195459436e-14,False,3.531625225251019e-11,False,False
JNEG:00141305,983:left:326,983,train,left,3,0,competitive,1.5579096200473103e-06,False,0.08773014612013057,False,1.2547594745205536e-06,False,False
JNEG:00141339,983:left:326,983,train,left,3,0,competitive,4.821487818855345e-07,False,0.0050369999361471315,False,0.0001029996293392097,False,False
JNEG:00141269,983:left:326,983,train,left,3,0,competitive,7.619145451358276e-06,False,1.3854388523767332e-06,False,0.0002917296644582265,False,False
JNEG:00141341,983:left:326,983,train,left,3,0,competitive,1.219135181985874e-07,False,0.9908494614053232,True,0.0008669271167796266,False,False
JNEG:00141271,983:left:326,983,train,left,3,0,competitive,1.0352556599003262e-06,False,0.002516312757045737,False,7.964171142619098e-05,False,False
JNEG:00141270,983:left:326,983,train,left,3,0,competitive,1.232809945605804e-06,False,1.3854388523767332e-06,False,9.413885044037562e-06,False,False
JNEG:00141307,983:left:326,983,train,left,3,0,competitive,3.554760958721756e-08,False,1.1177621787518185e-08,False,1.3647613756147474e-09,False,False
JNEG:00141302,983:left:326,983,train,left,3,0,competitive,2.0911860527936115e-08,False,9.854928814380016e-15,False,7.800415129583062e-13,False,False
JNEG:00141304,983:left:326,983,train,left,3,0,competitive,1.4508356719798433e-06,False,1.1620179195459436e-14,False,4.81778791925148e-11,False,False
JNEG:00141272,983:left:326,983,train,left,3,0,competitive,1.8216959374263664e-07,False,0.002516312757045737,False,5.909879079275657e-06,False,False
JNEG:00141338,983:left:326,983,train,left,3,0,competitive,7.4124803405293905e-09,False,5.057177750372487e-16,False,4.682236297626555e-14,False,False
JNEG:00142973,983:left:326,983,train,left,3,0,competitive,0.000809968785115594,False,0.06794773632426265,False,0.0006420394348817619,False,False
JNEG:00143005,983:left:326,983,train,left,3,0,competitive,1.3311612328069261e-05,False,0.00016346125652709882,False,2.5910289715096283e-07,False,False
JNEG:00142975,983:left:326,983,train,left,3,0,competitive,2.2226754870370642e-05,False,2.2905680030407205e-09,False,1.5492468450280324e-09,False,False
JNEG:00142955,983:left:326,983,train,left,3,0,competitive,0.0007574483262821025,False,4.905426469260969e-05,False,1.3148935018915584e-05,False,False
JNEG:00142957,983:left:326,983,train,left,3,0,competitive,0.00025820996621493913,False,0.0251365642880112,False,7.604289310852571e-05,False,False
JNEG:00142919,983:left:326,983,train,left,3,0,competitive,8.529244886162605e-05,False,7.827592436030173e-07,False,1.4762969529373225e-06,False,False