{
  "variant": "baseline",
  "dataset": "cifar10",
  "epochs": 20,
  "batch_size": 128,
  "num_parameters": 299338,
  "best_val_accuracy": 78.66,
  "test_loss": 0.6150320268630981,
  "test_accuracy": 78.87,
  "seconds_per_train_epoch_mean": 17.12773806003388,
  "seconds_per_forward_batch": 0.004771139984950423
}