{
  "variant": "az_sota",
  "dataset": "drive",
  "task": "segmentation",
  "epochs": 1,
  "batch_size": 1,
  "num_parameters": 3294656,
  "test_loss": 2.5237967729568482,
  "seconds_per_train_epoch_mean": 5.004917500074953,
  "seconds_per_forward_batch": 0.016250300221145153,
  "regularization_weights": {
    "membership_entropy": 0.0005,
    "membership_smoothness": 0.0005,
    "geometry_smoothness": 0.0005,
    "hyperbolicity_penalty": 0.001
  },
  "bce_pos_weight": 7.024928913300719,
  "best_val_dice": 0.0015182186235632822,
  "test_bce_loss": 1.2597737252712249,
  "test_dice_loss": 0.80085768699646,
  "test_dice": 0.0012297024517979637,
  "test_iou": 0.000615229500519867,
  "test_precision": 0.01440832653733566,
  "test_recall": 0.0006422585341790491,
  "test_specificity": 0.9935922134965992,
  "test_accuracy": 0.8672020692164176,
  "test_balanced_accuracy": 0.49711723601538915,
  "final_anisotropy_gap": 0.0002563893795013428
}